9.425644278526306152e-01,1.142739728093147278e-01,1.632651686668395996e-02,4.567036812659353018e-04,-2.650292590260505676e-04,-6.440231110900640488e-03
2.356008440256118774e-01,-4.563189148902893066e-01,1.665436625480651855e-01,2.340938197448849678e-03,1.522275502793490887e-03,-3.119871544186025858e-04
-2.518134415149688721e-01,-4.266385734081268311e-01,-1.436756849288940430e-01,8.236619760282337666e-04,1.310138148255646229e-03,2.202792325988411903e-03
-5.245071649551391602e-01,7.273272275924682617e-01,-1.542723327875137329e-01,8.780626230873167515e-04,-8.592028170824050903e-04,-1.543574966490268707e-03
8.482882380485534668e-01,-4.272329509258270264e-01,9.985416196286678314e-03,2.285887487232685089e-03,4.381480161100625992e-03,-1.769402413628995419e-03
-5.452689528465270996e-01,7.688261270523071289e-01,-6.055232137441635132e-02,1.412097830325365067e-03,-4.193952918285503983e-05,-3.409306984394788742e-03
-7.409003973007202148e-01,2.615520032122731209e-03,2.466308474540710449e-01,1.553911250084638596e-03,-1.106687122955918312e-03,2.583708555903285742e-04
3.928798139095306396e-01,2.745223939418792725e-01,1.174148842692375183e-01,-3.433529520407319069e-03,-1.635809428989887238e-03,-7.051849737763404846e-03
6.857308149337768555e-01,-6.223891973495483398e-01,-1.067471802234649658e-01,-1.177801634185016155e-03,-1.665482181124389172e-03,5.235088174231350422e-04
-5.904000401496887207e-01,6.924355030059814453e-01,1.356983929872512817e-01,-1.633219071663916111e-04,1.523887505754828453e-03,-1.958207692950963974e-03
-4.344867542386054993e-03,-8.662223219871520996e-01,1.867257803678512573e-01,-5.812187213450670242e-03,-3.381017828360199928e-03,-3.035877598449587822e-03
5.156771540641784668e-01,-2.409641593694686890e-01,-2.130514383316040039e-01,-1.773882977431640029e-04,1.874206354841589928e-03,5.857853684574365616e-04
1.337764561176300049e-01,9.394797086715698242e-01,2.281839586794376373e-02,2.529358491301536560e-03,-1.590082247275859118e-04,-2.172782085835933685e-03
-6.701624393463134766e-01,3.900848031044006348e-01,2.383507490158081055e-01,3.706102957949042320e-03,4.172690096311271191e-04,9.471505181863903999e-04
-7.712944149971008301e-01,1.863494664430618286e-01,2.318625301122665405e-01,2.279420383274555206e-03,1.021774485707283020e-03,7.966029224917292595e-04
6.068881750106811523e-01,-6.960545182228088379e-01,-1.120674386620521545e-01,-2.987134968861937523e-03,-3.063526935875415802e-03,6.899671861901879311e-04
1.678860783576965332e-01,-8.482065200805664062e-01,1.881129741668701172e-01,-2.570731565356254578e-03,-4.378579091280698776e-03,-3.322864649817347527e-03
5.038006305694580078e-01,3.537471294403076172e-01,-2.353191524744033813e-01,-3.840607358142733574e-03,-2.076961100101470947e-03,1.555568655021488667e-03
-6.823457032442092896e-02,7.677904963493347168e-01,-2.397603392601013184e-01,-1.651958591537550092e-04,-4.006178583949804306e-03,-1.174315926618874073e-03
-8.851293474435806274e-02,-7.630909681320190430e-01,-2.405156344175338745e-01,-2.532627899199724197e-03,1.660126843489706516e-03,-3.849023487418889999e-04
-7.275232076644897461e-01,-5.718520879745483398e-01,-1.082106232643127441e-01,2.126932376995682716e-03,2.911983174271881580e-04,-3.857414238154888153e-03
-5.471269488334655762e-01,-3.826661109924316406e-01,-2.479005306959152222e-01,8.007362484931945801e-03,2.659664896782487631e-04,8.756663883104920387e-04
-6.186076998710632324e-01,-5.702091455459594727e-01,2.062269300222396851e-01,-3.296302165836095810e-03,-5.737540777772665024e-03,-4.325557500123977661e-03
-6.515190601348876953e-01,-1.199039369821548462e-01,-2.471655160188674927e-01,8.614190854132175446e-03,-1.894264249131083488e-03,1.234638388268649578e-03
4.134835302829742432e-01,-1.859141439199447632e-01,-4.083271697163581848e-02,5.579884236794896424e-05,2.618347352836281061e-04,3.411743382457643747e-04
-4.690220579504966736e-02,4.525461494922637939e-01,-4.960216954350471497e-02,3.729255404323339462e-03,1.001911878120154142e-04,1.406815368682146072e-03
-9.264249801635742188e-01,-6.244219839572906494e-02,1.013678014278411865e-01,-2.442020690068602562e-03,-2.682048128917813301e-03,-5.899528972804546356e-03
7.388736605644226074e-01,-5.957921743392944336e-01,2.048963494598865509e-02,2.023404464125633240e-03,2.365134889259934425e-03,-1.100662513636052608e-03
4.772979021072387695e-02,4.538294076919555664e-01,5.591168254613876343e-02,4.341590218245983124e-03,-9.200079948641359806e-04,-2.008446957916021347e-03
2.211200296878814697e-01,-3.968979418277740479e-01,-4.636447504162788391e-02,6.772009190171957016e-03,4.126369487494230270e-03,1.636433531530201435e-03
-2.344292551279067993e-01,-6.452770233154296875e-01,2.496374845504760742e-01,7.253785734064877033e-04,-3.663920215331017971e-04,5.212096311879577115e-06
6.685813069343566895e-01,4.204902648925781250e-01,2.333080768585205078e-01,5.154444370418787003e-03,-2.362704370170831680e-03,-1.195494201965630054e-03
-7.066237926483154297e-01,-5.086435675621032715e-01,1.826958507299423218e-01,-3.554675960913300514e-03,-4.867209121584892273e-03,-5.350830499082803726e-03
-4.711637794971466064e-01,-2.071721712127327919e-03,-1.006780788302421570e-01,2.429547719657421112e-03,2.393224043771624565e-03,5.545993801206350327e-03
2.907360494136810303e-01,6.840940117835998535e-01,2.462196350097656250e-01,3.137727966532111168e-03,-4.838131368160247803e-03,5.673703853972256184e-04
-1.794233918190002441e-01,-9.104365706443786621e-01,1.026631295680999756e-01,-6.047975271940231323e-03,-6.184573867358267307e-04,-3.943767864257097244e-03
5.131615400314331055e-01,-7.164347171783447266e-01,-1.721800714731216431e-01,-3.135490231215953827e-03,-2.678162185475230217e-03,3.699745575431734324e-04
-5.750389099121093750e-01,4.309470951557159424e-01,-2.493071556091308594e-01,5.018014460802078247e-03,-6.116807460784912109e-03,-5.732473800890147686e-04
-2.998707592487335205e-01,3.372049927711486816e-01,2.500338107347488403e-02,7.630818290635943413e-04,4.749584477394819260e-04,-1.513872994109988213e-03
-7.267524003982543945e-01,5.370473861694335938e-01,1.450014263391494751e-01,1.487888366682454944e-04,2.228778786957263947e-03,-1.692294608801603317e-03
-9.031552076339721680e-02,8.780164122581481934e-01,1.707022339105606079e-01,3.619426861405372620e-04,2.320045372471213341e-03,-2.429762389510869980e-03
-3.791579902172088623e-01,2.771442234516143799e-01,-9.715031087398529053e-02,2.135151531547307968e-03,-1.286569400690495968e-03,5.887339357286691666e-03
-7.440594434738159180e-01,4.437885880470275879e-01,1.866163462400436401e-01,1.741072628647089005e-03,2.970665693283081055e-03,-2.354856587771791965e-05
-4.848850965499877930e-01,-9.712507575750350952e-02,-1.423960775136947632e-01,2.596045145764946938e-03,-3.173996228724718094e-04,3.583275014534592628e-03
-9.063258767127990723e-01,-1.819139122962951660e-01,-1.101984232664108276e-01,1.585799502208828926e-03,-5.101997521705925465e-04,-2.961635589599609375e-03
3.588359653949737549e-01,3.990367054939270020e-01,1.892534941434860229e-01,-3.355960128828883171e-03,-5.253394600003957748e-03,-5.308447405695915222e-03
-4.946198463439941406e-01,-5.183863043785095215e-01,-2.494548708200454712e-01,4.911570344120264053e-03,4.014368634670972824e-03,-4.163922567386180162e-04
3.814992308616638184e-01,-2.772585749626159668e-01,1.016711816191673279e-01,-5.881892320758197457e-06,2.758307382464408875e-04,-3.749638271983712912e-04
3.047648072242736816e-01,-3.554707467555999756e-01,-9.372035413980484009e-02,3.789125243201851845e-03,4.513703752309083939e-03,2.375086303800344467e-03
8.658557385206222534e-02,9.346581697463989258e-01,-7.444005459547042847e-02,2.543499693274497986e-03,5.432175821624696255e-04,2.486384473741054535e-03
-1.173242628574371338e-01,-7.888706326484680176e-01,2.301836162805557251e-01,-6.220925599336624146e-03,-1.983206486329436302e-03,-1.219119410961866379e-03
-7.191730141639709473e-01,-4.142649173736572266e-01,2.135689556598663330e-01,-4.136171657592058182e-03,-5.638996139168739319e-03,-3.893578425049781799e-03
-2.850895524024963379e-01,4.976004064083099365e-01,-2.156231105327606201e-01,1.662721158936619759e-03,-8.643541485071182251e-03,4.885548260062932968e-03
6.094202399253845215e-01,-7.256315350532531738e-01,3.460108861327171326e-02,8.766851387917995453e-04,4.493092128541320562e-04,-1.572480890899896622e-03
-5.525041222572326660e-01,1.289975345134735107e-01,-2.119139730930328369e-01,8.308105170726776123e-03,-3.084022318944334984e-03,5.502716172486543655e-03
-8.207822442054748535e-01,-5.507523566484451294e-02,2.178586274385452271e-01,-2.332885982468724251e-03,2.371877490077167749e-04,-1.301246928051114082e-03
-8.337400555610656738e-01,3.977392613887786865e-01,-1.115111634135246277e-01,9.588900720700621605e-04,-1.732565346173942089e-03,-3.233439056202769279e-03
-9.117279648780822754e-01,2.644228339195251465e-01,1.871703751385211945e-02,-6.042558234184980392e-04,-9.463586611673235893e-04,-4.218726884573698044e-03
-4.491081833839416504e-01,-8.723387867212295532e-02,6.078358367085456848e-02,-7.027823594398796558e-04,3.053758409805595875e-04,2.520034089684486389e-03
8.234283886849880219e-03,8.291385173797607422e-01,-2.140389680862426758e-01,-1.170832430943846703e-03,1.089752186089754105e-04,5.874946509720757604e-05
-4.156127944588661194e-02,-9.325072169303894043e-01,8.949325233697891235e-02,-5.919492337852716446e-03,-1.280262251384556293e-03,-4.023590125143527985e-03
-4.915584921836853027e-01,-9.823374450206756592e-02,1.516890525817871094e-01,9.819546248763799667e-04,-1.485482673160731792e-03,-8.801125804893672466e-04
6.206166744232177734e-01,3.319135606288909912e-01,2.499711513519287109e-01,1.467367052100598812e-03,-6.068781949579715729e-03,2.382616185059305280e-05
-2.321933060884475708e-01,8.422737717628479004e-01,1.798077970743179321e-01,6.908412324264645576e-04,1.927711884491145611e-03,-1.617832807824015617e-03
-5.489160418510437012e-01,-3.961803317070007324e-01,2.489355653524398804e-01,3.714094171300530434e-03,-6.748072803020477295e-03,8.680074097355827689e-05
9.096712470054626465e-01,-2.416677772998809814e-01,-6.565332412719726562e-02,7.459880434907972813e-04,5.630720406770706177e-03,-2.662922954186797142e-03
3.145468831062316895e-01,-3.545736670494079590e-01,1.068523973226547241e-01,1.387590309605002403e-03,1.444954890757799149e-03,-3.386246098671108484e-04
-5.771952271461486816e-01,6.465376019477844238e-01,-1.863110810518264771e-01,1.059717149473726749e-03,-3.506722161546349525e-03,-2.972000744193792343e-03
-6.573063731193542480e-01,-5.451759696006774902e-01,-1.969582736492156982e-01,1.060939976014196873e-03,5.890752188861370087e-03,-3.578280797228217125e-03
-6.896522045135498047e-01,6.429346203804016113e-01,-5.932109430432319641e-02,7.745599723421037197e-04,-4.597426159307360649e-04,-3.602906130254268646e-03
3.494960069656372070e-02,-5.229760408401489258e-01,-1.776912063360214233e-01,-3.797836252488195896e-04,5.515899509191513062e-03,5.471887998282909393e-03
3.198451399803161621e-01,3.480621278285980225e-01,1.040965914726257324e-01,-6.874036043882369995e-04,-3.016028786078095436e-03,-5.864692386239767075e-03
-4.326739013195037842e-01,-1.801222562789916992e-01,-9.479471296072006226e-02,9.009293280541896820e-04,-6.452767411246895790e-04,1.424515969119966030e-03
2.017249464988708496e-01,9.040385484695434570e-01,-1.063073873519897461e-01,2.229789504781365395e-03,1.136156497523188591e-03,3.393820719793438911e-03
-9.958481788635253906e-02,-6.817741394042968750e-01,2.497582733631134033e-01,-2.958313561975955963e-03,1.120243032346479595e-04,1.393832553731044754e-05
-4.103083014488220215e-01,3.653891682624816895e-01,1.995635479688644409e-01,-1.891878084279596806e-03,-5.787391215562820435e-03,-1.838091411627829075e-03
-2.432726174592971802e-01,4.297317564487457275e-01,-1.413746327161788940e-01,2.027007867582142353e-04,-3.718534717336297035e-03,4.865155089646577835e-03
6.543065905570983887e-01,-4.929179251194000244e-01,-2.197540849447250366e-01,2.652926603332161903e-03,-2.000831882469356060e-04,1.214644638821482658e-03
5.325334668159484863e-01,-7.867064476013183594e-01,5.322659271769225597e-04,-2.151801483705639839e-03,-1.459253602661192417e-03,-1.037198235280811787e-03
-7.979232668876647949e-01,8.375377207994461060e-02,2.281081229448318481e-01,5.705834482796490192e-04,1.072612474672496319e-03,2.042899723164737225e-04
3.442714214324951172e-01,5.932481884956359863e-01,2.496023625135421753e-01,1.319636590778827667e-03,-7.062535267323255539e-03,-3.075327840633690357e-04
-1.784453988075256348e-01,5.869784951210021973e-01,-2.345599085092544556e-01,1.194729702547192574e-03,-9.120069444179534912e-03,3.345864824950695038e-03
4.409131705760955811e-01,-8.384554982185363770e-01,3.651883453130722046e-02,-1.855344744399189949e-03,-1.372287282720208168e-03,-2.377432538196444511e-03
1.772817075252532959e-01,8.135746717453002930e-01,-2.118956148624420166e-01,-1.471414463594555855e-03,4.212066705804318190e-04,6.152756395749747753e-05
-8.191361427307128906e-01,4.103462994098663330e-01,1.255801618099212646e-01,-9.887099731713533401e-04,1.925159827806055546e-03,-3.005963051691651344e-03
9.499843716621398926e-01,5.024660844355821609e-03,1.070117694325745106e-03,1.397769301547668874e-05,2.111835638061165810e-03,-5.874830298125743866e-03
4.295639991760253906e-01,4.653522670269012451e-01,2.409399747848510742e-01,-1.575408154167234898e-03,-7.397837936878204346e-03,-1.800459343940019608e-03
4.899897575378417969e-01,9.086733916774392128e-04,-1.356320381164550781e-01,-8.130431524477899075e-04,-2.478542504832148552e-03,1.266011386178433895e-03
2.431208342313766479e-01,-7.821604609489440918e-01,-2.198210507631301880e-01,-1.290256739594042301e-03,-4.938508500345051289e-04,4.800168244400992990e-05
-2.779098600149154663e-02,5.776501893997192383e-01,2.183886170387268066e-01,2.131656976416707039e-03,-1.171618467196822166e-03,-7.091227453202009201e-04
1.493018716573715210e-01,4.438115954399108887e-01,-9.376991540193557739e-02,4.190784529782831669e-04,-1.225217012688517570e-03,2.539776731282472610e-03
-5.592837929725646973e-01,6.225705146789550781e-01,2.091886252164840698e-01,3.338341135531663895e-03,2.525431336835026741e-03,2.305343514308333397e-04
9.084240347146987915e-02,-5.307830572128295898e-01,1.908349245786666870e-01,1.167438691481947899e-03,-4.980636877007782459e-04,5.821262602694332600e-04
8.142694234848022461e-01,2.450391352176666260e-01,1.997442245483398438e-01,3.670767648145556450e-03,3.414473321754485369e-04,-2.719715470448136330e-03
6.821032166481018066e-01,-9.140963852405548096e-02,2.497214078903198242e-01,-2.419222379103302956e-03,-5.801311694085597992e-03,-7.688526238780468702e-05
3.854470252990722656e-01,-6.684992909431457520e-01,-2.395092993974685669e-01,3.516650525853037834e-03,1.105127375922165811e-04,4.969216533936560154e-04
-3.556554317474365234e-01,-3.936120271682739258e-01,-1.837576478719711304e-01,3.003235906362533569e-03,-7.700906717218458652e-04,1.330237486399710178e-03
-8.862717747688293457e-01,3.170920163393020630e-02,-1.661061197519302368e-01,3.225072054192423820e-03,-4.575606435537338257e-04,-3.643695963546633720e-03
3.043382763862609863e-01,8.980969190597534180e-01,2.943146601319313049e-02,3.593215718865394592e-03,-9.503952460363507271e-04,-2.134968992322683334e-03
1.822315603494644165e-01,-9.100688099861145020e-01,1.022479310631752014e-01,-2.987684914842247963e-03,-2.467506565153598785e-03,-4.089482128620147705e-03
4.159277081489562988e-01,1.900901496410369873e-01,6.000275164842605591e-02,-1.791676622815430164e-03,4.667295143008232117e-04,-5.806350614875555038e-03
1.045367941260337830e-01,6.902057528495788574e-01,2.499926090240478516e-01,3.105583367869257927e-03,-4.711154848337173462e-03,-3.224757529096677899e-05
5.733257532119750977e-01,-7.122153043746948242e-01,1.287380158901214600e-01,4.927450325340032578e-03,1.382092013955116272e-03,-3.351305844262242317e-03
5.660039782524108887e-01,1.208628863096237183e-01,2.186365872621536255e-01,-4.285662434995174408e-03,-2.976201707497239113e-03,-2.668669912964105606e-03
5.931545495986938477e-01,6.177933812141418457e-01,-1.949984580278396606e-01,-5.210190429352223873e-04,-8.519804105162620544e-04,-7.825746433809399605e-04
7.159437537193298340e-01,-3.267331421375274658e-01,2.343828380107879639e-01,2.556786173954606056e-03,-1.663228496909141541e-03,-1.119385357014834881e-03
-6.299342513084411621e-01,1.139670424163341522e-02,2.400108873844146729e-01,3.160215681418776512e-03,-3.074741223827004433e-03,-9.372581262141466141e-04
7.670190185308456421e-02,5.783221721649169922e-01,2.211363166570663452e-01,1.993996324017643929e-03,-2.587741008028388023e-03,-1.214518677443265915e-03
-8.969628810882568359e-01,-7.135870307683944702e-02,-1.502704173326492310e-01,2.337652724236249924e-03,5.454401252791285515e-04,-3.155825193971395493e-03
4.482214748859405518e-01,8.376109600067138672e-01,1.185006462037563324e-03,4.659995436668395996e-03,-2.487856196239590645e-03,-1.078020781278610229e-03
-5.033171772956848145e-01,3.682477176189422607e-01,2.380548268556594849e-01,-4.417378513608127832e-04,-4.841339774429798126e-03,-8.025514543987810612e-04
1.467886269092559814e-01,-7.114028334617614746e-01,2.486033439636230469e-01,-4.076627083122730255e-03,-3.571024630218744278e-03,-2.837940119206905365e-04
7.012873888015747070e-01,3.061736226081848145e-01,-2.413455098867416382e-01,1.378685701638460159e-03,2.128194086253643036e-03,5.714708240702748299e-04
2.522187232971191406e-01,4.233407676219940186e-01,-1.398559510707855225e-01,-2.633705269545316696e-03,-9.844368323683738708e-04,3.250375390052795410e-03
5.028200745582580566e-01,6.741404533386230469e-01,-2.064386606216430664e-01,-8.275569416582584381e-04,-6.410326459445059299e-04,-6.889363867230713367e-04
1.614761203527450562e-01,-9.360941648483276367e-01,6.348732393234968185e-03,-7.044731173664331436e-03,-1.278684474527835846e-03,-2.462116768583655357e-03
-6.602199077606201172e-01,5.004736781120300293e-01,2.144648730754852295e-01,3.411353565752506256e-03,2.438169671222567558e-03,7.461964269168674946e-04
-8.634133338928222656e-01,-3.797241449356079102e-01,-5.780747160315513611e-02,2.899208804592490196e-03,-3.833504160866141319e-03,-4.672828596085309982e-03
2.806411981582641602e-01,-9.070076942443847656e-01,1.683127693831920624e-02,-5.433917511254549026e-03,-1.853134948760271072e-03,-2.432281617075204849e-03
-4.309785738587379456e-02,6.849939823150634766e-01,2.496269941329956055e-01,3.769962349906563759e-03,-2.300235908478498459e-03,-1.384924980811774731e-04
7.173859477043151855e-01,-5.760685801506042480e-01,1.186450645327568054e-01,4.981882404536008835e-03,4.190882667899131775e-03,-2.337810117751359940e-03
6.464390158653259277e-01,2.353398501873016357e-01,2.497091889381408691e-01,1.584626152180135250e-04,-6.512722000479698181e-03,-1.003683646558783948e-04
5.233371257781982422e-01,3.591863512992858887e-01,2.413323670625686646e-01,-2.486918121576309204e-03,-6.934286095201969147e-03,-1.615535467863082886e-03
3.398654162883758545e-01,-8.675061464309692383e-01,9.387488663196563721e-02,-3.858624259009957314e-04,-1.816195552237331867e-03,-3.826500847935676575e-03
-6.136863827705383301e-01,6.955789327621459961e-01,-1.034332588315010071e-01,1.230069668963551521e-03,-4.582844849210232496e-04,-2.546908566728234291e-03
4.472135305404663086e-01,5.734489560127258301e-01,2.485141158103942871e-01,2.735585207119584084e-03,-5.792364478111267090e-03,3.159873012918978930e-04
-8.491288423538208008e-01,4.252612292766571045e-01,1.290408801287412643e-02,-4.889923729933798313e-04,-4.959215293638408184e-04,-4.162707366049289703e-03
6.464740037918090820e-01,6.437044590711593628e-02,2.448815554380416870e-01,-2.565030241385102272e-03,-6.188960280269384384e-03,-6.506129284389317036e-04
7.388796210289001465e-01,1.937800645828247070e-01,-2.417041957378387451e-01,2.894713776186108589e-03,2.704433631151914597e-03,9.211609722115099430e-04
4.020894765853881836e-01,6.777472496032714844e-01,2.339825034141540527e-01,4.648734349757432938e-03,-2.430097898468375206e-03,-1.061085131368599832e-04
-4.294102787971496582e-01,7.455802559852600098e-01,-1.917623132467269897e-01,5.265344516374170780e-04,-1.574362744577229023e-03,-1.360928523354232311e-03
5.587867498397827148e-01,1.077258363366127014e-01,-2.129763066768646240e-01,-1.069820253178477287e-03,-2.204715972766280174e-03,9.023259626701474190e-04
-2.195391058921813965e-01,-7.500839829444885254e-01,2.363245189189910889e-01,-4.179489798843860626e-03,-1.382631249725818634e-03,-8.630521479062736034e-04
-1.813996732234954834e-01,-5.396311283111572266e-01,-2.131165862083435059e-01,-8.195710252039134502e-04,3.381686285138130188e-03,1.805605832487344742e-03
4.433126151561737061e-01,3.177192211151123047e-01,1.964734047651290894e-01,-5.511039402335882187e-03,-4.496033769100904465e-03,-5.585286300629377365e-03
-4.652225375175476074e-01,-7.657225131988525391e-01,-1.552275121212005615e-01,-2.393427304923534393e-03,4.401592072099447250e-03,-3.180129453539848328e-03
-5.587225556373596191e-01,-5.925616621971130371e-01,-2.222728431224822998e-01,1.574107795022428036e-03,7.045299280434846878e-03,-3.194961231201887131e-03
5.813292860984802246e-01,4.190638959407806396e-01,-2.494462877511978149e-01,-7.383126066997647285e-04,5.297274328768253326e-04,-1.927669109136331826e-05
8.261381089687347412e-02,-8.046529293060302734e-01,2.250433713197708130e-01,-5.410979967564344406e-03,-4.334397148340940475e-03,-1.818762975744903088e-03
-4.843504726886749268e-01,-2.141031622886657715e-01,-1.828954815864562988e-01,4.275471437722444534e-03,-3.069373546168208122e-03,2.487677382305264473e-03
4.528761208057403564e-01,-8.859060704708099365e-03,-3.837453946471214294e-02,1.171151743619702756e-04,-1.055414322763681412e-03,-8.866705466061830521e-04
4.453296959400177002e-01,-2.117101848125457764e-01,-1.403178423643112183e-01,-1.335230888798832893e-03,1.178412232547998428e-03,2.524236915633082390e-03
-1.433108896017074585e-01,7.050679922103881836e-01,2.492395043373107910e-01,3.989207558333873749e-03,-4.488211998250335455e-04,9.650520951254293323e-05
-3.416461944580078125e-01,-5.737256407737731934e-01,-2.479104846715927124e-01,1.246981322765350342e-03,2.222885610535740852e-03,3.315031644888222218e-04
-3.368683159351348877e-01,8.228036761283874512e-01,1.635354906320571899e-01,3.252319875173270702e-04,1.669173478148877621e-03,-1.643648254685103893e-03
3.317927420139312744e-01,-5.819444060325622559e-01,-2.481795251369476318e-01,3.382138442248106003e-03,3.060304792597889900e-03,1.193286298075690866e-04
1.123570464551448822e-02,8.703687191009521484e-01,1.828927695751190186e-01,1.105477451346814632e-03,2.547884127125144005e-03,-2.387522486969828606e-03
1.763559579849243164e-01,-8.510589003562927246e-01,-1.840976774692535400e-01,-5.937212612479925156e-03,-7.858641329221427441e-04,-3.998351457994431257e-04
3.775866031646728516e-01,-2.795889079570770264e-01,-9.758301824331283569e-02,1.010949956253170967e-03,2.873945049941539764e-03,2.117572352290153503e-03
-5.330293178558349609e-01,-6.365251541137695312e-01,2.134003639221191406e-01,-2.789128571748733521e-03,-5.280279088765382767e-03,-3.563358448445796967e-03
5.661278963088989258e-02,-9.478057026863098145e-01,1.588300988078117371e-02,-7.118593901395797729e-03,-6.160393240861594677e-04,-2.992485184222459793e-03
6.005759239196777344e-01,-1.377868056297302246e-01,-2.355293333530426025e-01,2.795900451019406319e-03,8.971124771051108837e-04,-8.984241285361349583e-04
-7.762209177017211914e-01,-1.585294902324676514e-01,2.323597222566604614e-01,-2.594162942841649055e-03,-1.937759225256741047e-03,-1.162954606115818024e-03
9.238734245300292969e-01,1.379441171884536743e-01,-8.769368380308151245e-02,-1.987991854548454285e-03,2.713030437007546425e-03,-4.179541021585464478e-03
3.857284188270568848e-01,8.261012434959411621e-01,-1.329491734504699707e-01,2.204769756644964218e-03,3.010523505508899689e-04,1.919841975905001163e-03
2.280160188674926758e-01,3.931640684604644775e-01,-4.721470177173614502e-02,2.319114748388528824e-03,-1.319355214945971966e-03,-1.152311742771416903e-04
-1.246322095394134521e-01,6.074486374855041504e-01,2.368889749050140381e-01,2.579298801720142365e-03,-4.971613525412976742e-04,-3.391066275071352720e-04
3.656409680843353271e-01,2.623823285102844238e-01,4.583199508488178253e-03,7.640519179403781891e-04,-1.197906327433884144e-03,-4.234259016811847687e-03
7.719767093658447266e-01,-3.654071390628814697e-01,-1.968657970428466797e-01,2.714984584599733353e-03,1.272160559892654419e-03,1.494749332778155804e-03
2.005186080932617188e-01,5.488403439521789551e-01,2.216276973485946655e-01,7.393010891973972321e-04,-4.622570239007472992e-03,-2.133788540959358215e-03
4.247403144836425781e-02,-6.882488131523132324e-01,2.497818470001220703e-01,-4.223348572850227356e-03,-1.371510792523622513e-03,4.635055665858089924e-05
6.047589182853698730e-01,7.302149534225463867e-01,-3.053451888263225555e-02,4.948227666318416595e-03,-4.326784051954746246e-03,-1.431293552741408348e-03
-4.356392025947570801e-01,-4.816311895847320557e-01,2.448304742574691772e-01,4.878198262304067612e-03,-5.395965185016393661e-03,1.506926055299118161e-04
1.846819818019866943e-01,-5.889059901237487793e-01,-2.358849793672561646e-01,-2.982906698889564723e-05,5.172036122530698776e-03,1.735736848786473274e-03
5.508743599057197571e-02,4.506630301475524902e-01,-4.463820904493331909e-02,3.638620488345623016e-03,-7.240331033244729042e-04,1.527522457763552666e-03
-7.872886955738067627e-02,-4.534163475036621094e-01,7.068429142236709595e-02,-9.645395912230014801e-04,1.225356973009184003e-04,1.502198283560574055e-04
6.277709007263183594e-01,-5.901683568954467773e-01,-1.907298266887664795e-01,-1.727657800074666739e-04,-1.351602841168642044e-03,6.778342067264020443e-04
4.140996932983398438e-02,-4.661364853382110596e-01,-9.307584911584854126e-02,3.777269972488284111e-03,2.020149957388639450e-03,4.183023236691951752e-03
3.107015788555145264e-01,3.313134312629699707e-01,-4.567099362611770630e-02,1.914591528475284576e-03,-1.341117429547011852e-03,-1.783678773790597916e-03
1.569284796714782715e-01,-5.049000978469848633e-01,-1.821127533912658691e-01,5.345309091353556141e-06,6.390771828591823578e-03,5.738096777349710464e-03
5.814892649650573730e-01,-4.246398806571960449e-01,-2.491959929466247559e-01,6.031385622918605804e-03,1.049099955707788467e-03,3.418486739974468946e-04
5.027104616165161133e-01,-7.798900604248046875e-01,1.028318107128143311e-01,2.928601577877998352e-03,9.092516120290383697e-05,-3.346684854477643967e-03
1.577698737382888794e-01,7.841021418571472168e-01,2.292084991931915283e-01,3.277478273957967758e-03,-5.502655985765159130e-04,-4.662013816414400935e-05
6.096304953098297119e-02,5.688924789428710938e-01,-2.148354500532150269e-01,-4.632792901247739792e-03,-6.296178326010704041e-03,4.019341897219419479e-03
-4.129782319068908691e-01,4.721197187900543213e-01,2.391820996999740601e-01,-6.067641661502420902e-04,-2.335627330467104912e-03,-4.131738387513905764e-04
-7.603940367698669434e-01,3.396689593791961670e-01,2.118046879768371582e-01,2.399180317297577858e-03,2.477007685229182243e-03,7.400959148071706295e-04
6.475271582603454590e-01,5.009338259696960449e-01,-2.200377583503723145e-01,-7.756824488751590252e-04,4.679944831877946854e-04,-1.764505432220175862e-04
6.627603769302368164e-01,1.589338853955268860e-02,-2.472395002841949463e-01,3.642219584435224533e-03,7.688324549235403538e-04,-5.483948625624179840e-04
-6.942341327667236328e-01,5.497518181800842285e-01,-1.675513386726379395e-01,1.417709980159997940e-03,-3.855623072013258934e-03,-3.881419776007533073e-03
-6.914235949516296387e-01,3.306900560855865479e-01,-2.410111874341964722e-01,4.699959885329008102e-03,-5.663837771862745285e-03,-1.842375495471060276e-03
-3.206682205200195312e-01,4.508425295352935791e-01,2.023977637290954590e-01,-1.392394653521478176e-03,-3.578816074877977371e-03,-1.529365312308073044e-03
-4.154018759727478027e-01,1.856951415538787842e-01,-4.983810707926750183e-02,2.248751465231180191e-03,1.785169821232557297e-03,6.510294973850250244e-03
-3.562131822109222412e-01,-8.411675095558166504e-01,-1.300967335700988770e-01,-3.982554655522108078e-03,3.355847671627998352e-03,-2.522448310628533363e-03
-4.459985345602035522e-02,5.021440982818603516e-01,1.553427577018737793e-01,1.684300601482391357e-03,-1.727156108245253563e-03,-2.357209101319313049e-03
-9.002126455307006836e-01,2.095721960067749023e-01,-1.104359105229377747e-01,1.176547841168940067e-03,-1.290118205361068249e-03,-2.921313280239701271e-03
-3.253366649150848389e-01,-7.810220122337341309e-01,2.028859853744506836e-01,-5.291811656206846237e-03,-2.315155230462551117e-03,-3.003728576004505157e-03
5.348561406135559082e-01,7.827194333076477051e-01,3.148979693651199341e-02,5.222986452281475067e-03,-3.073478350415825844e-03,-3.222381463274359703e-03
7.114591002464294434e-01,-2.258592694997787476e-01,2.456470429897308350e-01,-1.133443220169283450e-04,-3.679170738905668259e-03,-1.900736097013577819e-04
-1.125201508402824402e-01,-9.431099295616149902e-01,1.003639865666627884e-02,-6.545180454850196838e-03,6.503525655716657639e-04,-3.226088592782616615e-03
-2.332908213138580322e-01,4.466314017772674561e-01,1.550500541925430298e-01,-1.494912430644035339e-04,-3.435187740251421928e-03,-3.763646353036165237e-03
-2.316676974296569824e-01,-9.208898544311523438e-01,1.443121209740638733e-02,-5.029353313148021698e-03,1.049713115207850933e-03,-3.614691551774740219e-03
6.577916741371154785e-01,-6.549811363220214844e-01,1.019391268491744995e-01,4.437641240656375885e-03,2.896061632782220840e-03,-2.465834375470876694e-03
-8.430613279342651367e-01,-1.774733960628509521e-01,-1.908014863729476929e-01,3.445529378950595856e-03,2.470993436872959137e-03,-3.285483922809362411e-03
5.246345400810241699e-01,2.185484617948532104e-01,-2.125190943479537964e-01,-2.234566956758499146e-03,-2.797018736600875854e-03,1.944323652423918247e-03
8.747817277908325195e-01,2.076738178730010986e-01,-1.511993855237960815e-01,-1.422642613761126995e-03,3.872798522934317589e-03,-6.447288906201720238e-04
-7.499539852142333984e-01,5.806875824928283691e-01,2.745614759624004364e-02,-8.324120426550507545e-04,-2.149550855392590165e-04,-4.765678662806749344e-03
-7.574716210365295410e-01,-1.551606804132461548e-01,-2.390434592962265015e-01,6.526329554617404938e-03,1.045781653374433517e-03,-2.022103872150182724e-03
-4.642409682273864746e-01,-3.361620306968688965e-01,-2.154398560523986816e-01,5.826656240969896317e-03,-2.616616897284984589e-03,1.874819281511008739e-03
4.079663157463073730e-01,-4.604940414428710938e-01,-2.351845055818557739e-01,8.768751285970211029e-04,4.636910278350114822e-03,1.041580457240343094e-03
7.430567145347595215e-01,8.419807255268096924e-02,-2.453854680061340332e-01,4.430465865880250931e-03,2.428335603326559067e-03,9.110328392125666142e-04
3.257472217082977295e-01,4.880070686340332031e-01,2.228718250989913940e-01,-1.483880565501749516e-03,-6.348873954266309738e-03,-3.102181246504187584e-03
6.571622490882873535e-01,-4.161882102489471436e-01,2.375646084547042847e-01,2.873553894460201263e-03,-1.771230832673609257e-03,-1.106320181861519814e-03
-6.533151865005493164e-02,6.672542095184326172e-01,-2.482468485832214355e-01,1.186700683319941163e-04,-8.285610936582088470e-03,9.831265779212117195e-04
-7.993124723434448242e-01,4.942552447319030762e-01,7.074584811925888062e-02,-1.243647187948226929e-03,4.452696302905678749e-04,-4.378809593617916107e-03
4.792543053627014160e-01,7.890932559967041016e-01,-1.125546917319297791e-01,3.197316545993089676e-03,-1.123106223531067371e-03,1.387947122566401958e-03
4.876538813114166260e-01,-5.448662042617797852e-01,2.480427175760269165e-01,2.134088659659028053e-03,-2.373436931520700455e-03,-4.017595783807337284e-04
-7.163139581680297852e-01,-5.913718938827514648e-01,1.005578264594078064e-01,4.095096956007182598e-04,-4.395439289510250092e-03,-5.650650709867477417e-03
-3.426269590854644775e-01,3.977737724781036377e-01,-1.785284429788589478e-01,1.586067141033709049e-03,-6.967030465602874756e-03,6.189338397234678268e-03
7.024583965539932251e-02,6.675295233726501465e-01,-2.483373731374740601e-01,-2.546928124502301216e-03,-6.437418516725301743e-03,7.729528588242828846e-04
4.943532347679138184e-01,-3.765322864055633545e-01,-2.373289763927459717e-01,2.070647431537508965e-03,3.104370087385177612e-03,7.739997818134725094e-05
-5.434035137295722961e-02,-5.018041729927062988e-01,1.561175733804702759e-01,-9.026700863614678383e-04,-1.375693129375576973e-03,1.832179608754813671e-03
-5.024001002311706543e-01,7.093481421470642090e-01,1.840036511421203613e-01,2.010151976719498634e-03,2.117337659001350403e-03,-5.206315545365214348e-04
-5.523228645324707031e-01,-2.955399453639984131e-01,2.389273345470428467e-01,3.007961669936776161e-03,-4.859410692006349564e-03,-1.107171410694718361e-04
2.778974175453186035e-01,8.510720133781433105e-01,-1.560781747102737427e-01,8.537206449545919895e-04,1.433915458619594574e-03,2.037147292867302895e-03
-7.220959663391113281e-01,3.238308709114789963e-03,-2.490209788084030151e-01,6.597212515771389008e-03,-1.656999229453504086e-03,-5.862265825271606445e-04
-4.366151392459869385e-01,-7.495727539062500000e-01,1.856236606836318970e-01,-4.570338409394025803e-03,-2.508254256099462509e-03,-4.030633252114057541e-03
-9.354752302169799805e-01,9.547300287522375584e-04,-8.397141098976135254e-02,9.676801855675876141e-04,-1.310007879510521889e-03,-2.717351773753762245e-03
4.816395044326782227e-01,-7.226226329803466797e-01,1.847522109746932983e-01,5.027396138757467270e-03,-1.724277506582438946e-03,-3.849816275760531425e-03
-5.104373767971992493e-02,4.942256808280944824e-01,-1.457118988037109375e-01,-7.384276250377297401e-04,-3.171598073095083237e-03,4.292549099773168564e-03
4.613837599754333496e-01,-2.005177922546863556e-02,7.596025615930557251e-02,-8.328226394951343536e-04,1.331987907178699970e-03,-2.790275961160659790e-03
-5.274968743324279785e-01,-5.307897925376892090e-01,2.452848702669143677e-01,2.002715365961194038e-03,-6.988921202719211578e-03,-6.985328509472310543e-04
-4.596380516886711121e-02,7.859881520271301270e-01,2.342505007982254028e-01,3.095875028520822525e-03,8.505007281200960279e-05,3.572636705939657986e-05
-3.668036460876464844e-01,5.653210282325744629e-01,2.486331909894943237e-01,1.593420631252229214e-03,2.146438491763547063e-04,-7.215995719889178872e-05
-3.710495829582214355e-01,-2.625302076339721680e-01,-4.738946631550788879e-02,4.906955873593688011e-04,-1.088339718990027905e-03,-1.181176514364778996e-03
2.416440993547439575e-01,-7.529863715171813965e-01,2.329239249229431152e-01,-1.958171371370553970e-03,-5.458999890834093094e-03,-1.793225295841693878e-03
-4.116395711898803711e-01,-1.818782538175582886e-01,3.861609613522887230e-03,1.869246989372186363e-05,-5.140481152920983732e-05,2.380340010859072208e-04
-6.506352424621582031e-01,6.081753373146057129e-01,1.617532670497894287e-01,1.081545371562242508e-03,2.266313880681991577e-03,-8.926569717004895210e-04
-4.458117187023162842e-01,-8.381777256727218628e-02,-4.240512475371360779e-02,3.472538082860410213e-04,2.053891308605670929e-03,4.187796264886856079e-03
4.653123021125793457e-01,-3.381488919258117676e-01,2.166242897510528564e-01,5.529202753677964211e-04,5.536660901270806789e-04,7.016711606411263347e-05
7.458665370941162109e-01,4.808156788349151611e-01,-1.654588580131530762e-01,-6.892167730256915092e-04,-4.916953621432185173e-04,-9.579015895724296570e-04
-3.433584272861480713e-01,-8.846825957298278809e-01,2.258772216737270355e-02,-3.117433516308665276e-03,8.160719298757612705e-04,-4.047159571200609207e-03
-3.142686486244201660e-01,6.792993545532226562e-01,2.452556341886520386e-01,3.733308054506778717e-03,1.603369833901524544e-03,2.220605347247328609e-05
-7.686746716499328613e-01,4.691436886787414551e-01,-1.492890417575836182e-01,1.491592265665531158e-03,-3.291474422439932823e-03,-4.013510420918464661e-03
6.468076705932617188e-01,5.271668434143066406e-01,2.107840776443481445e-01,5.930482875555753708e-03,-7.951875450089573860e-04,-2.611318370327353477e-03
-1.796194538474082947e-02,-8.322969079017639160e-01,-2.120051831007003784e-01,-4.701775498688220978e-03,1.764879678376019001e-03,-1.039291266351938248e-03
5.163523554801940918e-01,-1.119321510195732117e-01,-1.817542314529418945e-01,-1.412595272995531559e-03,-4.588951123878359795e-04,1.212003757245838642e-03
8.774666786193847656e-01,-2.517047524452209473e-01,1.311220973730087280e-01,2.587845548987388611e-03,5.339000374078750610e-03,-1.648300909437239170e-03
-7.279168367385864258e-01,-2.981285452842712402e-01,2.345207929611206055e-01,-3.058448899537324905e-03,-4.921032115817070007e-03,-1.733883167617022991e-03
5.345876812934875488e-01,-2.574796378612518311e-01,2.261162698268890381e-01,-8.068811730481684208e-04,-9.488192736171185970e-04,-1.486641122028231621e-04
1.385213136672973633e-01,-4.632060527801513672e-01,1.249675378203392029e-01,2.717858878895640373e-03,4.787656944245100021e-04,5.544561427086591721e-04
4.604202806949615479e-01,1.995319128036499023e-01,1.523660719394683838e-01,-5.328923463821411133e-03,-1.483083033235743642e-04,-6.437181029468774796e-03
4.283114671707153320e-01,3.092897236347198486e-01,-1.817205101251602173e-01,-2.436267910525202751e-03,-2.335147000849246979e-03,3.157734638080000877e-03
-8.679227828979492188e-01,-2.961337566375732422e-01,1.240492835640907288e-01,-2.141634933650493622e-03,-4.569879267364740372e-03,-6.128598935902118683e-03
-9.391214698553085327e-02,-5.797178149223327637e-01,2.231437563896179199e-01,-6.870295037515461445e-04,-1.804699772037565708e-03,9.554412099532783031e-04
-4.168720245361328125e-01,1.929060518741607666e-01,6.770303100347518921e-02,-9.749252931214869022e-04,-4.061371728312224150e-04,2.538787666708230972e-03
8.377618342638015747e-02,7.679141163825988770e-01,-2.392656207084655762e-01,-1.616147346794605255e-03,-2.571414457634091377e-03,-8.273422135971486568e-04
-1.976938992738723755e-01,-9.028831720352172852e-01,-1.104605048894882202e-01,-6.544065196067094803e-03,2.208797028288245201e-03,-1.538926386274397373e-03
-3.153286874294281006e-01,-3.483061194419860840e-01,-9.760249406099319458e-02,9.625222883187234402e-04,-8.388970745727419853e-04,5.680485992343164980e-05
-7.848755121231079102e-01,-4.759788513183593750e-01,1.225107386708259583e-01,-9.101877803914248943e-04,-5.007045809179544449e-03,-6.002814043313264847e-03
-4.896295368671417236e-01,1.237863898277282715e-01,1.564882844686508179e-01,-5.361681105569005013e-04,-4.116586409509181976e-03,-6.094599375501275063e-04
3.319542407989501953e-01,-4.683279395103454590e-01,2.159506380558013916e-01,1.974695129320025444e-03,1.769317081198096275e-03,-1.758950384100899100e-04
-2.229224741458892822e-01,6.355007886886596680e-01,2.485878467559814453e-01,3.104615025222301483e-03,3.114887513220310211e-04,-7.831846596673130989e-05
-4.968124628067016602e-01,3.680342435836791992e-01,-2.362669408321380615e-01,6.414754781872034073e-03,-7.126914802938699722e-03,3.250116715207695961e-03
-4.835757613182067871e-01,1.048512384295463562e-01,-1.428217440843582153e-01,4.910734482109546661e-03,1.047327805281383917e-05,6.891699042171239853e-03
5.951061844825744629e-01,-2.597782388329505920e-02,2.271912395954132080e-01,-2.701490418985486031e-03,-3.241793252527713776e-03,-1.174433273263275623e-03
1.928196698427200317e-01,-5.447494983673095703e-01,2.181370556354522705e-01,1.488559762947261333e-03,5.123626324348151684e-04,7.668035323149524629e-06
-5.981551408767700195e-01,-7.307748198509216309e-01,5.278974771499633789e-02,1.150160329416394234e-03,-2.376862103119492531e-03,-5.141770001500844955e-03
1.469931006431579590e-02,-5.922092199325561523e-01,2.256555855274200439e-01,-7.617207011207938194e-04,-1.173609634861350060e-03,5.504735163412988186e-04
-6.704959869384765625e-01,4.578988254070281982e-01,-2.235416322946548462e-01,3.558674594387412071e-03,-6.863355636596679688e-03,-3.409670665860176086e-03
4.829501211643218994e-01,1.018302366137504578e-01,-1.410183608531951904e-01,-4.746501508634537458e-05,-3.060468006879091263e-03,9.922946337610483170e-04
-6.385341286659240723e-01,-3.469754159450531006e-01,2.485682964324951172e-01,6.843258743174374104e-04,-6.709548179060220718e-03,-2.796976768877357244e-04
3.214904367923736572e-01,-6.672525405883789062e-01,2.466708272695541382e-01,-1.951452213688753545e-05,-4.491635598242282867e-03,-6.656541372649371624e-04
-4.455991685390472412e-01,9.758936613798141479e-02,5.515641346573829651e-02,-9.863313753157854080e-04,1.036438741721212864e-03,5.239743273705244064e-03
8.600717186927795410e-01,-3.545459508895874023e-01,9.731297194957733154e-02,3.040080191567540169e-03,5.655460990965366364e-03,-1.550588756799697876e-03
-2.370661497116088867e-01,7.541332840919494629e-01,2.330378592014312744e-01,3.409774508327245712e-03,1.587079139426350594e-03,-1.909037528093904257e-04
-6.172773838043212891e-01,7.196030616760253906e-01,3.090654872357845306e-02,-9.400770650245249271e-04,5.459269596030935645e-05,-5.245560314506292343e-03
-2.035667747259140015e-01,-5.501954555511474609e-01,2.228251397609710693e-01,4.297315899748355150e-04,-2.588389208540320396e-03,1.159064820967614651e-03
-7.813158035278320312e-01,-4.816896915435791016e-01,-1.226135194301605225e-01,1.833416172303259373e-03,7.803461048752069473e-04,-3.500727470964193344e-03
6.213234663009643555e-01,-6.021820306777954102e-01,1.875921636819839478e-01,6.343971472233533859e-03,7.928665145300328732e-04,-3.526952117681503296e-03
5.555844306945800781e-01,7.242810130119323730e-01,-1.311630457639694214e-01,2.444072859361767769e-03,-1.711268560029566288e-03,2.105536550516262650e-04
1.411218941211700439e-01,-4.478901624679565430e-01,-9.702727198600769043e-02,5.657522473484277725e-03,3.489996306598186493e-03,3.867059480398893356e-03
2.673293054103851318e-01,7.666453719139099121e-01,-2.235496938228607178e-01,-1.796356518752872944e-03,-3.220800426788628101e-04,-4.483633092604577541e-04
-1.898935139179229736e-01,8.513274192810058594e-01,-1.811914741992950439e-01,-1.226021122420206666e-04,1.447649789042770863e-03,1.368566416203975677e-03
-1.618509143590927124e-01,5.126914978027343750e-01,1.900964975357055664e-01,5.584743339568376541e-04,-1.691450714133679867e-03,-1.521306461654603481e-03
-1.609961986541748047e-01,-4.759269356727600098e-01,1.531740427017211914e-01,-1.683774171397089958e-03,-7.949872524477541447e-04,1.667350414209067822e-03
-4.382523894309997559e-01,-1.937548518180847168e-01,1.171969771385192871e-01,1.215071068145334721e-03,-6.419928977265954018e-04,-1.604839810170233250e-03
5.490466356277465820e-01,5.463551878929138184e-01,2.386201024055480957e-01,4.841525573283433914e-03,-3.308184444904327393e-03,-3.432455996517091990e-04
6.584699749946594238e-01,6.801172494888305664e-01,4.080198705196380615e-02,5.613167770206928253e-03,-4.343017935752868652e-03,-4.740357864648103714e-03
-5.262791514396667480e-01,-7.906669974327087402e-01,9.945021010935306549e-03,8.920394466258585453e-04,-8.249609381891787052e-04,-4.834500607103109360e-03
-2.913422882556915283e-01,-8.931667208671569824e-01,-7.175087928771972656e-02,-4.374960437417030334e-03,2.189493039622902870e-03,-2.419281750917434692e-03
-3.497418463230133057e-01,-4.103079140186309814e-01,1.913741379976272583e-01,9.962263284251093864e-04,-2.468251157552003860e-03,1.035717199556529522e-03
4.462585151195526123e-01,4.856870174407958984e-01,-2.467099130153656006e-01,-4.203859716653823853e-03,-1.304273144342005253e-03,6.234302418306469917e-04
5.263860225677490234e-01,-6.352055072784423828e-01,2.165261805057525635e-01,5.209886934608221054e-03,-2.443413948640227318e-03,-3.004381665959954262e-03
7.952594161033630371e-01,-4.828610122203826904e-01,-9.710142016410827637e-02,9.593385038897395134e-04,1.672380603849887848e-03,-1.137433282565325499e-04
3.503936231136322021e-01,6.870018839836120605e-01,-2.396471351385116577e-01,-2.242924878373742104e-03,-6.931959069333970547e-04,-4.862264904659241438e-04
7.535670995712280273e-01,-3.530329838395118713e-02,-2.440109252929687500e-01,5.652521271258592606e-03,2.184850396588444710e-03,1.235858886502683163e-03
7.446681857109069824e-01,5.897723436355590820e-01,6.022157613188028336e-03,4.717973060905933380e-03,-5.764234811067581177e-03,-4.969099536538124084e-03
-3.159943222999572754e-01,3.723289072513580322e-01,1.330500841140747070e-01,-8.487137965857982635e-04,-4.199855495244264603e-03,-4.220228176563978195e-03
-6.702924370765686035e-01,1.628182530403137207e-01,2.497911751270294189e-01,3.423252608627080917e-03,-3.067862475290894508e-03,-1.656676322454586625e-04
-9.095284938812255859e-01,-1.906933486461639404e-01,9.959738701581954956e-02,-1.867470331490039825e-03,-4.376832861453294754e-03,-6.275768857449293137e-03
5.223564505577087402e-01,6.409973502159118652e-01,2.154088318347930908e-01,5.993162747472524643e-03,-6.519514718092978001e-04,-1.932366867549717426e-03
-4.873992502689361572e-01,5.427651405334472656e-01,2.482548803091049194e-01,2.703715581446886063e-03,5.205892957746982574e-04,1.685619208728894591e-04
7.844328880310058594e-01,-3.875049948692321777e-01,1.786084473133087158e-01,4.795125685632228851e-03,3.779530758038163185e-03,-2.571085002273321152e-03
2.282509347423911095e-03,9.094840884208679199e-01,-1.364375501871109009e-01,9.421840077266097069e-04,2.194613683968782425e-03,3.373241750523447990e-03
-2.285677045583724976e-01,-3.932954370975494385e-01,-4.920222237706184387e-02,-4.867394745815545321e-04,1.001839773380197585e-04,-7.868720567785203457e-04
4.389411509037017822e-01,-1.002399250864982605e-01,1.098479516804218292e-02,-1.606392470421269536e-04,-4.520234651863574982e-04,-1.272594206966459751e-03
-1.520172357559204102e-01,-4.503018856048583984e-01,-1.095270290970802307e-01,-9.382583812111988664e-05,1.655383966863155365e-03,3.156552556902170181e-03
6.527041792869567871e-01,1.359515637159347534e-01,-2.477739900350570679e-01,1.944178249686956406e-03,3.832319343928247690e-04,-2.662031911313533783e-04
-4.407949447631835938e-01,-3.743418753147125244e-01,2.183789014816284180e-01,2.607842441648244858e-03,-4.194139968603849411e-03,4.052354488521814346e-04
4.483182728290557861e-01,8.753492683172225952e-02,5.784457549452781677e-02,-1.406033756211400032e-03,1.618085661903023720e-03,-4.498535767197608948e-03
1.955626010894775391e-01,6.485192775726318359e-01,2.489731162786483765e-01,2.186993602663278580e-03,-6.087408401072025299e-03,-4.724777536466717720e-04
-3.070720732212066650e-01,-4.958482980728149414e-01,2.210544645786285400e-01,1.817377167753875256e-03,-3.655895590782165527e-03,1.136389910243451595e-03
5.107089877128601074e-01,-4.632512480020523071e-02,1.657054722309112549e-01,-1.032097497954964638e-03,9.762731497175991535e-04,-1.260803663171827793e-03
4.133615791797637939e-01,1.887692958116531372e-01,-4.682616516947746277e-02,1.097730128094553947e-03,-1.175887882709503174e-03,-2.675010357052087784e-03
8.075434565544128418e-01,-2.380512058734893799e-01,2.058264315128326416e-01,3.676250576972961426e-03,1.632565050385892391e-03,-2.112787216901779175e-03
-3.777211904525756836e-01,2.930577993392944336e-01,1.151065975427627563e-01,-1.247915672138333321e-03,-3.672497579827904701e-03,-2.439410192891955376e-03
-9.433941543102264404e-02,9.202737212181091309e-01,-1.087728589773178101e-01,1.799147226847708225e-03,1.450925017707049847e-03,2.607234520837664604e-03
2.767037749290466309e-01,-8.562299609184265137e-01,-1.502258330583572388e-01,-7.360550574958324432e-03,-2.538844477385282516e-03,2.027349401032552123e-04
-6.334934830665588379e-01,-6.500293016433715820e-01,1.391979604959487915e-01,-1.865815487690269947e-03,-3.092498285695910454e-03,-5.246760789304971695e-03
-8.205479979515075684e-01,-3.640657961368560791e-01,-1.530347466468811035e-01,1.557026756927371025e-03,2.426401246339082718e-03,-3.109680954366922379e-03
-2.266449034214019775e-01,3.943303525447845459e-01,-4.887188225984573364e-02,1.932359067723155022e-03,8.591760415583848953e-04,1.093740342184901237e-03
-8.541203290224075317e-02,8.590068221092224121e-01,-1.893457919359207153e-01,-5.685958312824368477e-04,1.586089725606143475e-03,1.409225282259285450e-03
-1.434665918350219727e-01,-4.266071915626525879e-01,-6.512880325317382812e-03,-8.857235661707818508e-04,2.771673898678272963e-04,-7.528227870352566242e-04
-3.386793732643127441e-01,8.076782226562500000e-01,-1.777354776859283447e-01,3.232083981856703758e-04,3.820424608420580626e-04,2.248761738883331418e-04
2.223853319883346558e-01,-6.858453750610351562e-01,-2.491165399551391602e-01,3.143242327496409416e-03,2.544035378377884626e-04,6.132339331088587642e-05
-1.314456015825271606e-01,-8.447075486183166504e-01,-1.962502747774124146e-01,-5.782464053481817245e-03,3.233067458495497704e-03,-1.819422584958374500e-03
-6.413409709930419922e-01,1.603043228387832642e-01,-2.469505667686462402e-01,7.040044758468866348e-03,-2.964901039376854897e-03,1.189978211186826229e-03
-4.874218702316284180e-01,6.360166668891906738e-01,-2.285526990890502930e-01,2.388499444350600243e-03,-5.747342482209205627e-03,-2.666100393980741501e-03
-4.445678591728210449e-01,8.103467822074890137e-01,-1.104369759559631348e-01,1.717803766950964928e-03,4.782584146596491337e-04,-8.264411590062081814e-04
-4.046164155006408691e-01,4.657956957817077637e-01,-2.358172982931137085e-01,4.799984395503997803e-03,-8.731539361178874969e-03,3.428322263062000275e-03
3.641016781330108643e-03,-9.334600567817687988e-01,-8.940401673316955566e-02,-8.854093030095100403e-03,1.765904744388535619e-04,-5.513255018740892410e-04
-8.455469012260437012e-01,2.495580762624740601e-01,1.718118935823440552e-01,-7.402067421935498714e-04,2.714292146265506744e-03,-1.562538906000554562e-03
-4.735173285007476807e-01,-2.555333077907562256e-01,1.904669404029846191e-01,2.044730819761753082e-03,-1.992155564948916435e-03,-7.255004602484405041e-04
1.210657432675361633e-01,-6.140598058700561523e-01,2.387599200010299683e-01,-1.011769287288188934e-03,-9.068581275641918182e-04,2.154487301595509052e-04
1.467185765504837036e-01,4.329190850257873535e-01,5.917931720614433289e-02,3.933871630579233170e-03,-1.867709797807037830e-03,-2.077715238556265831e-03
8.659494519233703613e-01,-2.227436453104019165e-01,-1.575130522251129150e-01,1.968773081898689270e-03,4.989743698388338089e-03,8.180032600648701191e-04
-4.144973158836364746e-01,-4.575222432613372803e-01,-2.359465956687927246e-01,4.489510785788297653e-03,3.742500848602503538e-05,1.065444084815680981e-03
-6.768407225608825684e-01,-6.633567214012145996e-01,3.375557065010070801e-02,2.769495826214551926e-03,-3.932091873139142990e-03,-5.682556424289941788e-03
-7.731561660766601562e-01,3.741157948970794678e-01,-1.929931789636611938e-01,3.446637885645031929e-03,-5.620430223643779755e-03,-4.570453893393278122e-03
8.084707856178283691e-01,-4.572786986827850342e-01,1.006774008274078369e-01,3.878082614392042160e-03,5.407955031841993332e-03,-1.620879513211548328e-03
-2.623704671859741211e-01,8.844376802444458008e-01,-1.139244064688682556e-01,1.813259208574891090e-03,1.218504738062620163e-03,1.274541951715946198e-03
-1.008484885096549988e-01,-8.822720050811767578e-01,1.647713333368301392e-01,-6.428805179893970490e-03,-2.287908224388957024e-03,-3.426887094974517822e-03
-4.495399594306945801e-01,2.312845587730407715e-01,1.571254283189773560e-01,-1.339702284894883633e-03,-5.441592074930667877e-03,-1.606609672307968140e-03
5.030269622802734375e-01,6.888174265623092651e-02,1.597775369882583618e-01,-3.368657780811190605e-03,1.617538975551724434e-03,-3.752326592803001404e-03
-5.864904820919036865e-02,5.705460309982299805e-01,-2.156641930341720581e-01,-2.074705203995108604e-03,-7.390552200376987457e-03,4.186100326478481293e-03
8.298236876726150513e-02,-8.173833489418029785e-01,-2.184424847364425659e-01,-3.296486567705869675e-03,5.249720416031777859e-04,-4.760266747325658798e-04
-5.976443290710449219e-01,5.300167798995971680e-01,-2.296447008848190308e-01,3.210892667993903160e-03,-6.746882107108831406e-03,-2.959792502224445343e-03
-6.217381954193115234e-01,7.540119695477187634e-04,-2.374345362186431885e-01,8.474799804389476776e-03,-2.306650392711162567e-03,2.794319065287709236e-03
8.997267484664916992e-01,-4.450467973947525024e-02,-1.488912552595138550e-01,4.019810585305094719e-04,6.376674398779869080e-03,1.166122310678474605e-04
-8.382498025894165039e-01,1.854649186134338379e-01,-1.933152824640274048e-01,4.542505368590354919e-03,-3.434785176068544388e-03,-4.245439078658819199e-03
-4.619135558605194092e-01,8.296521902084350586e-01,1.462271530181169510e-02,-1.078142449841834605e-04,2.978581178467720747e-04,-5.336771719157695770e-03
4.371280670166015625e-01,-4.445868730545043945e-01,2.380043119192123413e-01,9.880308061838150024e-04,9.916856652125716209e-04,-4.637513484340161085e-06
2.377737760543823242e-01,-4.325237870216369629e-01,-1.410228461027145386e-01,2.866711933165788651e-03,5.287716630846261978e-03,4.761255811899900436e-03
8.619581460952758789e-01,1.504004299640655518e-01,1.785541027784347534e-01,2.467188285663723946e-03,1.415525912307202816e-03,-2.620279090479016304e-03
9.124502539634704590e-01,-1.436457782983779907e-01,-1.116407811641693115e-01,2.606025955174118280e-04,6.316752173006534576e-03,-1.452453085221350193e-03
5.395210981369018555e-01,2.193721979856491089e-01,2.206213027238845825e-01,-5.075185094028711319e-03,-4.252840299159288406e-03,-3.359473077580332756e-03
7.678501009941101074e-01,-1.437101066112518311e-01,2.364516258239746094e-01,1.833108253777027130e-03,-2.747926628217101097e-03,-7.921976502984762192e-04
-6.895989179611206055e-01,-1.011214703321456909e-01,2.499816864728927612e-01,1.701138215139508247e-03,-2.659429330378770828e-03,-1.570559834362939000e-05
-3.237241506576538086e-01,8.930828571319580078e-01,5.273124668747186661e-03,7.857004529796540737e-04,3.895238332916051149e-04,-4.666739143431186676e-03
7.985455393791198730e-01,-5.142176151275634766e-01,1.032394357025623322e-02,2.232942730188369751e-03,3.371521830558776855e-03,-1.258684438653290272e-03
8.565155863761901855e-01,3.182356655597686768e-01,1.296986490488052368e-01,3.087373683229088783e-03,-1.175642362795770168e-03,-4.094285424798727036e-03
-5.475832223892211914e-01,-1.941448450088500977e-01,2.198513746261596680e-01,2.489547012373805046e-03,-2.701996359974145889e-03,-7.814586861059069633e-04
-5.231573432683944702e-02,-4.503489732742309570e-01,-4.095537960529327393e-02,1.437350758351385593e-03,1.720179716357961297e-04,2.027677837759256363e-03
-3.278508186340332031e-01,-6.882006525993347168e-01,2.421121597290039062e-01,-6.590507691726088524e-04,-2.260502427816390991e-03,-5.980936111882328987e-04
5.445708334445953369e-02,7.920686602592468262e-01,2.316798418760299683e-01,2.996371127665042877e-03,-3.190244315192103386e-04,4.571593308355659246e-05
-5.824881792068481445e-01,-8.586768805980682373e-02,2.238991707563400269e-01,2.749844919890165329e-03,-2.511814469471573830e-03,-1.169356051832437515e-03
6.956058144569396973e-01,-3.147255778312683105e-01,-2.418032139539718628e-01,5.890622269362211227e-03,6.408893968909978867e-04,1.339840120635926723e-03
-5.572856068611145020e-01,-1.135193556547164917e-01,-2.127632647752761841e-01,7.066430989652872086e-03,-2.614105585962533951e-03,3.950163722038269043e-03
7.185716032981872559e-01,-4.886394143104553223e-01,1.842503547668457031e-01,5.824955645948648453e-03,2.670815447345376015e-03,-3.040062496438622475e-03
3.469054028391838074e-02,-4.767029583454132080e-01,1.148904561996459961e-01,1.066090888343751431e-03,-5.820148508064448833e-04,1.271368819288909435e-03
3.873907625675201416e-01,-5.553416013717651367e-01,2.489497512578964233e-01,1.254543196409940720e-03,-1.148414914496243000e-03,1.526086707599461079e-04
6.156017184257507324e-01,-1.837610304355621338e-01,2.432842999696731567e-01,-2.890166128054261208e-03,-3.546966705471277237e-03,-4.151663451921194792e-04
-5.264648795127868652e-01,-7.332102060317993164e-01,1.464111804962158203e-01,-3.216823097318410873e-03,-1.874643843621015549e-03,-4.704379942268133163e-03
-2.476458251476287842e-01,-8.280652165412902832e-01,-1.884260028600692749e-01,-5.226159468293190002e-03,4.515105392783880234e-03,-2.466273959726095200e-03
-3.016216456890106201e-01,-3.340057134628295898e-01,4.437370691448450089e-03,4.801824979949742556e-05,4.600144893629476428e-05,-3.736043581739068031e-03
8.897461295127868652e-01,-1.481211930513381958e-01,1.473077237606048584e-01,2.070358023047447205e-03,4.479580558836460114e-03,-1.791681279428303242e-03
-4.500385522842407227e-01,4.371078219264745712e-03,5.466420669108629227e-03,-1.149068484664894640e-04,2.747684950008988380e-03,6.473782937973737717e-03
3.332038223743438721e-01,3.628262877464294434e-01,-1.396090686321258545e-01,-1.362896873615682125e-03,-8.882499532774090767e-04,2.341255079954862595e-03
-3.911006748676300049e-01,-6.678870320320129395e-01,-2.388056218624114990e-01,-1.727821218082681298e-04,6.274666637182235718e-03,-1.650181948207318783e-03
-3.157756924629211426e-01,-8.632041811943054199e-01,1.203058883547782898e-01,-5.347848404198884964e-03,-3.659579087980091572e-04,-3.972819074988365173e-03
5.438918471336364746e-01,-4.237319827079772949e-01,2.497780919075012207e-01,-8.387238267459906638e-06,-9.694497566670179367e-04,2.484147444192785770e-05
2.230364829301834106e-01,-6.440423727035522461e-01,2.493196427822113037e-01,-1.363810151815414429e-03,-2.506214426830410957e-03,1.420814951416105032e-04
8.208394646644592285e-01,4.772923886775970459e-01,1.550751551985740662e-02,3.746459027752280235e-03,-5.664890166372060776e-03,-6.294151768088340759e-03
1.743685454130172729e-01,4.943748712539672852e-01,-1.777718514204025269e-01,-5.431699100881814957e-03,-3.026898251846432686e-03,4.608916118741035461e-03
-1.474787592887878418e-01,8.020699620246887207e-01,2.217116653919219971e-01,2.544973744079470634e-03,1.491809496656060219e-03,-5.246541695669293404e-04
7.995266318321228027e-01,2.794812619686126709e-01,-2.022394239902496338e-01,-7.420276233460754156e-07,3.423696383833885193e-03,8.204751065932214260e-04
-6.072011962532997131e-02,-5.651005506515502930e-01,-2.125303894281387329e-01,-1.638797577470541000e-03,4.823725204914808273e-03,2.862385008484125137e-03
2.617743611335754395e-01,7.852764129638671875e-01,2.148898392915725708e-01,3.947524819523096085e-03,7.543372921645641327e-04,-1.167665584944188595e-03
8.267702460289001465e-01,2.767188102006912231e-02,-2.152015566825866699e-01,3.262551967054605484e-03,4.511180333793163300e-03,2.017051680013537407e-03
5.599304288625717163e-02,4.983251988887786865e-01,1.519286334514617920e-01,2.034112345427274704e-03,-1.881364500150084496e-03,-2.146365121006965637e-03
7.000410556793212891e-01,6.095166802406311035e-01,1.020863801240921021e-01,5.765696056187152863e-03,-2.714315429329872131e-03,-5.736169405281543732e-03
-8.305086493492126465e-01,-4.597605466842651367e-01,1.901557110249996185e-02,3.068959806114435196e-03,-6.541977170854806900e-03,-6.337809842079877853e-03
-1.444385796785354614e-01,4.469856321811676025e-01,-9.737449884414672852e-02,1.664086943492293358e-03,-8.159492863342165947e-04,3.045907244086265564e-03
-3.841869831085205078e-01,6.670143604278564453e-01,-2.400741428136825562e-01,2.957892371341586113e-03,-6.265560165047645569e-03,-2.006203401833772659e-03
-2.351941466331481934e-01,-8.364031910896301270e-01,1.843700706958770752e-01,-6.506888195872306824e-03,-1.842892961576581001e-03,-3.237727330997586250e-03
9.272167682647705078e-01,-6.893782317638397217e-02,9.850378334522247314e-02,1.333370688371360302e-03,3.319582901895046234e-03,-2.527605509385466576e-03
-2.518038451671600342e-01,-4.306187629699707031e-01,1.484357863664627075e-01,-8.594087557867169380e-04,4.623369022738188505e-05,5.338271730579435825e-04
6.810943484306335449e-01,5.842305421829223633e-01,-1.534856855869293213e-01,4.806093638762831688e-04,-1.807444379664957523e-03,-1.043973839841783047e-03
-5.679307579994201660e-01,-2.510965764522552490e-01,-2.371774166822433472e-01,8.528931066393852234e-03,-2.499862574040889740e-03,2.262595808133482933e-03
6.363072991371154785e-01,6.714009046554565430e-01,-1.089266464114189148e-01,2.833991311490535736e-03,-3.073313971981406212e-03,-5.809518042951822281e-04
3.613222241401672363e-01,-2.682768404483795166e-01,3.817090066149830818e-03,1.263029291294515133e-03,1.711491262540221214e-03,-4.064127861056476831e-04
5.183525756001472473e-02,-6.114449501037597656e-01,-2.346095293760299683e-01,-1.044030766934156418e-03,4.148855805397033691e-03,1.554236165247857571e-03
8.691480755805969238e-01,3.226319327950477600e-02,1.835375875234603882e-01,2.360385144129395485e-03,2.238272689282894135e-03,-2.258315216749906540e-03
-7.519178390502929688e-01,-3.256636261940002441e-01,-2.196373939514160156e-01,4.356374032795429230e-03,4.354170523583889008e-03,-3.114230232313275337e-03
-5.574164986610412598e-01,-7.353969216346740723e-01,-1.134431362152099609e-01,5.254862480796873569e-05,2.193146618083119392e-03,-3.494661068543791771e-03
-4.262154996395111084e-01,3.108484447002410889e-01,-1.809795945882797241e-01,4.267838783562183380e-03,-6.472831126302480698e-03,6.920917890965938568e-03
5.371148586273193359e-01,5.376384854316711426e-01,-2.427017390727996826e-01,-1.219914993271231651e-03,3.381268179509788752e-04,-1.539231307106092572e-04
-4.338451325893402100e-01,-8.450335264205932617e-01,7.194101344794034958e-03,-1.036887872032821178e-03,3.920971939805895090e-04,-4.333862569183111191e-03
-7.703629732131958008e-01,-5.541288256645202637e-01,2.282107248902320862e-02,3.438128624111413956e-03,-5.750603973865509033e-03,-6.184398662298917770e-03
4.518290758132934570e-01,-2.252580970525741577e-01,1.562790274620056152e-01,2.537856053095310926e-04,-3.013027308043092489e-04,4.514478787314146757e-04
-5.320142507553100586e-01,1.751902629621326923e-03,-1.851533502340316772e-01,6.067756563425064087e-03,-1.131689990870654583e-03,5.508403759449720383e-03
4.163549542427062988e-01,-1.896311044692993164e-01,6.079884618520736694e-02,-3.987280942965298891e-04,-2.587492635939270258e-04,-1.019514282234013081e-03
-6.518005728721618652e-01,-2.298380881547927856e-01,2.498428225517272949e-01,1.435024663805961609e-03,-4.602664150297641754e-03,6.288929398579057306e-06
-3.308237195014953613e-01,5.820322632789611816e-01,-2.481302917003631592e-01,4.482941236346960068e-03,-8.951385505497455597e-03,1.229601446539163589e-03
8.390945792198181152e-01,-7.329537719488143921e-02,2.055568844079971313e-01,3.037703689187765121e-03,1.331972423940896988e-03,-2.014537109062075615e-03
4.453241527080535889e-01,9.186356514692306519e-02,-4.825093597173690796e-02,6.030913209542632103e-04,-1.195462420582771301e-03,-1.774940756149590015e-03
3.439438939094543457e-01,-3.990806937217712402e-01,-1.803230792284011841e-01,-7.535905460827052593e-04,5.358126945793628693e-03,4.369901958853006363e-03
-5.797790884971618652e-01,1.243103817105293274e-01,2.259238511323928833e-01,2.179834991693496704e-03,-4.950715694576501846e-03,-1.501626102253794670e-03
-6.121633052825927734e-01,-6.555666923522949219e-01,-1.539882272481918335e-01,-2.010095777222886682e-04,3.899958217516541481e-03,-3.470146795734763145e-03
-5.307520031929016113e-01,7.756074666976928711e-01,7.060869038105010986e-02,-1.431380514986813068e-03,6.593600264750421047e-04,-4.593765363097190857e-03
-1.565050706267356873e-02,-7.762024998664855957e-01,2.380527406930923462e-01,-6.344347260892391205e-03,-2.537821885198354721e-03,-8.549175690859556198e-04
5.302507281303405762e-01,-1.465761065483093262e-01,2.001024633646011353e-01,-2.992769295815378428e-04,-8.073302451521158218e-04,-5.493960270541720092e-05
-1.603280752897262573e-01,9.163711667060852051e-01,9.729371964931488037e-02,-5.018243682570755482e-04,1.622635987587273121e-03,-3.987964708358049393e-03
2.030521035194396973e-01,9.066429138183593750e-01,1.000600159168243408e-01,2.239563735201954842e-03,1.523239538073539734e-03,-4.524045623838901520e-03
-2.815009355545043945e-01,8.861965537071228027e-01,9.837359935045242310e-02,-9.958818554878234863e-04,1.408536336384713650e-03,-3.840747755020856857e-03
-3.958697319030761719e-01,-3.091749846935272217e-01,1.530144959688186646e-01,1.616018591448664665e-03,-4.955945769324898720e-04,-1.251440728083252907e-03
4.517542719841003418e-01,1.966566592454910278e-01,-1.397417038679122925e-01,4.377420409582555294e-04,-2.689293585717678070e-03,9.969261009246110916e-04
-2.259280532598495483e-01,9.227048158645629883e-01,4.362382460385560989e-03,1.240930054336786270e-03,3.754379577003419399e-04,-3.984428942203521729e-03
3.823423981666564941e-01,2.725607752799987793e-01,-9.691113233566284180e-02,1.297608599998056889e-03,-1.365391770377755165e-03,-6.278762011788785458e-04
8.108733892440795898e-01,4.382292330265045166e-01,1.155075356364250183e-01,4.366680979728698730e-03,-2.505962038412690163e-03,-5.086851771920919418e-03
7.327611446380615234e-01,4.783188104629516602e-01,1.784781366586685181e-01,5.167211871594190598e-03,-5.269898683764040470e-04,-3.961505834013223648e-03
-6.708302497863769531e-01,-6.592563390731811523e-01,-6.809005886316299438e-02,2.968878019601106644e-03,-1.150731113739311695e-03,-4.631231073290109634e-03
2.897031009197235107e-01,-3.446205854415893555e-01,1.030377484858036041e-02,3.941329661756753922e-03,3.309487598016858101e-03,6.987918459344655275e-05
-6.830857992172241211e-01,6.480126976966857910e-01,6.442783027887344360e-02,-1.358918962068855762e-03,3.414813836570829153e-04,-4.577438812702894211e-03
1.576164662837982178e-01,4.809986352920532227e-01,1.578855663537979126e-01,1.426397240720689297e-03,-2.828740747645497322e-03,-2.754859160631895065e-03
8.176082968711853027e-01,4.333780407905578613e-01,-1.082161068916320801e-01,-3.609304258134216070e-04,-2.242747927084565163e-03,-2.851526718586683273e-03
7.420781850814819336e-01,6.071176845580339432e-03,2.464291751384735107e-01,9.145268122665584087e-04,-5.240171682089567184e-03,-1.489193091401830316e-04
6.828300654888153076e-02,9.254534244537353516e-01,1.026161983609199524e-01,9.625711827538907528e-04,1.852113055065274239e-03,-4.260797519236803055e-03
5.632566809654235840e-01,1.831374014727771282e-03,-2.092894762754440308e-01,-4.979605437256395817e-04,-1.301421551033854485e-03,3.281079116277396679e-04
4.307625889778137207e-01,-3.132235705852508545e-01,-1.856827288866043091e-01,-1.463649445213377476e-03,3.424085211008787155e-03,2.882612403482198715e-03
-8.719884157180786133e-01,3.303908705711364746e-01,9.193642437458038330e-02,-1.572866691276431084e-03,7.505022222176194191e-04,-4.391738213598728180e-03
-8.734979629516601562e-01,2.261681295931339264e-02,1.797130554914474487e-01,-2.811947138980031013e-03,1.115674269385635853e-03,-2.746296115219593048e-03
6.210404038429260254e-01,6.247193813323974609e-01,1.725663989782333374e-01,6.168362218886613846e-03,-7.244695734698325396e-05,-4.504669923335313797e-03
-3.387328684329986572e-01,-7.684016823768615723e-01,-2.072914540767669678e-01,-3.402734873816370964e-03,6.057925522327423096e-03,-2.811744576320052147e-03
6.879006624221801758e-01,4.061545729637145996e-01,-2.296252399682998657e-01,-9.385047633259091526e-06,1.582197844982147217e-03,3.428284544497728348e-04
-8.722038269042968750e-01,1.410402059555053711e-01,1.697509437799453735e-01,-1.910740160383284092e-03,2.031715586781501770e-03,-2.390049397945404053e-03
-4.329699873924255371e-01,6.413993835449218750e-01,2.388409376144409180e-01,3.672710154205560684e-03,2.073005074635148048e-03,1.041159630403853953e-04
-8.745534420013427734e-01,-3.602833151817321777e-01,4.531782492995262146e-02,1.483682775869965553e-03,-6.749068386852741241e-03,-6.504430435597896576e-03
2.905942797660827637e-01,8.595707416534423828e-01,1.396450251340866089e-01,3.321161493659019470e-03,2.305691828951239586e-03,-4.822882357984781265e-03
-8.112609982490539551e-01,-2.481716871261596680e-01,2.012113034725189209e-01,-4.552775993943214417e-03,-2.637611003592610359e-03,-3.779269289225339890e-03
-7.829774171113967896e-02,-6.611937284469604492e-01,-2.476515471935272217e-01,-1.474242657423019409e-03,1.061903196386992931e-03,1.216386881424114108e-04
-4.516734480857849121e-01,2.018093317747116089e-01,-1.426715254783630371e-01,4.617465659976005554e-03,-2.168185310438275337e-03,7.338858675211668015e-03
-9.102595448493957520e-01,-2.708039879798889160e-01,1.248666830360889435e-02,1.503145089372992516e-03,-6.101551931351423264e-03,-5.981349851936101913e-03
8.628837466239929199e-01,3.121255040168762207e-01,-1.230854019522666931e-01,-1.686472445726394653e-03,7.032818975858390331e-04,-2.380778081715106964e-03
3.589618206024169922e-01,-8.615511655807495117e-01,-8.973489701747894287e-02,-7.738206535577774048e-03,-3.468158887699246407e-03,5.858373478986322880e-04
3.261749446392059326e-01,8.816748857498168945e-01,-6.974293291568756104e-02,3.545200917869806290e-03,-5.414964398369193077e-04,2.486051991581916809e-03
7.008932828903198242e-01,-1.518325209617614746e-01,-2.494110465049743652e-01,6.485356949269771576e-03,1.188749214634299278e-03,4.185378202237188816e-04
5.303575396537780762e-01,-6.206783652305603027e-01,-2.212450355291366577e-01,1.623283838853240013e-03,-4.877579049207270145e-04,7.499394123442471027e-04
4.588188827037811279e-01,-1.025927513837814331e-01,-9.832854568958282471e-02,-8.884833077900111675e-04,-1.112758531235158443e-03,1.459242659620940685e-03
-3.179217576980590820e-01,-3.484509885311126709e-01,1.018577069044113159e-01,6.801186827942728996e-04,1.252012676559388638e-03,-3.100596368312835693e-03
-9.250165820121765137e-01,7.980200648307800293e-02,1.015354171395301819e-01,-2.444906393066048622e-03,-8.656076388433575630e-04,-5.313230678439140320e-03
-5.279199481010437012e-01,2.513750791549682617e-01,2.218306511640548706e-01,9.923088509822264314e-05,-6.396874319761991501e-03,-1.475809840485453606e-03
-5.406748503446578979e-02,4.525652825832366943e-01,5.346334725618362427e-02,3.917596302926540375e-03,-2.183743490604683757e-04,-3.113307757303118706e-03
3.782733678817749023e-01,8.556611537933349609e-01,8.377316594123840332e-02,4.054526798427104950e-03,-8.402394996664952487e-06,-4.587872885167598724e-03
6.103349924087524414e-01,-3.260473310947418213e-01,2.498708516359329224e-01,-1.586374477483332157e-03,-2.199619542807340622e-03,-1.166614129033405334e-05
-7.527298331260681152e-01,5.584219694137573242e-01,-7.881927490234375000e-02,7.090871222317218781e-04,-8.176609990186989307e-04,-3.180587431415915489e-03
-3.591681420803070068e-01,8.607470989227294922e-01,-9.143940359354019165e-02,2.113131806254386902e-03,6.124715437181293964e-04,-6.323795532807707787e-04
-4.469274282455444336e-01,8.736608922481536865e-02,-5.161676555871963501e-02,2.191527746617794037e-03,3.217046614736318588e-03,7.267902605235576630e-03
-8.650410771369934082e-01,-1.362581104040145874e-01,1.778401881456375122e-01,-3.989717923104763031e-03,-1.025952748022973537e-03,-4.051567055284976959e-03
7.250238060951232910e-01,-5.269455909729003906e-01,-1.548264920711517334e-01,2.526307071093469858e-04,-5.393140017986297607e-04,6.610653945244848728e-04
2.386942058801651001e-01,3.899142146110534668e-01,5.946014449000358582e-02,2.639173995703458786e-03,-2.573967911303043365e-03,-3.337930655106902122e-03
-1.378249377012252808e-01,4.283848106861114502e-01,2.272195182740688324e-03,3.527430118992924690e-03,1.117112464271485806e-03,-1.861473661847412586e-03
-4.737979769706726074e-01,3.527397348079830408e-04,1.064552515745162964e-01,-9.870202047750353813e-04,-8.687067893333733082e-04,2.095899078994989395e-03
-3.851982057094573975e-01,8.544042110443115234e-01,7.890453189611434937e-02,-1.208503497764468193e-03,1.054272521287202835e-03,-4.382806364446878433e-03
-5.182046890258789062e-01,2.336438596248626709e-01,-2.125848680734634399e-01,7.692939136177301407e-03,-5.271497648209333420e-03,5.680932663381099701e-03
5.814115405082702637e-01,7.237974405288696289e-01,1.016589328646659851e-01,5.761516280472278595e-03,-1.437137951143085957e-03,-5.589225329458713531e-03
7.779808640480041504e-01,3.787207305431365967e-01,-1.875832080841064453e-01,-9.220396750606596470e-04,1.734961173497140408e-03,-6.136092270025983453e-05
4.299503564834594727e-01,7.431662082672119141e-01,-1.932706832885742188e-01,-3.558908356353640556e-04,-2.476059307809919119e-04,-3.220765211153775454e-04
9.049357175827026367e-01,2.890884578227996826e-01,2.253015525639057159e-03,1.183148822747170925e-03,-3.494129981845617294e-03,-7.073455490171909332e-03
6.145846247673034668e-01,2.531588077545166016e-01,-2.474928647279739380e-01,-1.049272032105363905e-04,-2.415678172837942839e-04,2.697360105230472982e-05
-2.406128048896789551e-01,-7.382150292396545410e-01,-2.380277961492538452e-01,-2.610749565064907074e-03,4.372017923742532730e-03,-1.075060223229229450e-03
4.817457795143127441e-01,7.351614832878112793e-01,1.745831519365310669e-01,5.826685577630996704e-03,1.238564029335975647e-03,-4.335172008723020554e-03
2.033061385154724121e-01,5.800213813781738281e-01,-2.349687516689300537e-01,-6.277950014919042587e-03,-4.870981443673372269e-03,2.424893202260136604e-03
-6.622472405433654785e-01,-2.915794551372528076e-01,-2.488840371370315552e-01,8.263718336820602417e-03,1.230893423780798912e-03,-7.640355033800005913e-04
2.881598174571990967e-01,-5.638406276702880859e-01,2.409124821424484253e-01,1.075774081982672215e-03,-1.488045672886073589e-04,1.724652393022552133e-04
-8.841918110847473145e-01,3.287347853183746338e-01,-5.738490074872970581e-02,3.533411945682018995e-04,-8.983961888588964939e-04,-2.731847111135721207e-03
-9.120646715164184570e-01,1.954690515995025635e-01,9.118963778018951416e-02,-1.994479913264513016e-03,-5.116557440487667918e-05,-4.950803704559803009e-03
7.506353408098220825e-02,-8.945040106773376465e-01,-1.530857384204864502e-01,-8.168859407305717468e-03,-3.169332048855721951e-04,-4.741890297736972570e-04
-8.599171638488769531e-01,-2.654277086257934570e-01,-1.500670313835144043e-01,1.808966509997844696e-03,1.816955860704183578e-03,-3.017071401700377464e-03
3.911780714988708496e-01,4.080628454685211182e-01,-2.105922847986221313e-01,-5.654881242662668228e-03,-2.518326276913285255e-03,3.666500793769955635e-03
4.666779041290283203e-01,-1.270907521247863770e-01,1.253115087747573853e-01,-2.884211717173457146e-04,2.870654570870101452e-04,-6.106225773692131042e-04
7.713717967271804810e-02,-9.088644981384277344e-01,1.322875767946243286e-01,-4.208321683108806610e-03,-2.823963062837719917e-03,-3.941499628126621246e-03
1.152911856770515442e-01,8.844260573387145996e-01,-1.602215766906738281e-01,2.077855315292254090e-04,2.274545375257730484e-03,2.733701840043067932e-03
-3.741596639156341553e-01,-2.627734839916229248e-01,5.962657555937767029e-02,9.968606755137443542e-04,7.115359039744362235e-06,-3.338298527523875237e-03
7.646740078926086426e-01,5.325965881347656250e-01,9.346308559179306030e-02,5.248643923550844193e-03,-3.474914934486150742e-03,-5.757886916399002075e-03
-5.396838188171386719e-01,1.557586807757616043e-02,1.920175254344940186e-01,1.675665029324591160e-03,-3.238971345126628876e-03,-1.474381657317280769e-03
7.145013213157653809e-01,1.504810899496078491e-01,2.481721639633178711e-01,1.776616554707288742e-03,-5.578186828643083572e-03,-7.160282984841614962e-05
2.566214203834533691e-01,4.305473268032073975e-01,1.516183614730834961e-01,-1.258839911315590143e-04,-3.911155741661787033e-03,-4.489094018936157227e-03
5.345109477639198303e-02,4.905964136123657227e-01,-1.409169584512710571e-01,-1.765326363965868950e-03,-2.688291715458035469e-03,4.196450114250183105e-03
-1.372638791799545288e-01,4.557866454124450684e-01,1.110280305147171021e-01,1.758064841851592064e-03,-1.877925940789282322e-03,-4.650444258004426956e-03
8.316633105278015137e-01,1.292836964130401611e-01,-2.059968411922454834e-01,1.646831864491105080e-03,4.817788489162921906e-03,1.627877471037209034e-03
-2.500603795051574707e-01,7.790424823760986328e-01,-2.202969640493392944e-01,3.950431419070810080e-04,-2.225735690444707870e-03,-1.201768522150814533e-03
-2.898449301719665527e-01,-4.927289783954620361e-01,-2.145416438579559326e-01,1.291537890210747719e-03,1.546039478853344917e-03,1.188913243822753429e-03
2.854102849960327148e-01,4.912270605564117432e-01,-2.123871445655822754e-01,-7.128745317459106445e-03,-3.235124750062823296e-03,3.960635978728532791e-03
-9.211003184318542480e-01,1.074704602360725403e-01,-1.039834097027778625e-01,1.132083241827785969e-03,-9.860183345153927803e-04,-2.708341460675001144e-03
-4.872496724128723145e-01,-6.800935864448547363e-01,-2.093654721975326538e-01,-8.699034806340932846e-04,6.954533979296684265e-03,-3.358557587489485741e-03
-9.399438500404357910e-01,-1.292092651128768921e-01,2.463583648204803467e-02,9.174597653327509761e-05,-4.814562387764453888e-03,-5.703348666429519653e-03
-9.704503417015075684e-02,9.441925883293151855e-01,2.039468847215175629e-02,1.405904069542884827e-03,4.327532369643449783e-04,-3.503200598061084747e-03
-8.482446074485778809e-01,2.947667837142944336e-01,-1.526285111904144287e-01,2.341198269277811050e-03,-2.996219322085380554e-03,-4.144769627600908279e-03
2.700798511505126953e-01,-8.388377428054809570e-01,1.721930205821990967e-01,1.846804079832509160e-04,-3.737083403393626213e-03,-3.803814761340618134e-03
1.048517879098653793e-02,9.496915340423583984e-01,1.119094062596559525e-02,2.079935045912861824e-03,8.375716424779966474e-05,-2.381557133048772812e-03
-4.357401728630065918e-01,-6.596593260765075684e-01,2.330126613378524780e-01,-9.179096086882054806e-04,-4.548960365355014801e-03,-1.672199927270412445e-03
4.754576683044433594e-01,-5.402169823646545410e-01,-2.492266595363616943e-01,5.465383641421794891e-03,1.415327657014131546e-03,2.009155869018286467e-04
-6.987865567207336426e-01,2.594510316848754883e-01,2.458435893058776855e-01,3.610736457630991936e-03,-1.143150497227907181e-03,6.985410582274198532e-04
8.402054905891418457e-01,-3.893403708934783936e-01,-1.068200394511222839e-01,1.407494652085006237e-03,3.451541531831026077e-03,-3.684345574583858252e-04
3.693527728319168091e-02,-4.486717879772186279e-01,9.732267819344997406e-03,3.762799082323908806e-03,2.427447470836341381e-04,1.714335288852453232e-03
-2.253583818674087524e-01,3.963985443115234375e-01,5.435512214899063110e-02,1.563651021569967270e-03,-2.452170301694422960e-04,-4.426394589245319366e-03
-5.800979733467102051e-01,4.431749582290649414e-01,2.481920123100280762e-01,2.826578915119171143e-03,-8.983142324723303318e-04,3.375523665454238653e-04
8.962088823318481445e-01,6.463342159986495972e-02,-1.519317477941513062e-01,-4.782763717230409384e-04,5.837422329932451248e-03,-7.466839451808482409e-05
-2.297583520412445068e-01,-3.938931822776794434e-01,5.446612089872360229e-02,-1.016830443404614925e-03,1.464070519432425499e-03,-3.370210528373718262e-03
8.672889471054077148e-01,3.773289620876312256e-01,4.554808512330055237e-02,3.267126390710473061e-03,-4.478889517486095428e-03,-6.524988915771245956e-03
-7.898617386817932129e-01,8.548449724912643433e-02,-2.314619719982147217e-01,5.776878446340560913e-03,-2.443742705509066582e-03,-2.451540203765034676e-03
7.859159111976623535e-01,-2.012374401092529297e-01,-2.238722741603851318e-01,4.817422945052385330e-03,2.149013569578528404e-03,2.054613316431641579e-03
6.114318370819091797e-01,-5.095615983009338379e-01,2.308630645275115967e-01,4.433324560523033142e-03,-1.720207859762012959e-03,-1.872739987447857857e-03
6.604657322168350220e-02,-7.177751064300537109e-01,-2.491326034069061279e-01,4.567232972476631403e-04,-2.485196455381810665e-04,2.416405368421692401e-05
-6.314685940742492676e-01,-4.585559070110321045e-01,2.367184758186340332e-01,-1.331904204562306404e-03,-7.428165990859270096e-03,-1.848520128987729549e-03
2.079020291566848755e-01,-4.103753864765167236e-01,7.011625915765762329e-02,4.273974336683750153e-03,2.009921707212924957e-03,4.742318124044686556e-04
9.293507933616638184e-01,3.735121712088584900e-02,9.774195402860641479e-02,1.289742765948176384e-03,1.696324674412608147e-03,-3.194192890077829361e-03
-7.736107707023620605e-01,2.767496705055236816e-01,-2.184213846921920776e-01,4.894961602985858917e-03,-5.514760036021471024e-03,-3.600703552365303040e-03
-3.673967719078063965e-01,2.599910795688629150e-01,6.486560218036174774e-03,6.208957056514918804e-04,9.938731091096997261e-04,2.592300763353705406e-03
7.971263527870178223e-01,9.056179970502853394e-02,2.281317114830017090e-01,3.486100584268569946e-03,-1.602728152647614479e-03,-1.471474184654653072e-03
-3.096981048583984375e-01,3.502590656280517578e-01,-9.199284017086029053e-02,1.111916266381740570e-03,-1.247824169695377350e-03,4.223358817398548126e-03
-9.686865657567977905e-02,-9.221482276916503906e-01,-1.042597740888595581e-01,-7.925412617623806000e-03,1.279116375371813774e-03,-9.679384529590606689e-04
8.332528471946716309e-01,-9.300707280635833740e-02,-2.081774026155471802e-01,3.679716028273105621e-03,4.188286140561103821e-03,2.122783567756414413e-03
-4.040023088455200195e-01,-2.881129980087280273e-01,-1.448126137256622314e-01,2.448834013193845749e-03,-2.362953964620828629e-03,8.750043925829231739e-04
7.871965169906616211e-01,3.662709593772888184e-01,1.849238723516464233e-01,4.190269391983747482e-03,-1.342722534900531173e-04,-3.404773306101560593e-03
7.756048440933227539e-01,5.258371233940124512e-01,-7.941069453954696655e-02,1.711486722342669964e-03,-4.431229550391435623e-03,-3.194175660610198975e-03
2.775718569755554199e-01,-4.947403669357299805e-01,-2.118659466505050659e-01,-1.171340350992977619e-03,6.738439667969942093e-03,4.040195140987634659e-03
-8.165742754936218262e-01,-3.252990916371345520e-02,-2.208144068717956543e-01,5.573477130383253098e-03,-1.062257069861516356e-04,-2.954158233478665352e-03
4.217593073844909668e-01,-6.505661606788635254e-01,2.383847087621688843e-01,2.510700840502977371e-03,-4.339447245001792908e-03,-1.581956865265965462e-03
-6.240249872207641602e-01,-4.500138163566589355e-01,-2.401848137378692627e-01,5.657719913870096207e-03,5.077179055660963058e-03,-2.182874362915754318e-03
-6.085995957255363464e-02,-4.882669150829315186e-01,-1.387617141008377075e-01,2.345122047699987888e-04,3.266528714448213577e-03,4.901251755654811859e-03
9.121313691139221191e-01,1.928523480892181396e-01,9.240455180406570435e-02,1.977579435333609581e-03,-9.056124254129827023e-04,-4.392976872622966766e-03
-3.896449804306030273e-01,7.391372919082641602e-01,2.100611031055450439e-01,2.847774419933557510e-03,2.245474373921751976e-03,-4.248372279107570648e-04
-3.737070858478546143e-01,-5.738916993141174316e-01,2.495400458574295044e-01,4.310236312448978424e-03,-3.449086798354983330e-03,3.269698936492204666e-05
3.646481931209564209e-01,7.952680587768554688e-01,1.786507070064544678e-01,4.723835736513137817e-03,2.139623742550611496e-03,-3.831246402114629745e-03
-6.097633838653564453e-01,3.067708313465118408e-01,2.493925690650939941e-01,2.352616284042596817e-03,-3.767444752156734467e-03,-2.650193346198648214e-04
7.184975743293762207e-01,3.043538331985473633e-01,2.367524355649948120e-01,4.520088434219360352e-03,-2.747222781181335449e-03,-1.048239995725452900e-03
-6.004284024238586426e-01,2.849000990390777588e-01,-2.474798262119293213e-01,6.451022345572710037e-03,-4.467183258384466171e-03,1.107858959585428238e-03
4.470631182193756104e-01,-8.105537295341491699e-01,-1.075804680585861206e-01,-6.314923521131277084e-03,-3.889643587172031403e-03,7.469027186743915081e-04
-2.666337192058563232e-01,5.432637333869934082e-01,2.313158065080642700e-01,4.841175395995378494e-04,-5.657258443534374237e-04,-2.956484095193445683e-04
-3.453381359577178955e-02,9.277151823043823242e-01,1.017485186457633972e-01,1.878984912764281034e-04,1.828361535444855690e-03,-4.084927495568990707e-03
4.124358296394348145e-01,-7.542669773101806641e-01,-1.923731565475463867e-01,-2.893545897677540779e-03,-1.830134191550314426e-03,1.805482461350038648e-04
-7.996468544006347656e-01,-3.528177738189697266e-01,1.794885396957397461e-01,-4.136997740715742111e-03,-3.931594081223011017e-03,-5.208434071391820908e-03
2.290953099727630615e-01,6.766734123229980469e-01,-2.495847642421722412e-01,-3.286796389147639275e-03,-2.748677041381597519e-03,-2.110678178723901510e-04
-2.155992388725280762e-01,6.874358654022216797e-01,-2.491620182991027832e-01,2.700335113331675529e-03,-7.790222764015197754e-03,-6.764736608602106571e-04
5.990408658981323242e-01,-2.868602573871612549e-01,-2.474209517240524292e-01,5.294333212077617645e-03,1.441017840988934040e-03,-6.011539371684193611e-04
-2.123819440603256226e-01,-6.364890336990356445e-01,-2.483108639717102051e-01,-1.336129615083336830e-03,1.646857825107872486e-03,1.331112143816426396e-04
4.663991630077362061e-01,8.031198382377624512e-01,1.009206101298332214e-01,4.961580503731966019e-03,-1.944171963259577751e-04,-5.266050808131694794e-03
-7.203292250633239746e-01,-4.509139358997344971e-01,-2.001332938671112061e-01,2.081701764836907387e-03,5.358032882213592529e-03,-3.449199022725224495e-03
1.375335603952407837e-01,-4.284688532352447510e-01,7.604726124554872513e-04,6.485198624432086945e-03,2.076294273138046265e-03,1.683901296928524971e-03
9.220169782638549805e-01,-2.109060436487197876e-01,4.546439275145530701e-02,1.622734824195504189e-03,4.595686681568622589e-03,-3.012352390214800835e-03
-4.678402841091156006e-01,-8.036279082298278809e-01,9.824120998382568359e-02,-2.618116093799471855e-03,-6.437950069084763527e-04,-4.384281579405069351e-03
-4.814964532852172852e-01,5.369167327880859375e-01,-2.491001486778259277e-01,4.843484610319137573e-03,-7.225154433399438858e-03,-7.327328203245997429e-04
3.372768461704254150e-01,5.771219730377197266e-01,-2.480012029409408569e-01,-4.863756708800792694e-03,-2.133882837370038033e-03,5.465780268423259258e-04
-7.453538179397583008e-01,1.811791062355041504e-01,-2.408385574817657471e-01,5.376905668526887894e-03,-3.823969978839159012e-03,-1.706251525320112705e-03
8.946979045867919922e-01,-3.192008137702941895e-01,5.768808070570230484e-03,1.835568458773195744e-03,4.961023572832345963e-03,-2.677967539057135582e-03
4.107253849506378174e-01,-8.104547858238220215e-01,1.378078609704971313e-01,2.846543211489915848e-03,-1.488812733441591263e-03,-3.957779146730899811e-03
4.320218563079833984e-01,6.093562245368957520e-01,-2.455487996339797974e-01,-2.193965716287493706e-03,-2.619115984998643398e-04,-2.835719205904752016e-04
1.839101016521453857e-01,-9.128879904747009277e-01,-9.504283964633941650e-02,-9.209324605762958527e-03,-1.942678820341825485e-03,2.083788567688316107e-04
-9.489883780479431152e-01,5.841254256665706635e-03,2.226714417338371277e-02,-4.741814045701175928e-04,-3.182368585839867592e-03,-5.083474330604076385e-03
5.717662572860717773e-01,4.474308192729949951e-01,2.486418038606643677e-01,2.821597969159483910e-03,-5.414173007011413574e-03,1.166519359685480595e-04
-1.611044406890869141e-01,5.022608041763305664e-01,-1.809200793504714966e-01,-7.932810694910585880e-04,-5.674842279404401779e-03,4.922126419842243195e-03
3.653283119201660156e-01,-7.531262040138244629e-01,2.090824842453002930e-01,2.231523161754012108e-03,-4.423250909894704819e-03,-3.247204702347517014e-03
9.431445002555847168e-01,-1.128616929054260254e-01,7.956474088132381439e-03,6.064348272047936916e-04,3.806555876508355141e-03,-4.706137813627719879e-03
3.774224519729614258e-01,-3.767730891704559326e-01,1.863064914941787720e-01,1.271173008717596531e-03,1.290047424845397472e-03,-1.054663698596414179e-05
1.185472607612609863e-01,8.640304803848266602e-01,1.813090145587921143e-01,1.892126398161053658e-03,2.756296191364526749e-03,-2.836561296135187149e-03
-4.457988739013671875e-01,7.936758995056152344e-01,1.351708024740219116e-01,-4.808363737538456917e-04,1.362369628623127937e-03,-2.214447129517793655e-03
-9.407189488410949707e-01,1.297699809074401855e-01,1.364230550825595856e-02,-5.048342281952500343e-04,-1.902593066915869713e-03,-4.393400158733129501e-03
