6.220683455467224121e-02, 7.184638176113367081e-03, 9.965806007385253906e-01
-7.844799757003784180e-01, -5.647420883178710938e-01, -2.292216718196868896e-01
2.064320743083953857e-01, 2.222557961940765381e-01, 9.517316222190856934e-01
-8.205147981643676758e-01, -4.161924123764038086e-01, 3.790178596973419189e-01
4.983713626861572266e-01, -4.760861694812774658e-01, -7.201349735260009766e-01
1.597185432910919189e-01, 4.947283864021301270e-01, -8.526815176010131836e-01
2.124887108802795410e-01, 9.710989594459533691e-01, -3.681381046772003174e-02
-9.237602353096008301e-05, -9.837086200714111328e-01, -1.504783034324645996e-01
4.879544954746961594e-03, -1.000657603144645691e-01, 9.945253729820251465e-01
9.396876692771911621e-01, 3.200288116931915283e-01, -3.860631585121154785e-02
-9.252315163612365723e-01, 3.372360765933990479e-01, -1.592971384525299072e-01
7.339709401130676270e-01, -5.688949823379516602e-01, -3.685102462768554688e-01
4.583398699760437012e-01, -2.305135577917098999e-01, 8.573282957077026367e-01
-8.203119039535522461e-01, -3.257869184017181396e-02, 5.644959211349487305e-01
-8.733485937118530273e-01, 4.537122547626495361e-01, -1.424174606800079346e-01
6.745328903198242188e-01, -1.162044554948806763e-01, 7.264094352722167969e-01
4.605955779552459717e-01, -2.376514822244644165e-01, -8.537206649780273438e-01
-2.104281187057495117e-01, 2.557832598686218262e-01, -9.421781301498413086e-01
3.458173573017120361e-01, -9.254248738288879395e-01, 1.002232208847999573e-01
-7.325416207313537598e-01, -2.171436101198196411e-01, -6.415933966636657715e-01
4.492289423942565918e-01, -3.999378681182861328e-01, 7.963666915893554688e-01
-8.257150650024414062e-01, 3.008328378200531006e-01, 4.727484881877899170e-01
-2.799396216869354248e-01, -9.432690143585205078e-01, -1.364858895540237427e-01
1.810484230518341064e-01, -9.673966765403747559e-01, -1.349701881408691406e-01
-7.790073156356811523e-01, 5.175352841615676880e-02, 6.191942095756530762e-01
7.586095929145812988e-01, -5.931236743927001953e-01, -2.641853988170623779e-01
7.660400867462158203e-01, -6.112011522054672241e-02, -6.335642933845520020e-01
8.808716535568237305e-01, -4.076124727725982666e-01, -2.354383766651153564e-01
5.766779184341430664e-01, -8.083478808403015137e-01, -4.528803378343582153e-02
4.264384508132934570e-02, -2.057519555091857910e-01, 9.771949648857116699e-01
7.113687992095947266e-01, 2.863527834415435791e-01, -6.369991898536682129e-01
-6.897045373916625977e-01, 3.436972945928573608e-02, -7.196184396743774414e-01
1.059465557336807251e-01, 9.885643124580383301e-01, -4.784731939435005188e-02
4.131586551666259766e-01, 8.795495629310607910e-01, -2.122242748737335205e-01
-5.230929851531982422e-01, -8.367334604263305664e-01, -1.318163275718688965e-01
-1.569056957960128784e-01, -3.912290036678314209e-01, -9.066991806030273438e-01
-3.555160462856292725e-01, 2.233784794807434082e-01, -9.072021842002868652e-01
9.137399792671203613e-01, 3.077968060970306396e-01, -2.388248294591903687e-01
-7.037827968597412109e-01, 7.032567858695983887e-01, 6.394961476325988770e-02
-3.831522464752197266e-01, -9.073227643966674805e-01, -1.612462252378463745e-01
-8.873726129531860352e-01, 4.166587591171264648e-01, 1.651111394166946411e-01
5.711939930915832520e-01, -7.348895668983459473e-01, -3.544118404388427734e-01
2.917130589485168457e-01, 5.209780931472778320e-01, 8.006418347358703613e-01
-6.988956928253173828e-01, -6.593493223190307617e-01, 2.749494314193725586e-01
9.967603087425231934e-01, 1.636022888123989105e-02, -3.273152559995651245e-02
7.720035314559936523e-02, 1.954548954963684082e-01, 9.771602153778076172e-01
9.878100752830505371e-01, 8.560764044523239136e-02, 6.713629513978958130e-02
9.813084006309509277e-01, 1.584129333496093750e-01, -5.197018757462501526e-02
4.287953674793243408e-01, 7.679990530014038086e-01, 4.717707037925720215e-01
-6.472207903861999512e-01, -7.240651845932006836e-01, 2.083202004432678223e-01
5.239013433456420898e-01, 4.706246852874755859e-01, -7.044250965118408203e-01
8.349017798900604248e-02, -9.891977310180664062e-01, -8.193764090538024902e-02
-6.974914669990539551e-01, 2.651337683200836182e-01, 6.615272164344787598e-01
7.169156670570373535e-01, -4.379704892635345459e-01, -5.323529243469238281e-01
8.399644494056701660e-02, -3.085719943046569824e-01, 9.474232196807861328e-01
9.085216522216796875e-01, 1.901083439588546753e-01, -3.695064783096313477e-01
-9.574479460716247559e-01, 1.068406924605369568e-01, -2.669865190982818604e-01
3.053865730762481689e-01, 6.704065203666687012e-01, 6.705926060676574707e-01
-8.063522577285766602e-01, -2.200358510017395020e-01, -5.412023663520812988e-01
6.761015653610229492e-01, -6.228722333908081055e-01, 3.795344829559326172e-01
-5.241233706474304199e-01, -4.436372518539428711e-01, -7.238470315933227539e-01
-8.149753808975219727e-01, -4.882257580757141113e-01, -3.070755600929260254e-01
-1.491234600543975830e-01, 9.860532283782958984e-01, -4.819981753826141357e-02
3.629059493541717529e-01, -9.116027355194091797e-01, -1.605328917503356934e-01
9.781134128570556641e-01, 1.855602562427520752e-01, 5.632448568940162659e-02
-2.690325304865837097e-02, 9.926801323890686035e-01, -4.962022602558135986e-02
-1.323678642511367798e-01, 2.484409213066101074e-01, 9.576724767684936523e-01
7.389209866523742676e-01, -4.945338666439056396e-01, -4.471755325794219971e-01
-4.666007757186889648e-01, 7.947813272476196289e-01, 3.761382102966308594e-01
5.779734849929809570e-01, -7.583779096603393555e-01, 2.849788665771484375e-01
-5.903752446174621582e-01, 1.005214452743530273e-01, 7.984094619750976562e-01
-1.876738965511322021e-01, -8.616412281990051270e-01, -4.638615250587463379e-01
-6.410568952560424805e-02, -2.265810966491699219e-01, -9.705676436424255371e-01
-2.010018676519393921e-01, -4.740998446941375732e-01, 8.565546274185180664e-01
2.451875507831573486e-01, -5.561302304267883301e-01, -7.912120819091796875e-01
-8.564074039459228516e-01, -2.368778884410858154e-01, -4.489171504974365234e-01
-4.148069620132446289e-01, 8.728444576263427734e-01, -2.329707890748977661e-01
-5.733841061592102051e-01, -7.974395155906677246e-01, 1.711791604757308960e-01
-2.640572190284729004e-01, 9.459097385406494141e-01, -1.522439569234848022e-01
8.842925429344177246e-01, -4.330413937568664551e-01, 1.620636582374572754e-01
-9.001656174659729004e-01, 3.325136899948120117e-01, 2.714146375656127930e-01
6.909978389739990234e-01, 2.870614528656005859e-01, 6.592611074447631836e-01
-5.074197053909301758e-01, -4.282410144805908203e-01, 7.435424327850341797e-01
-3.731379806995391846e-01, 8.442773222923278809e-01, 3.762388825416564941e-01
5.605092644691467285e-01, -6.233075857162475586e-01, -5.399127602577209473e-01
6.276488304138183594e-01, -5.426694154739379883e-01, -5.511400699615478516e-01
-1.235168129205703735e-01, 1.509770154953002930e-01, 9.796676039695739746e-01
5.051477551460266113e-01, 2.167435362935066223e-03, 8.622213006019592285e-01
1.985052525997161865e-01, -7.578904181718826294e-02, 9.768011569976806641e-01
5.843523740768432617e-01, 3.323497772216796875e-01, 7.358974218368530273e-01
-5.754368901252746582e-01, -4.700864851474761963e-01, 6.634095907211303711e-01
4.580083787441253662e-01, 6.879606246948242188e-01, -5.551887750625610352e-01
7.403486371040344238e-01, 1.682727485895156860e-01, 6.498686075210571289e-01
-6.198951005935668945e-01, -7.621531486511230469e-01, -1.511294692754745483e-01
-3.271633982658386230e-01, 5.990645885467529297e-01, 7.269358634948730469e-01
-5.152254700660705566e-01, 8.130427002906799316e-01, -2.594984769821166992e-01
-1.366967111825942993e-01, -5.831675529479980469e-01, 7.982041835784912109e-01
-4.496296942234039307e-01, 8.449515104293823242e-01, 2.697905898094177246e-01
3.023614883422851562e-01, -7.598882317543029785e-01, 5.677742362022399902e-01
6.398652791976928711e-01, -2.200078368186950684e-01, 7.319903373718261719e-01
8.241512775421142578e-01, -5.321515202522277832e-01, 1.640720963478088379e-01
-2.947780489921569824e-01, -1.415854841470718384e-01, -9.438618421554565430e-01
1.679283082485198975e-01, 9.447278976440429688e-01, -2.604756951332092285e-01
-4.680869877338409424e-01, -8.321352005004882812e-01, 2.777909934520721436e-01
5.015014410018920898e-01, 1.211202442646026611e-01, -8.559513092041015625e-01
5.047014951705932617e-01, 6.961736083030700684e-01, 4.999703764915466309e-01
-7.308356165885925293e-01, -3.687318563461303711e-01, 5.674004554748535156e-01
-4.109505563974380493e-02, 7.472490668296813965e-01, 6.572498083114624023e-01
2.676412090659141541e-02, -8.272143006324768066e-01, -5.583587884902954102e-01
-5.847778320312500000e-01, 3.764944076538085938e-01, -7.157098054885864258e-01
4.019421339035034180e-01, -3.283582329750061035e-01, -8.534281849861145020e-01
4.194317013025283813e-02, 3.210846781730651855e-01, -9.452047944068908691e-01
-3.698574304580688477e-01, -8.854809999465942383e-01, 2.744401097297668457e-01
-9.025452136993408203e-01, 1.728774756193161011e-01, 3.808135092258453369e-01
3.793762624263763428e-02, -8.824612498283386230e-01, -4.667439460754394531e-01
-3.804402351379394531e-01, -5.593975782394409180e-01, -7.353891730308532715e-01
-7.092471718788146973e-01, -6.505054235458374023e-01, -2.657669186592102051e-01
1.572587788105010986e-01, 2.828440070152282715e-01, -9.457209110260009766e-01
-5.567867159843444824e-01, -6.816623210906982422e-01, -4.648297727108001709e-01
1.914412081241607666e-01, 1.282423585653305054e-01, -9.720583558082580566e-01
6.002305820584297180e-02, 5.175228714942932129e-01, -8.515175580978393555e-01
5.437334775924682617e-01, -7.937184572219848633e-01, -2.484414577484130859e-01
3.305023908615112305e-01, 9.248026609420776367e-01, -1.580372005701065063e-01
-3.131839632987976074e-01, 8.241094350814819336e-01, 4.691758155822753906e-01
-2.841031849384307861e-01, 1.134426817297935486e-01, 9.509569406509399414e-01
-2.835454419255256653e-02, -4.313961863517761230e-01, -8.996767997741699219e-01
2.611563503742218018e-01, 4.378061592578887939e-01, 8.587425947189331055e-01
-9.782769680023193359e-01, -1.643522977828979492e-01, 7.211008667945861816e-02
2.945138216018676758e-01, 8.658831119537353516e-01, 3.921499848365783691e-01
3.629890084266662598e-01, -2.052258551120758057e-01, 9.077700376510620117e-01
-1.752881407737731934e-01, -9.699498414993286133e-01, -1.576546877622604370e-01
-2.914988100528717041e-01, 9.493018388748168945e-01, -2.677157521247863770e-02
2.689925432205200195e-01, -3.284711539745330811e-01, -9.047341346740722656e-01
-1.961636692285537720e-01, -3.386241197586059570e-02, 9.790337085723876953e-01
4.033585488796234131e-01, 8.247554302215576172e-01, 3.876226544380187988e-01
-9.541730880737304688e-01, -2.782751917839050293e-01, 6.334567070007324219e-02
8.657358884811401367e-01, -1.043684631586074829e-01, 4.790633618831634521e-01
1.768127828836441040e-02, -6.080591082572937012e-01, -7.922139167785644531e-01
-6.922752261161804199e-01, 5.386723279953002930e-01, 4.704226851463317871e-01
7.416442036628723145e-01, -2.053052634000778198e-01, -6.332771778106689453e-01
9.169688224792480469e-01, 5.334865674376487732e-02, 3.835295438766479492e-01
-4.347791075706481934e-01, -8.450953662395477295e-02, -8.940754532814025879e-01
8.983771800994873047e-01, 1.660037972033023834e-02, -4.323923289775848389e-01
4.224742949008941650e-02, 5.962166190147399902e-01, 8.004459738731384277e-01
8.671791553497314453e-01, 1.515673249959945679e-01, -4.681222140789031982e-01
9.920549392700195312e-01, -4.487560689449310303e-02, 6.885217875242233276e-02
3.999241292476654053e-01, -9.675048291683197021e-02, 9.105625748634338379e-01
6.024408340454101562e-01, -4.211805760860443115e-01, 6.732279062271118164e-01
7.908389568328857422e-01, -2.564164996147155762e-01, -5.470412969589233398e-01
8.408552408218383789e-01, -2.500943243503570557e-01, 4.711170196533203125e-01
-1.820454448461532593e-01, 4.750518500804901123e-01, 8.600729107856750488e-01
5.763723701238632202e-02, 9.614080786705017090e-01, -2.667986452579498291e-01
-9.246851205825805664e-01, 8.217836171388626099e-02, -3.667283356189727783e-01
-5.561689287424087524e-02, -3.350836634635925293e-01, -9.395395517349243164e-01
2.580904960632324219e-01, -9.632126092910766602e-01, 5.785438045859336853e-02
3.962218463420867920e-01, 6.577533483505249023e-01, -6.354069709777832031e-01
4.605532288551330566e-01, -6.955291628837585449e-01, -5.423169136047363281e-01
6.144623160362243652e-01, -7.687293291091918945e-01, -1.613019257783889771e-01
9.094330072402954102e-01, 1.785441339015960693e-01, 3.703662157058715820e-01
7.169954180717468262e-01, -4.854862689971923828e-01, 4.912543892860412598e-01
1.473429948091506958e-01, -9.773408174514770508e-01, 9.464808553457260132e-02
-6.965644955635070801e-01, -7.005991339683532715e-01, -1.259425729513168335e-01
-9.374858140945434570e-01, -1.551149636507034302e-01, 2.943487167358398438e-01
-5.955536961555480957e-01, 5.724882483482360840e-01, 5.624147057533264160e-01
-1.077830344438552856e-01, 4.038996994495391846e-02, -9.929829239845275879e-01
-6.037337183952331543e-01, 8.455339074134826660e-02, -7.908599376678466797e-01
-4.839039444923400879e-01, 1.719587743282318115e-01, 8.574333786964416504e-01
6.097658276557922363e-01, 6.462764143943786621e-01, -4.493038654327392578e-01
-7.624700069427490234e-01, -6.207089424133300781e-01, -1.470635980367660522e-01
-9.165048003196716309e-01, -2.832689881324768066e-01, 2.732509970664978027e-01
2.240906208753585815e-01, -4.517837166786193848e-01, 8.620992898941040039e-01
-9.595512151718139648e-01, 2.040067315101623535e-01, 1.620866656303405762e-01
-1.542338132858276367e-01, -1.787738502025604248e-01, -9.703916907310485840e-01
3.682633042335510254e-01, -8.532117009162902832e-01, -3.540640473365783691e-01
-6.010596156120300293e-01, -7.895598411560058594e-01, 7.071250677108764648e-02
-3.894301354885101318e-01, 7.379342913627624512e-01, -5.419064760208129883e-01
2.610442936420440674e-01, -3.176430463790893555e-01, 9.107549190521240234e-01
-5.112820863723754883e-01, 6.485945582389831543e-01, -5.570561885833740234e-01
1.698694974184036255e-01, 9.403954148292541504e-01, 2.746965587139129639e-01
5.619640350341796875e-01, -3.563233613967895508e-01, 7.417358160018920898e-01
6.224803328514099121e-01, 4.245922609698027372e-04, -7.813794016838073730e-01
6.805698275566101074e-01, 5.665473937988281250e-01, -4.567560851573944092e-01
1.677606105804443359e-01, -3.826466202735900879e-01, 9.074787497520446777e-01
7.894839048385620117e-01, -3.934975266456604004e-01, -4.662524759769439697e-01
-5.741274356842041016e-01, 2.009371072053909302e-01, -7.928800582885742188e-01
6.474478840827941895e-01, -5.788066387176513672e-01, 4.855115711688995361e-01
-3.052530884742736816e-01, -6.254352331161499023e-01, -7.133939862251281738e-01
-1.628317236900329590e-01, -9.477255940437316895e-01, 2.709499299526214600e-01
-8.805526494979858398e-01, 2.785335779190063477e-01, 3.781237006187438965e-01
2.112316340208053589e-01, -8.595709800720214844e-01, -4.595515131950378418e-01
-8.149636536836624146e-02, -4.876371473073959351e-02, 9.948151707649230957e-01
6.753149032592773438e-01, 5.563799142837524414e-01, 4.774654805660247803e-01
-9.687126874923706055e-01, -2.168588340282440186e-01, -4.745896905660629272e-02
8.909976482391357422e-01, 3.473767042160034180e-01, 2.753492593765258789e-01
2.103568017482757568e-01, 3.731011450290679932e-01, -9.025815129280090332e-01
1.192164048552513123e-01, -7.264876961708068848e-01, 6.701905727386474609e-01
-5.314321517944335938e-01, -6.290332078933715820e-01, -5.601739883422851562e-01
3.632150292396545410e-01, 2.331518083810806274e-01, -9.001396894454956055e-01
-6.311142444610595703e-01, -6.785544157028198242e-01, -3.635735213756561279e-01
-7.799584269523620605e-01, 2.696278989315032959e-01, 5.634660720825195312e-01
3.594227880239486694e-02, -3.913014531135559082e-01, 9.177619218826293945e-01
5.813890099525451660e-01, -1.448220312595367432e-01, 7.990798354148864746e-01
-5.522663593292236328e-01, 5.247175097465515137e-01, 6.476106047630310059e-01
7.978343963623046875e-01, 5.321188569068908691e-01, -2.672646641731262207e-01
-5.939241051673889160e-01, -3.452107906341552734e-01, 7.256903648376464844e-01
9.211641550064086914e-01, -7.529562711715698242e-02, -3.690593242645263672e-01
-3.029343485832214355e-01, 7.648838758468627930e-01, 5.674921870231628418e-01
-5.854942798614501953e-01, -1.282412260770797729e-01, 7.975957393646240234e-01
1.365993916988372803e-02, 1.236595213413238525e-03, -9.992944002151489258e-01
-2.145269364118576050e-01, 3.732488453388214111e-01, -9.007670283317565918e-01
-1.728134751319885254e-01, 8.146981000900268555e-01, -5.471785664558410645e-01
-4.496004879474639893e-01, -2.337277382612228394e-01, 8.602097034454345703e-01
-5.712470412254333496e-01, -5.936517119407653809e-01, 5.618941187858581543e-01
-4.614411592483520508e-01, 5.100365281105041504e-01, -7.220053672790527344e-01
-5.386367440223693848e-01, -7.579230070114135742e-01, -3.617104589939117432e-01
5.439571142196655273e-01, -6.836241483688354492e-01, 4.804919064044952393e-01
5.903769731521606445e-01, 6.517337560653686523e-01, 4.709252119064331055e-01
6.799427866935729980e-01, -3.334587216377258301e-01, 6.507104039192199707e-01
-5.240709185600280762e-01, 8.457245826721191406e-01, -4.651854187250137329e-02
7.361529469490051270e-01, -6.508796215057373047e-01, -1.524644494056701660e-01
-5.180985927581787109e-01, 7.784602791070938110e-02, -8.499433398246765137e-01
-7.395415306091308594e-01, 6.510784626007080078e-01, -1.458982825279235840e-01
-9.283007979393005371e-01, 3.559053540229797363e-01, 6.094815582036972046e-02
-2.730433940887451172e-01, 1.740643084049224854e-01, -9.455792903900146484e-01
-2.904538810253143311e-01, 7.758218050003051758e-01, -5.571898221969604492e-01
4.049116373062133789e-01, 5.695977807044982910e-01, -7.100750207901000977e-01
-2.095346748828887939e-01, -7.985186576843261719e-01, -5.568240284919738770e-01
-5.427905321121215820e-01, 6.914246082305908203e-01, 4.683034420013427734e-01
1.586747914552688599e-01, -9.799206256866455078e-01, -1.312695629894733429e-02
-6.168452501296997070e-01, 4.549185633659362793e-01, -6.359326243400573730e-01
9.190507531166076660e-01, -5.890913680195808411e-02, 3.777192234992980957e-01
-2.210079580545425415e-01, 6.374726295471191406e-01, 7.347764968872070312e-01
-8.488712310791015625e-01, 4.189258217811584473e-01, 3.021002709865570068e-01
-8.070604801177978516e-01, 5.627030134201049805e-01, -1.434121876955032349e-01
3.514023423194885254e-01, 8.601800203323364258e-01, -3.533717989921569824e-01
1.148008480668067932e-01, 6.541255861520767212e-03, -9.929729104042053223e-01
2.969882786273956299e-01, -8.201972842216491699e-01, 4.791816771030426025e-01
6.267420053482055664e-01, 4.026960134506225586e-01, 6.612235307693481445e-01
-4.723171293735504150e-01, -8.731627464294433594e-01, -4.835115000605583191e-02
5.981975793838500977e-01, 9.716390818357467651e-02, -7.930820584297180176e-01
3.474319577217102051e-01, -8.917055130004882812e-01, 2.702751755714416504e-01
4.219680428504943848e-01, -8.871908187866210938e-01, 1.648562997579574585e-01
-5.349448919296264648e-01, 7.924410104751586914e-01, 2.890075743198394775e-01
7.761572599411010742e-01, -4.025559723377227783e-01, 4.779775738716125488e-01
-7.352543473243713379e-01, 1.369689255952835083e-01, 6.581729650497436523e-01
-8.830563426017761230e-01, 4.534931480884552002e-01, 6.173112988471984863e-02
9.324988126754760742e-01, 2.231676578521728516e-01, 2.763359248638153076e-01
6.432049274444580078e-01, 2.198194861412048340e-01, 7.293348908424377441e-01
6.774428486824035645e-01, -7.220198512077331543e-01, -9.418474137783050537e-02
-9.158345460891723633e-01, 1.796073615550994873e-01, -3.417846560478210449e-01
-4.115747213363647461e-01, 1.389332860708236694e-01, -8.999027609825134277e-01
-4.240455329418182373e-01, 8.987547755241394043e-01, -4.898990690708160400e-02
-6.951488852500915527e-01, 4.628627300262451172e-01, -5.433542132377624512e-01
7.794048786163330078e-01, 2.827317118644714355e-01, -5.511088371276855469e-01
1.092908680438995361e-01, -5.790543556213378906e-01, 8.046082258224487305e-01
-2.519736886024475098e-01, 4.806416928768157959e-01, -8.363129496574401855e-01
-4.679536223411560059e-01, -8.600205183029174805e-01, 1.709386408329010010e-01
-1.680893152952194214e-01, 5.745992660522460938e-01, 7.981081008911132812e-01
-1.986989676952362061e-01, -2.315157204866409302e-01, 9.510664939880371094e-01
-1.732361316680908203e-02, 9.330219626426696777e-01, -3.431048393249511719e-01
2.681399881839752197e-01, 1.405960917472839355e-01, 9.518638253211975098e-01
5.057015419006347656e-01, -4.544329047203063965e-01, 7.293963432312011719e-01
7.519248723983764648e-01, -3.479710519313812256e-01, -5.597947239875793457e-01
-1.633590459823608398e-01, -3.785805106163024902e-01, 9.101152420043945312e-01
9.595444202423095703e-01, -2.551791667938232422e-01, 7.157039642333984375e-02
-2.842969894409179688e-01, 5.570651888847351074e-01, -7.758527994155883789e-01
1.095102876424789429e-01, 9.219509363174438477e-01, -3.582427203655242920e-01
2.166560292243957520e-01, -1.035921871662139893e-01, -9.695668220520019531e-01
5.728043317794799805e-01, -5.845183134078979492e-01, 5.677865743637084961e-01
5.025902986526489258e-01, 1.059066876769065857e-01, 8.575865030288696289e-01
-9.086039066314697266e-01, -3.786068856716156006e-01, -1.381727159023284912e-01
-8.672651648521423340e-01, 3.265659809112548828e-01, -3.680796921253204346e-01
-6.847388148307800293e-01, -6.938517838716506958e-02, -7.248971462249755859e-01
6.990040838718414307e-02, -8.785972595214843750e-01, 4.683717787265777588e-01
8.179031610488891602e-01, -1.340951621532440186e-01, -5.532469153404235840e-01
5.029410719871520996e-01, 7.752946615219116211e-01, -3.689271211624145508e-01
-6.724494695663452148e-01, -1.717551350593566895e-01, -7.154269218444824219e-01
6.425129771232604980e-01, -5.995777845382690430e-01, -4.674491882324218750e-01
-6.226524710655212402e-01, 6.199219226837158203e-01, 4.729799628257751465e-01
4.918835759162902832e-01, -1.319529712200164795e-01, 8.590959310531616211e-01
1.865635067224502563e-01, -8.535326719284057617e-01, 4.781806766986846924e-01
-2.091810405254364014e-01, 7.098261117935180664e-01, 6.662459373474121094e-01
1.821577250957489014e-01, -3.783896267414093018e-01, -9.068135023117065430e-01
-4.336287975311279297e-01, -8.565151095390319824e-01, -2.586324512958526611e-01
-8.295316100120544434e-01, -4.077665209770202637e-01, -3.685362339019775391e-01
3.558534085750579834e-01, -8.908970952033996582e-01, -2.610034346580505371e-01
-5.444453954696655273e-01, 6.918736100196838379e-01, -4.652799367904663086e-01
-4.763910770416259766e-01, -6.702197790145874023e-01, 5.659399032592773438e-01
-2.386285215616226196e-01, -8.968749046325683594e-01, -3.567593991756439209e-01
-2.818509638309478760e-01, -2.935678660869598389e-01, 9.120368957519531250e-01
-6.088951230049133301e-01, -4.247754067182540894e-02, -7.899188995361328125e-01
-8.479362130165100098e-01, 4.568222165107727051e-01, -2.516484558582305908e-01
-2.237008959054946899e-01, -8.873911499977111816e-01, 3.889058232307434082e-01
-9.034876823425292969e-01, 3.290364444255828857e-01, -2.664550244808197021e-01
-4.962801337242126465e-01, -3.652843832969665527e-01, -7.837170362472534180e-01
-7.339296340942382812e-01, -5.367455482482910156e-01, 4.015024602413177490e-01
-4.553791880607604980e-01, -5.870025157928466797e-01, 6.638196706771850586e-01
-3.442755341529846191e-01, -9.015561342239379883e-01, -2.543250918388366699e-01
9.753956794738769531e-01, 7.469616085290908813e-02, 1.767825484275817871e-01
8.780254721641540527e-01, -3.282575309276580811e-01, -3.303043246269226074e-01
-6.200948953628540039e-01, -6.994743347167968750e-01, 3.372545838356018066e-01
-6.777757406234741211e-01, -7.253272533416748047e-01, 6.411033123731613159e-02
-6.739261150360107422e-01, -1.136187762022018433e-01, 7.268767356872558594e-01
-5.149061679840087891e-01, 3.261289894580841064e-01, -7.913038134574890137e-01
7.483196258544921875e-01, 6.473428010940551758e-01, -9.324575960636138916e-02
5.582290515303611755e-02, 8.793832063674926758e-01, 4.708841443061828613e-01
-1.192461699247360229e-01, 9.200718402862548828e-01, -3.652605712413787842e-01
3.306576609611511230e-01, -7.576811909675598145e-01, -5.555003881454467773e-01
-4.181631207466125488e-01, 7.894526720046997070e-01, -4.357424974441528320e-01
9.351533651351928711e-01, 2.938661575317382812e-01, 1.663528382778167725e-01
-2.010426670312881470e-02, -2.857858836650848389e-01, 9.562861323356628418e-01
-2.359010577201843262e-01, 9.036778211593627930e-01, -3.393504321575164795e-01
9.893994033336639404e-02, 2.947391271591186523e-01, 9.495711326599121094e-01
6.215165257453918457e-01, -3.148960471153259277e-01, -7.141029238700866699e-01
4.621666371822357178e-01, 2.005513012409210205e-01, 8.624365329742431641e-01
-6.016862392425537109e-01, 6.938681602478027344e-01, 3.813513517379760742e-01
6.501960754394531250e-01, -5.080996155738830566e-01, 5.629735589027404785e-01
-3.081301450729370117e-01, -7.000899314880371094e-01, -6.405678391456604004e-01
-4.971150308847427368e-02, -8.733032941818237305e-01, 4.744288027286529541e-01
3.627572059631347656e-01, -8.360351324081420898e-01, 3.975232839584350586e-01
2.796015441417694092e-01, 7.645523548126220703e-01, 5.731925964355468750e-01
-6.441723108291625977e-01, 7.552918195724487305e-01, -9.641442447900772095e-03
-9.780777096748352051e-01, 9.218815714120864868e-02, 1.753176897764205933e-01
1.625716835260391235e-01, 4.641346037387847900e-01, 8.681353926658630371e-01
-9.790894985198974609e-01, -3.399632871150970459e-02, 1.706908941268920898e-01
4.410239160060882568e-01, -8.543722033500671387e-01, 2.704010903835296631e-01
-8.578361868858337402e-01, -4.842169284820556641e-01, -1.541559398174285889e-01
8.017216920852661133e-01, 5.680106878280639648e-01, 1.674250662326812744e-01
-9.684505313634872437e-02, -4.997920989990234375e-01, 8.595166206359863281e-01
-9.611445665359497070e-01, -6.471157819032669067e-02, -2.527515888214111328e-01
-4.485139250755310059e-02, 8.104083538055419922e-01, 5.759714841842651367e-01
-4.859825372695922852e-01, 1.960217952728271484e-01, -8.494994640350341797e-01
-2.458014786243438721e-01, -7.783478498458862305e-01, 5.705556869506835938e-01
-6.832781434059143066e-01, -6.243631243705749512e-01, 3.738721609115600586e-01
3.425773233175277710e-02, 8.331812620162963867e-01, -5.490677952766418457e-01
5.909609794616699219e-01, 7.183584570884704590e-01, -3.621471822261810303e-01
-6.512616872787475586e-01, -2.155957370996475220e-01, 7.270615100860595703e-01
7.019249200820922852e-01, 6.821730732917785645e-01, 1.723436415195465088e-01
5.643278360366821289e-01, 5.935056805610656738e-01, 5.677520632743835449e-01
8.734343647956848145e-01, -4.553376138210296631e-01, -1.421917080879211426e-01
-4.630565643310546875e-01, -3.604617118835449219e-01, 8.061974048614501953e-01
3.436384201049804688e-01, 9.283493757247924805e-01, 8.256771415472030640e-02
8.632146120071411133e-01, 2.951898574829101562e-01, 3.945764899253845215e-01
5.911352038383483887e-01, 5.244166851043701172e-01, -6.048976778984069824e-01
-7.317539304494857788e-02, 6.777056455612182617e-01, 7.285213470458984375e-01
-4.443851113319396973e-01, 1.867936924099922180e-02, -8.932190537452697754e-01
-4.462693929672241211e-01, 7.483596205711364746e-01, 4.819427132606506348e-01
9.878839254379272461e-01, 7.340806536376476288e-03, -1.447411030530929565e-01
1.117142885923385620e-01, 9.136943817138671875e-01, 3.783653974533081055e-01
4.146483242511749268e-01, -5.447816848754882812e-01, 7.260102629661560059e-01
7.493629455566406250e-01, 4.527262449264526367e-01, 4.731107354164123535e-01
-3.556147217750549316e-01, -2.053066790103912354e-01, 9.109364748001098633e-01
4.012107849121093750e-01, 1.288971900939941406e-01, -9.055151939392089844e-01
-5.725594758987426758e-01, -7.674837112426757812e-01, 2.743377685546875000e-01
4.700080752372741699e-01, -6.025434732437133789e-01, -6.410807371139526367e-01
8.977431058883666992e-01, 4.066713750362396240e-01, 1.637500822544097900e-01
9.402359724044799805e-01, -3.184014558792114258e-01, -3.472970798611640930e-02
9.246651530265808105e-01, -3.467056751251220703e-01, 1.069871336221694946e-01
-3.315366059541702271e-02, 6.932433843612670898e-01, -7.150318622589111328e-01
-2.697568535804748535e-01, 8.481869697570800781e-01, -4.442902803421020508e-01
7.885863780975341797e-01, 2.299889922142028809e-01, 5.639257431030273438e-01
-3.871943950653076172e-01, 4.533814489841461182e-01, 7.997524738311767578e-01
6.701390743255615234e-01, 6.836763620376586914e-01, 2.711439132690429688e-01
-7.161597609519958496e-01, 5.218553543090820312e-01, -4.518857598304748535e-01
2.340475320816040039e-01, -4.642621874809265137e-01, -8.532195091247558594e-01
-3.859882354736328125e-01, -1.023656725883483887e-01, 9.149463176727294922e-01
9.758548736572265625e-01, 1.129575744271278381e-01, -1.497367918491363525e-01
-3.947611153125762939e-01, 7.160631418228149414e-01, 5.681426525115966797e-01
5.091004967689514160e-01, 3.259572684764862061e-01, -7.938722372055053711e-01
-5.185999274253845215e-01, -4.657009243965148926e-02, -8.527570962905883789e-01
-2.032834589481353760e-01, -8.466110229492187500e-01, 4.820908308029174805e-01
-7.405653595924377441e-02, 9.899991750717163086e-01, 5.524906516075134277e-02
6.979655027389526367e-01, 6.624032258987426758e-01, -2.476677745580673218e-01
4.068074226379394531e-01, -7.820096611976623535e-01, 4.705240130424499512e-01
6.579349637031555176e-01, 1.024911999702453613e-01, 7.417923808097839355e-01
-3.752221167087554932e-01, -9.103370308876037598e-01, 1.662736088037490845e-01
-1.518152058124542236e-01, -7.479425072669982910e-01, -6.426550745964050293e-01
5.616300702095031738e-01, 2.051593661308288574e-01, 7.987095117568969727e-01
6.684291958808898926e-01, 1.273310510441660881e-03, 7.422252297401428223e-01
9.663144946098327637e-01, 1.745660454034805298e-01, 1.686904430389404297e-01
4.832014739513397217e-01, 8.555145859718322754e-01, 1.698912531137466431e-01
6.299293041229248047e-01, 7.543057203292846680e-01, 1.763937771320343018e-01
9.029356241226196289e-01, -2.195096164941787720e-01, -3.635038435459136963e-01
8.500952720642089844e-01, 4.925613999366760254e-01, -1.496774703264236450e-01
-4.106186628341674805e-01, 2.773292735219001770e-02, 9.102672338485717773e-01
6.701860427856445312e-01, 6.371340751647949219e-01, -3.666521906852722168e-01
-4.337807744741439819e-02, 9.638637304306030273e-01, -2.360284626483917236e-01
1.825151741504669189e-01, -2.495027780532836914e-01, 9.499886631965637207e-01
7.191113233566284180e-01, -2.034616768360137939e-01, 6.593180894851684570e-01
-5.506521463394165039e-02, -9.892066717147827148e-01, 7.208599150180816650e-02
6.953120231628417969e-01, 7.075103521347045898e-01, 6.647972017526626587e-02
-2.079395949840545654e-01, -9.006308764219284058e-02, -9.730715751647949219e-01
-6.820850968360900879e-01, 4.564288854598999023e-01, 5.659358501434326172e-01
5.533824563026428223e-01, 4.899324774742126465e-01, 6.675593256950378418e-01
-4.966231882572174072e-01, -1.559305340051651001e-01, -8.528043627738952637e-01
9.331665039062500000e-01, -2.839971780776977539e-01, 1.893825680017471313e-01
-9.177167415618896484e-01, 5.139296501874923706e-02, 3.827549815177917480e-01
-7.472960948944091797e-01, 5.945973992347717285e-01, 2.769054472446441650e-01
-3.516408205032348633e-01, 3.913078010082244873e-01, -8.477802276611328125e-01
7.457339763641357422e-01, 6.013683676719665527e-01, 2.762761712074279785e-01
-9.235174059867858887e-01, -5.988134443759918213e-02, 3.701331615447998047e-01
-1.196663975715637207e-01, 9.772002696990966797e-01, -1.506672203540802002e-01
2.307738922536373138e-02, 9.839901328086853027e-01, -1.594905406236648560e-01
-7.989832162857055664e-01, -3.727839589118957520e-01, -4.611918032169342041e-01
-4.996540248394012451e-01, 6.733445823192596436e-02, 8.622046113014221191e-01
-4.565037488937377930e-01, 6.085895895957946777e-01, -6.451916098594665527e-01
-7.279590368270874023e-01, -3.977109789848327637e-01, -5.531297922134399414e-01
-8.787082433700561523e-01, -4.648550152778625488e-01, -5.177206173539161682e-02
-8.683910369873046875e-01, -4.145752787590026855e-01, -2.478810548782348633e-01
3.516037762165069580e-01, -4.831906855106353760e-01, 7.990480661392211914e-01
9.814367294311523438e-01, -1.507136523723602295e-01, 6.062310561537742615e-02
-2.400344610214233398e-01, -2.257466763257980347e-01, -9.435729980468750000e-01
-1.458699107170104980e-01, 4.931961297988891602e-01, -8.557332158088684082e-01
2.816956341266632080e-01, 9.436598420143127441e-01, 1.623769998550415039e-01
2.732171416282653809e-01, -6.989120244979858398e-01, 6.551009416580200195e-01
-8.941026926040649414e-01, 1.397639885544776917e-02, -4.341366887092590332e-01
3.891619443893432617e-01, 8.966097831726074219e-01, 1.803659796714782715e-01
-6.720540523529052734e-01, 3.428585827350616455e-03, 7.358927726745605469e-01
4.446424245834350586e-01, 8.911263346672058105e-01, 5.658333003520965576e-02
3.045567274093627930e-01, 1.221470758318901062e-01, -9.436079859733581543e-01
1.984371542930603027e-01, -7.373690009117126465e-01, -6.446872353553771973e-01
-3.742315173149108887e-01, -7.831199169158935547e-01, 4.870237112045288086e-01
-2.818709909915924072e-01, 4.275423586368560791e-01, 8.582929372787475586e-01
-3.823211193084716797e-01, -9.208756685256958008e-01, -4.699407890439033508e-02
3.247561752796173096e-01, -4.003237187862396240e-01, -8.561759591102600098e-01
-9.452294111251831055e-01, -2.717655897140502930e-01, -1.571479290723800659e-01
-5.872714519500732422e-01, -1.448591053485870361e-01, -7.935242056846618652e-01
3.407821953296661377e-01, -2.452593147754669189e-01, -9.070726037025451660e-01
7.620341777801513672e-01, -5.212298035621643066e-01, 3.741363584995269775e-01
8.421036601066589355e-01, -5.246686339378356934e-01, 5.990081280469894409e-02
9.383222460746765137e-01, -1.291254460811614990e-01, 3.007144331932067871e-01
-2.398750483989715576e-01, 9.265373945236206055e-01, 2.703710496425628662e-01
1.199496611952781677e-01, -9.495834708213806152e-01, 2.717361450195312500e-01
4.964298009872436523e-01, 5.751463174819946289e-01, 6.492159366607666016e-01
-7.441576719284057617e-01, -3.797920793294906616e-02, 6.617334485054016113e-01
2.343694567680358887e-01, -9.306587576866149902e-01, 2.722268104553222656e-01
-6.239510178565979004e-01, 6.241433620452880859e-01, -4.656069278717041016e-01
3.157475888729095459e-01, -4.027535915374755859e-01, 8.578770160675048828e-01
-2.147216051816940308e-01, 2.441621199250221252e-02, -9.763176441192626953e-01
7.644734382629394531e-01, 6.306202411651611328e-01, 9.114632010459899902e-02
-3.830959796905517578e-01, -1.779516637325286865e-01, -9.049580097198486328e-01
2.774867713451385498e-01, -6.025420427322387695e-01, 7.441038489341735840e-01
6.839227080345153809e-01, -7.214797735214233398e-01, 6.377366371452808380e-03
-9.690861701965332031e-01, -1.732361614704132080e-01, -1.375266164541244507e-01
-7.601895332336425781e-01, 3.508788347244262695e-01, -5.370893478393554688e-01
5.564779043197631836e-01, 6.123484969139099121e-01, -5.574193000793457031e-01
5.481442809104919434e-02, 9.617461562156677246e-01, 2.673610150814056396e-01
8.209924697875976562e-01, -5.428912639617919922e-01, -1.403366774320602417e-01
-8.175436258316040039e-01, 3.382488489151000977e-01, -4.560907781124114990e-01
-4.913273751735687256e-01, 7.878082990646362305e-01, -3.622664213180541992e-01
-3.547926545143127441e-01, 6.643040180206298828e-01, 6.522196531295776367e-01
-8.007791638374328613e-01, 1.563822031021118164e-01, 5.706345438957214355e-01
7.440803050994873047e-01, -6.579717397689819336e-01, -4.552675038576126099e-02
4.999468326568603516e-01, 5.774946212768554688e-01, -6.442306041717529297e-01
-2.551377415657043457e-01, 6.423404216766357422e-01, -7.223032116889953613e-01
-7.043829560279846191e-02, 8.791993856430053711e-01, -4.610705077648162842e-01
-9.577112197875976562e-01, -4.557992145419120789e-02, 2.680733799934387207e-01
-2.161566615104675293e-01, 8.480025529861450195e-01, 4.740867018699645996e-01
1.159759163856506348e-01, -9.637234210968017578e-01, -2.132087051868438721e-01
8.208516240119934082e-01, -4.161974787712097168e-01, 3.823001086711883545e-01
-3.334421217441558838e-01, 2.176049649715423584e-01, 9.156816601753234863e-01
4.149035811424255371e-01, 4.208314120769500732e-01, 8.035717010498046875e-01
3.078814446926116943e-01, -7.112325727939605713e-02, 9.484368562698364258e-01
7.498710155487060547e-01, -2.914948165416717529e-01, 5.865036249160766602e-01
-7.808841466903686523e-01, 6.130850315093994141e-01, -2.111057564616203308e-02
-9.311978816986083984e-01, 3.226196169853210449e-01, 1.638083904981613159e-01
-6.267001628875732422e-01, 7.293010950088500977e-01, -2.508289217948913574e-01
-4.377108514308929443e-01, 8.866814374923706055e-01, 9.355460852384567261e-02
-3.746987283229827881e-01, -3.500389456748962402e-01, 8.581016063690185547e-01
-3.044782876968383789e-01, -2.431560494005680084e-02, 9.512382745742797852e-01
8.024305105209350586e-01, -4.638975560665130615e-01, -3.606086969375610352e-01
7.952203750610351562e-01, 6.038073897361755371e-01, -1.320349983870983124e-02
2.894935011863708496e-01, 3.111720681190490723e-01, -9.040205478668212891e-01
8.053032755851745605e-01, -1.839236915111541748e-01, 5.624268651008605957e-01
-7.699987888336181641e-01, 4.289863705635070801e-01, -4.670829176902770996e-01
1.145949065685272217e-01, 6.700198054313659668e-01, 7.293255925178527832e-01
9.131185412406921387e-01, 3.950270116329193115e-01, 6.549696624279022217e-02
4.770368933677673340e-01, 2.194862812757492065e-01, -8.503315448760986328e-01
-5.317368507385253906e-01, 2.628904581069946289e-01, 8.019657135009765625e-01
2.517065703868865967e-01, -9.295995235443115234e-01, -2.667638361454010010e-01
-7.528853416442871094e-01, -6.476868987083435059e-01, 6.658300757408142090e-02
-9.917888641357421875e-01, -6.139035895466804504e-02, 6.234982982277870178e-02
7.478806972503662109e-01, 4.643841385841369629e-01, -4.642929434776306152e-01
1.916750520467758179e-01, -7.972304821014404297e-01, 5.678985118865966797e-01
-1.468177735805511475e-01, -2.916084527969360352e-01, -9.440914392471313477e-01
-9.154013544321060181e-02, 5.668605118989944458e-02, 9.941083192825317383e-01
1.154835224151611328e-01, 9.723503589630126953e-01, 1.746503263711929321e-01
9.476979374885559082e-01, 2.932028770446777344e-01, 6.311670690774917603e-02
8.099506497383117676e-01, 4.528259634971618652e-01, -3.584125041961669922e-01
-9.575841426849365234e-01, -1.979442834854125977e-01, 1.768298745155334473e-01
-7.704495191574096680e-01, 1.374531537294387817e-02, -6.305270195007324219e-01
-2.005568593740463257e-01, -9.600843787193298340e-01, 1.722474098205566406e-01
-2.419050782918930054e-01, 3.284763097763061523e-01, 9.117381572723388672e-01
-6.637312471866607666e-02, 8.242102861404418945e-01, -5.549423098564147949e-01
-2.465916275978088379e-01, -5.492196679115295410e-01, 7.966585159301757812e-01
7.671449780464172363e-01, 5.254290625452995300e-02, -6.333374977111816406e-01
6.669584512710571289e-01, -3.968437910079956055e-01, -6.230694055557250977e-01
-6.440860033035278320e-01, 7.438540458679199219e-01, -1.352802067995071411e-01
2.549899518489837646e-01, 8.937923312187194824e-01, -3.666960895061492920e-01
9.213978052139282227e-02, -9.412735700607299805e-01, -3.096752762794494629e-01
-2.943567037582397461e-01, -6.972140669822692871e-01, 6.514036059379577637e-01
-8.141139745712280273e-01, -5.677725076675415039e-01, 6.306172907352447510e-02
-1.412375718355178833e-01, 9.521063566207885742e-01, -2.654797136783599854e-01
-4.426249861717224121e-01, -6.216856837272644043e-01, -6.438709497451782227e-01
7.621023654937744141e-01, 5.085142254829406738e-01, 3.882749378681182861e-01
5.621289014816284180e-01, -7.974706888198852539e-01, 1.870168894529342651e-01
8.372176289558410645e-01, 3.933191299438476562e-01, 3.774528801441192627e-01
-5.028578042984008789e-01, -7.224007844924926758e-01, 4.720565080642700195e-01
1.264654844999313354e-01, -5.088514089584350586e-01, -8.500185012817382812e-01
5.886021256446838379e-01, 7.873283624649047852e-01, -1.531562656164169312e-01
8.080841302871704102e-01, 3.501226603984832764e-01, 4.696416854858398438e-01
-5.922462344169616699e-01, -6.465195417404174805e-01, 4.719973802566528320e-01
9.491378068923950195e-01, -2.585877180099487305e-01, -1.527502685785293579e-01
-1.631559729576110840e-01, -9.849314093589782715e-01, -8.511612191796302795e-03
8.996137380599975586e-01, -4.297782778739929199e-01, 5.658790469169616699e-02
-3.210583031177520752e-01, -3.094544447958469391e-02, -9.462437629699707031e-01
8.491956591606140137e-01, 2.193198949098587036e-01, 4.743332862854003906e-01
-1.698317080736160278e-01, 8.758252263069152832e-01, -4.445113241672515869e-01
4.717672765254974365e-01, 8.794760107994079590e-01, -4.600501805543899536e-02
6.854142248630523682e-02, -6.680565476417541504e-01, 7.373568415641784668e-01
-5.593868494033813477e-01, 8.269948959350585938e-01, 5.415160581469535828e-02
-6.262511610984802246e-01, 7.640456557273864746e-01, 9.970728307962417603e-02
-6.261980533599853516e-01, -4.320132732391357422e-01, -6.444297432899475098e-01
1.420270949602127075e-01, -5.994674563407897949e-01, -7.850884199142456055e-01
-7.952671647071838379e-01, -2.092097103595733643e-01, 5.627215504646301270e-01
-3.802557587623596191e-01, -3.524927794933319092e-01, -8.545068502426147461e-01
-9.943116456270217896e-03, 9.814403057098388672e-01, 1.640609502792358398e-01
5.024902820587158203e-01, 8.461969494819641113e-01, -1.494890451431274414e-01
5.849387645721435547e-01, -4.070964455604553223e-01, -6.968888640403747559e-01
-1.814276576042175293e-01, 1.194933876395225525e-01, -9.758130908012390137e-01
-1.135476976633071899e-01, 9.741929173469543457e-01, 1.714859306812286377e-01
-5.615314245223999023e-01, -5.144780278205871582e-01, -6.465182304382324219e-01
6.909165978431701660e-01, -1.033089160919189453e-01, -7.107636332511901855e-01
4.659924283623695374e-02, -9.268099069595336914e-01, 3.714081346988677979e-01
9.728817939758300781e-01, -2.215105146169662476e-01, -5.170388147234916687e-02
1.339386403560638428e-01, 8.347899913787841797e-01, -5.233719944953918457e-01
-3.667590618133544922e-01, 5.879502892494201660e-01, -7.179717421531677246e-01
4.615490436553955078e-01, -7.548097372055053711e-01, -4.566256105899810791e-01
-6.632966995239257812e-01, -5.673842430114746094e-01, 4.799486994743347168e-01
1.154151111841201782e-01, 4.091443717479705811e-01, -9.047481417655944824e-01
-7.354528307914733887e-01, -4.684916734695434570e-01, 4.839724004268646240e-01
3.971455991268157959e-01, 6.267600059509277344e-01, 6.644187569618225098e-01
2.454979419708251953e-01, 6.391555070877075195e-01, -7.250121831893920898e-01
-2.578971683979034424e-01, -9.586300849914550781e-01, -3.561471402645111084e-02
2.578751146793365479e-01, -9.636588096618652344e-01, -5.263051763176918030e-02
-6.999790072441101074e-01, 3.453759551048278809e-01, -6.174778342247009277e-01
-6.619442701339721680e-01, 1.304247379302978516e-01, 7.337963581085205078e-01
-7.086749672889709473e-01, 5.873928666114807129e-01, 3.785592913627624512e-01
-9.343121051788330078e-01, -1.503692939877510071e-02, -3.379707336425781250e-01
3.100808858871459961e-01, 9.048998355865478516e-01, 2.749552428722381592e-01
-3.344104886054992676e-01, 7.144305855035781860e-02, -9.378508329391479492e-01
-9.885299205780029297e-01, 3.452569246292114258e-02, 9.252218157052993774e-02
5.136922746896743774e-02, 5.082093477249145508e-01, 8.582643270492553711e-01
1.967023611068725586e-01, -9.082850217819213867e-01, -3.563923537731170654e-01
7.982479333877563477e-01, 5.780507326126098633e-01, -1.529546082019805908e-01
-3.355649113655090332e-02, 9.117946028709411621e-01, 3.945953547954559326e-01
9.177005290985107422e-01, -2.578134834766387939e-01, 2.851834893226623535e-01
2.310025878250598907e-02, -5.126526951789855957e-01, 8.578240871429443359e-01
-1.542144566774368286e-01, 3.896824419498443604e-01, 9.078114628791809082e-01
-4.679939150810241699e-01, -7.627153992652893066e-01, -4.363586604595184326e-01
-3.542880415916442871e-01, -8.114537000656127930e-01, -4.585586190223693848e-01
-1.982025243341922760e-02, -7.686765193939208984e-01, -6.329476833343505859e-01
5.473011732101440430e-01, -6.989648938179016113e-01, -4.524949789047241211e-01
-1.493574082851409912e-01, -8.071160316467285156e-01, 5.680196285247802734e-01
-8.062577247619628906e-01, 1.801615208387374878e-01, -5.557000637054443359e-01
7.471242547035217285e-01, -6.535673141479492188e-01, 6.167598441243171692e-02
-2.172304093837738037e-01, -4.788656532764434814e-01, -8.484975099563598633e-01
5.543534085154533386e-02, 9.505292028188705444e-02, -9.938111901283264160e-01
-7.474436759948730469e-01, -2.991493642330169678e-01, -5.861318111419677734e-01
-6.451360583305358887e-01, 6.673745512962341309e-01, -3.619119524955749512e-01
-6.742764264345169067e-03, 2.199486792087554932e-01, -9.749056100845336914e-01
6.016457825899124146e-02, 8.820905685424804688e-01, -4.643702805042266846e-01
3.060400485992431641e-01, -1.419507563114166260e-01, -9.404752850532531738e-01
-2.992011606693267822e-01, 3.103376626968383789e-01, -9.007813334465026855e-01
-8.775275945663452148e-01, 1.134174987673759460e-01, -4.617910385131835938e-01
-9.817144870758056641e-01, -2.090298756957054138e-02, -1.556211858987808228e-01
1.717402040958404541e-01, -6.617934107780456543e-01, 7.283580899238586426e-01
-7.089357823133468628e-02, 8.694536685943603516e-01, 4.789431691169738770e-01
5.337080359458923340e-01, -2.690694332122802734e-01, 7.998754978179931641e-01
-3.685799241065979004e-01, 3.581389188766479492e-01, 8.573299646377563477e-01
-9.880525469779968262e-01, 9.199051558971405029e-02, -9.694162756204605103e-02
1.884952932596206665e-01, 5.536012649536132812e-01, 8.080610036849975586e-01
4.987338483333587646e-01, 8.217923641204833984e-01, -2.576588988304138184e-01
3.332937061786651611e-01, 2.202783524990081787e-02, -9.411554336547851562e-01
-7.582744956016540527e-01, -5.789777040481567383e-01, 2.790341675281524658e-01
-5.234954506158828735e-02, 4.057290852069854736e-01, 9.113333225250244141e-01
7.461667656898498535e-01, 1.543152481317520142e-01, -6.463887691497802734e-01
-4.700743257999420166e-01, -5.300762653350830078e-01, -6.998289823532104492e-01
9.165162444114685059e-01, -3.637174665927886963e-01, -1.281839907169342041e-01
-7.494428157806396484e-01, 4.557541906833648682e-01, 4.782357513904571533e-01
-5.711402744054794312e-02, -9.190542697906494141e-01, 3.760487735271453857e-01
-5.396779179573059082e-01, -7.512140274047851562e-01, 3.735973834991455078e-01
-5.648630857467651367e-01, -8.226632475852966309e-01, -3.485744446516036987e-02
4.145023524761199951e-01, 3.012357950210571289e-01, 8.579196333885192871e-01
-9.233062863349914551e-01, 3.684628903865814209e-01, -4.277753829956054688e-02
-2.639900743961334229e-01, 9.433403611183166504e-01, 1.684207618236541748e-01
-8.635030388832092285e-01, 2.225794047117233276e-01, -4.405282735824584961e-01
3.659412860870361328e-01, -9.227731227874755859e-01, -4.054686054587364197e-02
-6.011579632759094238e-01, -3.359308242797851562e-01, -7.228658199310302734e-01
9.558667540550231934e-01, 5.135059822350740433e-03, 2.886679172515869141e-01
9.250582754611968994e-02, 6.129006147384643555e-01, -7.805969715118408203e-01
-5.861338376998901367e-01, -1.189061254262924194e-02, 8.066368103027343750e-01
-4.493116587400436401e-02, 1.186799556016921997e-01, -9.910586476325988770e-01
-3.442924618721008301e-01, 8.969827890396118164e-01, 2.719976902008056641e-01
2.248567938804626465e-01, 6.456235647201538086e-01, 7.265300750732421875e-01
8.767275810241699219e-01, 3.996477723121643066e-01, -2.651105225086212158e-01
7.433807253837585449e-01, -5.213174968957901001e-02, 6.612020730972290039e-01
7.003246545791625977e-01, -2.991684675216674805e-01, -6.454402804374694824e-01
-7.252285629510879517e-02, -8.776214718818664551e-01, -4.642535150051116943e-01
5.306627601385116577e-02, 3.919388055801391602e-01, 9.163969755172729492e-01
9.475593566894531250e-01, 1.106637716293334961e-01, 2.792517542839050293e-01
1.323309391736984253e-01, -8.368271589279174805e-01, -5.204368829727172852e-01
5.349639058113098145e-01, 2.672040648758411407e-02, -8.417522311210632324e-01
-9.926800131797790527e-01, -1.033780425786972046e-01, -3.353784978389739990e-02
-2.302057147026062012e-01, -9.652867913246154785e-01, 6.328541040420532227e-02
-4.150142520666122437e-02, -6.714187860488891602e-01, 7.353588342666625977e-01
-8.108545541763305664e-01, 5.113988518714904785e-01, 2.761607170104980469e-01
6.702814698219299316e-01, -6.460963487625122070e-01, -3.480370342731475830e-01
-7.864630222320556641e-01, -3.718348145484924316e-01, 4.824731349945068359e-01
3.885258436203002930e-01, -6.619462370872497559e-01, -6.365296840667724609e-01
-6.341809034347534180e-01, -5.097914934158325195e-01, 5.736739039421081543e-01
5.480361580848693848e-01, -2.715256214141845703e-01, -7.893344163894653320e-01
-8.287011384963989258e-01, 5.480968356132507324e-01, 6.579016149044036865e-02
-6.263976097106933594e-01, -7.266216278076171875e-01, -2.610658407211303711e-01
-4.664403796195983887e-01, 5.869987010955810547e-01, 6.562114357948303223e-01
-1.138178482651710510e-01, -5.997795611619949341e-02, -9.907097816467285156e-01
-4.579489305615425110e-02, -9.565988779067993164e-01, 2.681654095649719238e-01
-7.340768575668334961e-01, -1.816576421260833740e-01, 6.491830945014953613e-01
4.295193552970886230e-01, -6.243641376495361328e-01, 6.472134590148925781e-01
7.272092252969741821e-02, -9.333179891109466553e-02, -9.924379587173461914e-01
-7.762306928634643555e-01, 4.979169964790344238e-01, 3.793564140796661377e-01
8.751063942909240723e-01, 3.260122835636138916e-01, -3.407132625579833984e-01
-5.755078196525573730e-01, 7.366895675659179688e-01, -3.387505710124969482e-01
4.914103746414184570e-01, -6.533527970314025879e-01, 5.694848299026489258e-01
-7.445927858352661133e-01, -6.608245968818664551e-01, -4.533880949020385742e-02
-4.975030422210693359e-01, 4.179340302944183350e-01, -7.556307315826416016e-01
4.326434805989265442e-03, -6.026498079299926758e-01, 7.961198091506958008e-01
4.627926647663116455e-01, -8.841832876205444336e-01, -5.163324996829032898e-02
-8.707579970359802246e-01, -4.527944922447204590e-01, 1.646732985973358154e-01
-6.781916618347167969e-01, -3.415322303771972656e-01, -6.458034515380859375e-01
-9.367749691009521484e-01, -3.024681806564331055e-01, 1.670183539390563965e-01
4.952915385365486145e-02, -2.218773365020751953e-01, -9.729517698287963867e-01
6.480797529220581055e-01, 4.036616683006286621e-01, -6.398370265960693359e-01
9.596326202154159546e-02, -7.557362318038940430e-01, -6.426361203193664551e-01
-4.945299923419952393e-01, -3.588893637061119080e-02, 8.664339184761047363e-01
-3.954288735985755920e-02, 3.107549548149108887e-01, 9.490077495574951172e-01
-8.279819488525390625e-01, -5.511301159858703613e-01, -4.580869525671005249e-02
-6.235482096672058105e-01, 2.678988277912139893e-01, 7.304621338844299316e-01
-8.759564161300659180e-01, -2.930510938167572021e-01, 3.810996711254119873e-01
5.008213520050048828e-01, -1.224953904747962952e-01, -8.560916185379028320e-01
-1.194693818688392639e-01, 4.084033370018005371e-01, -9.033202528953552246e-01
-4.797655716538429260e-02, 5.275558233261108398e-01, -8.453971147537231445e-01
-4.342000186443328857e-01, -7.064431905746459961e-01, -5.533711314201354980e-01
1.478082388639450073e-01, -2.889980375766754150e-01, -9.453899860382080078e-01
-8.967044353485107422e-01, -1.933025121688842773e-01, 3.836709856986999512e-01
1.313332617282867432e-01, -6.878229379653930664e-01, -7.086628675460815430e-01
4.777199327945709229e-01, -7.907155752182006836e-01, 3.722182810306549072e-01
-1.115833967924118042e-01, 3.124919831752777100e-01, -9.422671794891357422e-01
2.883996069431304932e-01, -8.856537342071533203e-01, 3.523415923118591309e-01
-5.878955125808715820e-02, 5.834650993347167969e-01, 8.068692684173583984e-01
-1.351581960916519165e-01, 9.167590737342834473e-01, 3.718478083610534668e-01
5.652601718902587891e-01, -7.255560159683227539e-01, 3.826742768287658691e-01
-5.969800949096679688e-01, 5.753809809684753418e-01, -5.575876235961914062e-01
-8.397659063339233398e-01, 5.356289148330688477e-01, -4.622458294034004211e-02
8.767989277839660645e-01, 6.855942774564027786e-03, 4.783011078834533691e-01
-1.493442803621292114e-01, -9.514352679252624512e-01, -2.665362954139709473e-01
3.795449435710906982e-01, -3.224333822727203369e-01, 8.649635314941406250e-01
-2.946236357092857361e-02, -9.622361063957214355e-01, -2.468950152397155762e-01
4.750366508960723877e-02, -9.965381622314453125e-01, 5.572932958602905273e-02
1.960676014423370361e-01, 5.769776105880737305e-01, -7.902002930641174316e-01
9.751822352409362793e-01, -1.225426197052001953e-01, -1.463294625282287598e-01
5.623800158500671387e-01, 2.219179868698120117e-01, -7.942740917205810547e-01
8.714663982391357422e-01, 1.072207093238830566e-01, 4.690153896808624268e-01
-3.609577715396881104e-01, 9.181989431381225586e-01, -1.594356894493103027e-01
1.879172958433628082e-02, 7.653540372848510742e-01, -6.401079893112182617e-01
7.057693600654602051e-01, 5.934782028198242188e-01, 3.766532838344573975e-01
-7.136818170547485352e-01, -5.183885097503662109e-01, -4.607412815093994141e-01
2.701713442802429199e-01, -6.304089426994323730e-01, -7.239419221878051758e-01
-3.276104331016540527e-01, -7.642264962196350098e-01, -5.514824390411376953e-01
-5.055434703826904297e-01, 8.372777700424194336e-01, 1.823099255561828613e-01
9.696833491325378418e-01, -1.259468644857406616e-01, 1.774116158485412598e-01
4.277983307838439941e-01, 1.592942140996456146e-02, -9.025003910064697266e-01
-3.157434165477752686e-01, 9.067549705505371094e-01, -2.663234472274780273e-01
-4.228523969650268555e-01, 3.002697825431823730e-01, -8.529332280158996582e-01
4.570557177066802979e-01, -3.941735029220581055e-01, -7.950555682182312012e-01
3.161369562149047852e-01, 5.132088065147399902e-01, -7.956563234329223633e-01
2.232190370559692383e-01, 1.937307976186275482e-02, -9.737805128097534180e-01
8.599439859390258789e-01, -4.249816536903381348e-01, 2.733299136161804199e-01
-7.180472016334533691e-01, -5.875149369239807129e-01, -3.592761456966400146e-01
-2.420099973678588867e-01, 7.198125720024108887e-01, -6.465928554534912109e-01
-1.057867705821990967e-02, 6.121488213539123535e-01, -7.874127030372619629e-01
-3.707599043846130371e-01, -8.508443832397460938e-01, -3.645927906036376953e-01
-4.970163851976394653e-02, -7.009751796722412109e-01, -7.058740854263305664e-01
-7.205142974853515625e-01, 5.945341587066650391e-01, -3.407170474529266357e-01
2.476373612880706787e-01, -2.233985811471939087e-01, -9.412791132926940918e-01
6.170976161956787109e-01, 6.891284584999084473e-01, 3.735962212085723877e-01
7.574225664138793945e-01, 3.253286778926849365e-01, 5.627178549766540527e-01
1.531243324279785156e-01, 8.535928726196289062e-01, 4.871293306350708008e-01
-8.401887416839599609e-01, -2.573392093181610107e-01, 4.724976420402526855e-01
3.253762125968933105e-01, 7.596948146820068359e-01, -5.556403994560241699e-01
2.454725801944732666e-01, 8.500083684921264648e-01, -4.637371897697448730e-01
-4.044218659400939941e-01, 4.575211703777313232e-01, -7.885268926620483398e-01
-6.653772592544555664e-01, 6.832719445228576660e-01, 2.865595221519470215e-01
-2.408294007182121277e-02, -9.794679284095764160e-01, 1.695652902126312256e-01
-2.962996065616607666e-01, -4.151565134525299072e-01, 8.591119647026062012e-01
2.347888350486755371e-01, 9.569848775863647461e-01, -1.495981365442276001e-01
2.737503647804260254e-01, 2.944137752056121826e-01, 9.140467643737792969e-01
-8.288386464118957520e-01, -6.459170579910278320e-02, -5.511850714683532715e-01
1.342058479785919189e-01, 9.723421931266784668e-01, -1.599690020084381104e-01
8.482069969177246094e-01, 2.781318128108978271e-02, -5.220659971237182617e-01
2.225637733936309814e-01, 7.258542776107788086e-01, 6.484242081642150879e-01
3.737877607345581055e-01, -4.758888483047485352e-01, -7.944043874740600586e-01
4.188819527626037598e-01, 3.059147596359252930e-01, -8.540992736816406250e-01
3.590030670166015625e-01, 3.883804678916931152e-01, -8.465269804000854492e-01
-1.374634951353073120e-01, -7.452513575553894043e-01, 6.503585577011108398e-01
-6.301684975624084473e-01, -5.334249734878540039e-01, -5.584602952003479004e-01
-3.952056765556335449e-01, 1.393579244613647461e-01, 9.076255559921264648e-01
-5.518503785133361816e-01, -2.718092203140258789e-01, -7.847198247909545898e-01
-3.675162494182586670e-01, -7.268863916397094727e-01, 5.723772644996643066e-01
8.251270651817321777e-01, 3.244365751743316650e-01, -4.527967572212219238e-01
1.290711611509323120e-01, 7.482171058654785156e-01, -6.453697681427001953e-01
5.376206040382385254e-01, -8.294450044631958008e-01, 9.535270929336547852e-02
-8.234992027282714844e-01, 7.459134608507156372e-02, -5.601184368133544922e-01
-8.797619342803955078e-01, -8.261647075414657593e-02, -4.653407037258148193e-01
-2.790287137031555176e-01, -5.489435791969299316e-01, -7.841017246246337891e-01
-9.626084566116333008e-01, 1.942369639873504639e-01, -1.543053388595581055e-01
8.065730333328247070e-01, -5.134447813034057617e-01, 2.736920118331909180e-01
4.074844717979431152e-01, -1.564153134822845459e-01, -8.976459503173828125e-01
-9.357931613922119141e-01, 2.277055233716964722e-01, -2.448744177818298340e-01
-7.908756285905838013e-02, -1.940151602029800415e-01, 9.774392247200012207e-01
-5.186128020286560059e-01, 8.369647860527038574e-01, -1.493401378393173218e-01
-5.309784412384033203e-01, -2.663443684577941895e-01, 8.014452457427978516e-01
8.083308935165405273e-01, 5.090445280075073242e-01, 2.759687602519989014e-01
-9.313375949859619141e-01, 2.225519418716430664e-01, 2.689737677574157715e-01
-9.472374320030212402e-01, -3.144343793392181396e-01, -3.692732751369476318e-02
3.645699918270111084e-01, 5.574383139610290527e-01, 7.410901188850402832e-01
2.510222792625427246e-01, -1.694110184907913208e-01, 9.518108963966369629e-01
4.503755569458007812e-01, -8.517755270004272461e-01, -2.672184407711029053e-01
-3.637406229972839355e-01, 9.143751859664916992e-01, 1.740166544914245605e-01
-9.782529473304748535e-01, 1.735110580921173096e-01, -3.351057320833206177e-02
-6.459435224533081055e-01, -6.024738550186157227e-01, -4.673534631729125977e-01
7.421343326568603516e-01, 3.879440426826477051e-01, -5.393531918525695801e-01
9.301954507827758789e-01, 9.442975372076034546e-02, -3.360544443130493164e-01
6.915218830108642578e-01, -6.872245073318481445e-01, 1.910025626420974731e-01
-1.520171016454696655e-01, -6.663292050361633301e-01, 7.267793416976928711e-01
-3.230841755867004395e-01, -2.719017267227172852e-01, -9.053072333335876465e-01
3.845500349998474121e-01, -5.848437547683715820e-01, -7.088090181350708008e-01
-3.026014566421508789e-01, -4.222944378852844238e-01, -8.533325195312500000e-01
9.571236371994018555e-01, -1.016141474246978760e-01, -2.465550303459167480e-01
-8.851164579391479492e-01, -4.495445787906646729e-01, 5.977439880371093750e-02
-2.443026304244995117e-01, -3.420818746089935303e-01, -9.068440198898315430e-01
8.723822832107543945e-01, -1.099179089069366455e-01, -4.666655659675598145e-01
-6.236206367611885071e-02, 9.455431699752807617e-01, 2.984647452831268311e-01
9.070355296134948730e-01, 4.169387817382812500e-01, -3.301130980253219604e-02
-5.471641421318054199e-01, -7.930529713630676270e-01, -2.641083300113677979e-01
-7.765943408012390137e-01, 5.078175663948059082e-01, -3.641170859336853027e-01
-7.220102548599243164e-01, 2.498416006565093994e-01, -6.441224813461303711e-01
3.243291974067687988e-01, 9.036577343940734863e-01, -2.601492702960968018e-01
-6.460564732551574707e-01, 7.279914617538452148e-01, 1.980862766504287720e-01
8.550039492547512054e-03, -5.155450105667114258e-01, -8.556771874427795410e-01
-8.732554316520690918e-01, 2.606712281703948975e-02, 4.768712520599365234e-01
-1.783202961087226868e-02, 4.248177409172058105e-01, -9.034897089004516602e-01
7.622126340866088867e-01, -6.195834279060363770e-01, 1.690309643745422363e-01
-9.443399906158447266e-01, -1.755283176898956299e-01, -2.579945921897888184e-01
-1.178353801369667053e-01, 7.532443404197692871e-01, -6.463319063186645508e-01
5.180503800511360168e-02, -3.298715949058532715e-01, -9.410814046859741211e-01
3.424328565597534180e-01, 3.721325099468231201e-01, 8.610978126525878906e-01
3.695408105850219727e-01, -7.984685301780700684e-01, -4.679898321628570557e-01
-9.174606204032897949e-01, -2.921898961067199707e-01, -2.633385956287384033e-01
9.239373728632926941e-03, 9.533786773681640625e-02, 9.947516322135925293e-01
-3.779463171958923340e-01, 6.731024384498596191e-01, -6.288350820541381836e-01
1.697410196065902710e-01, 7.976344227790832520e-01, 5.720723867416381836e-01
-2.621316909790039062e-01, 5.291175246238708496e-01, 8.038156032562255859e-01
-5.253193378448486328e-01, 4.078610539436340332e-01, 7.419017553329467773e-01
-2.733281254768371582e-01, 8.817296028137207031e-01, 3.718829452991485596e-01
9.354839324951171875e-01, -2.247431725263595581e-01, -2.658646702766418457e-01
8.650829195976257324e-01, -3.117901384830474854e-01, 3.791896104812622070e-01
5.923603475093841553e-02, 8.216586709022521973e-01, 5.643562078475952148e-01
4.321124255657196045e-01, 6.893382072448730469e-01, 5.741080045700073242e-01
-1.544913053512573242e-01, 6.714785695075988770e-01, -7.210781574249267578e-01
6.354255676269531250e-01, 2.763539850711822510e-01, -7.188789844512939453e-01
-1.037704497575759888e-01, -5.159228444099426270e-01, -8.484717011451721191e-01
2.202519774436950684e-01, -5.455185174942016602e-01, 8.051606416702270508e-01
5.038779228925704956e-03, -9.252763986587524414e-01, -3.698239028453826904e-01
-8.360048532485961914e-01, 3.701213002204895020e-01, 3.905168771743774414e-01
9.007580280303955078e-01, 3.994310498237609863e-01, -1.608238369226455688e-01
1.714076250791549683e-01, 1.297059506177902222e-01, 9.765636920928955078e-01
-2.047222554683685303e-01, 7.846210002899169922e-01, 5.771061182022094727e-01
5.914757251739501953e-01, 4.605333879590034485e-02, 8.019560575485229492e-01
5.874402523040771484e-01, -1.583199501037597656e-01, -7.913315892219543457e-01
-7.078798860311508179e-02, 5.004144906997680664e-01, 8.616374731063842773e-01
-9.865167140960693359e-01, 1.316770911216735840e-01, 6.262879818677902222e-02
9.638360738754272461e-01, 2.181296795606613159e-01, -1.434035599231719971e-01
3.669388294219970703e-01, -6.976715326309204102e-01, 6.126686334609985352e-01
2.149881869554519653e-01, 9.668431282043457031e-01, 8.921554684638977051e-02
6.710977554321289062e-01, 4.558111131191253662e-01, 5.781110525131225586e-01
6.955997347831726074e-01, 2.400340326130390167e-02, -7.149256467819213867e-01
-1.614400744438171387e-01, -6.128799319267272949e-01, -7.686754465103149414e-01
-6.302418112754821777e-01, 4.227191805839538574e-01, 6.475016474723815918e-01
1.320035904645919800e-01, -1.587403863668441772e-01, 9.779357910156250000e-01
-8.760415315628051758e-01, -7.682848721742630005e-02, 4.722098708152770996e-01
-7.906298637390136719e-01, 5.499801635742187500e-01, -2.476854026317596436e-01
-7.853081822395324707e-01, -5.848733186721801758e-01, 1.704879254102706909e-01
-3.576936423778533936e-01, -5.828289389610290527e-01, 7.269725799560546875e-01
-7.180712223052978516e-01, 6.925163865089416504e-01, -5.116292089223861694e-02
6.182481050491333008e-01, 7.774208784103393555e-01, 7.509814202785491943e-02
4.853344559669494629e-01, -7.933669686317443848e-01, -3.537603020668029785e-01
-9.539019465446472168e-01, 1.179578378796577454e-01, 2.703208625316619873e-01
-7.032002210617065430e-01, -2.851969897747039795e-01, 6.470648646354675293e-01
-3.412318229675292969e-01, 8.640266656875610352e-01, -3.693017363548278809e-01
1.372057944536209106e-01, -1.713750958442687988e-01, -9.752251505851745605e-01
5.334341526031494141e-01, 8.364728093147277832e-01, 6.323934346437454224e-02
9.867208003997802734e-01, -1.086558476090431213e-01, -3.930652141571044922e-02
4.024607837200164795e-01, 5.951118096709251404e-02, 9.119068384170532227e-01
5.829390287399291992e-01, -5.025969743728637695e-01, -6.326525211334228516e-01
-2.599539160728454590e-01, -9.213366508483886719e-01, 2.692942321300506592e-01
-7.225342392921447754e-01, -6.695715785026550293e-01, 1.646181046962738037e-01
-4.468548297882080078e-01, -2.567698955535888672e-01, -8.563321828842163086e-01
-1.638525351881980896e-02, -9.932504892349243164e-01, -4.523706808686256409e-02
-1.200312450528144836e-01, -9.196063280105590820e-01, -3.665215969085693359e-01
-2.713235914707183838e-01, -1.608737409114837646e-01, 9.486268758773803711e-01
8.646185994148254395e-01, -4.884637594223022461e-01, -4.613719135522842407e-02
7.046786546707153320e-01, -4.145737886428833008e-01, 5.681591033935546875e-01
8.989474773406982422e-01, -2.163129150867462158e-01, 3.756884932518005371e-01
8.233381509780883789e-01, -4.947926998138427734e-01, -2.553393840789794922e-01
6.805327534675598145e-02, 6.937764883041381836e-01, -7.133064270019531250e-01
-9.439154714345932007e-02, -8.219726085662841797e-01, -5.561438798904418945e-01
8.097146153450012207e-01, -5.797172784805297852e-01, -3.950687497854232788e-02
3.149461746215820312e-01, 8.120321631431579590e-01, 4.807524085044860840e-01
-9.259217381477355957e-01, -1.245016306638717651e-01, -3.477484583854675293e-01
-8.725583553314208984e-01, -3.887589573860168457e-01, 2.757140696048736572e-01
3.767418265342712402e-01, 1.657691001892089844e-01, 9.105362296104431152e-01
6.793271899223327637e-01, 4.700209200382232666e-01, -5.585963726043701172e-01
-5.136600732803344727e-01, 6.342169642448425293e-01, 5.703236460685729980e-01
1.095444113016128540e-01, 9.871307611465454102e-01, 6.180338189005851746e-02
1.014124453067779541e-01, 1.907050758600234985e-01, -9.763711690902709961e-01
7.335758209228515625e-01, -6.091890335083007812e-01, 2.865752577781677246e-01
-2.540211379528045654e-02, 1.900056898593902588e-01, 9.803196191787719727e-01
8.169568777084350586e-01, 1.172170341014862061e-01, -5.578737854957580566e-01
-6.554632186889648438e-01, -3.785041570663452148e-01, 6.514729857444763184e-01
4.177904427051544189e-01, 7.791180014610290527e-01, -4.662770032882690430e-01
-9.620440006256103516e-01, 2.466916739940643311e-01, 5.502919107675552368e-02
8.134689331054687500e-01, 1.037255674600601196e-02, 5.783847570419311523e-01
9.619305133819580078e-01, 6.547182053327560425e-02, -2.425692975521087646e-01
-8.847283720970153809e-01, -2.845714092254638672e-01, -3.651269078254699707e-01
2.954981327056884766e-01, 3.940931707620620728e-02, 9.530442953109741211e-01
5.510548353195190430e-01, -5.179982781410217285e-01, 6.488379240036010742e-01
1.337423175573348999e-01, -4.949402213096618652e-01, 8.581387996673583984e-01
4.562523961067199707e-01, -8.745878934860229492e-01, -1.590292900800704956e-01
6.766083836555480957e-01, 1.219644472002983093e-01, -7.237412333488464355e-01
-2.278757989406585693e-01, 2.198350876569747925e-01, 9.482697248458862305e-01
8.423401117324829102e-01, -2.796709537506103516e-01, -4.484046697616577148e-01
-5.182866454124450684e-01, -8.454270362854003906e-01, 8.159438520669937134e-02
2.893272042274475098e-01, 7.024795413017272949e-01, -6.447976827621459961e-01
-4.251144230365753174e-01, 2.698751688003540039e-01, 8.625783324241638184e-01
-7.003617286682128906e-01, 6.626628041267395020e-01, -2.644695043563842773e-01
8.025279641151428223e-01, 1.169172823429107666e-01, 5.775378942489624023e-01
-4.144442677497863770e-01, -9.036667346954345703e-01, 5.555685609579086304e-02
4.086832329630851746e-02, -8.252373933792114258e-01, 5.625076889991760254e-01
-3.456231951713562012e-01, 9.339339137077331543e-01, 5.715276300907135010e-02
-1.984074264764785767e-01, -6.790931224822998047e-01, -7.007890939712524414e-01
6.998925656080245972e-02, 7.464352250099182129e-01, 6.577274799346923828e-01
5.775408148765563965e-01, 3.780119121074676514e-01, -7.195673584938049316e-01
1.997451484203338623e-01, 3.695774078369140625e-01, 9.073080420494079590e-01
7.422865629196166992e-01, 6.572683900594711304e-02, 6.607958674430847168e-01
-1.790338158607482910e-01, 9.773976802825927734e-01, 8.197310566902160645e-02
-8.294266462326049805e-01, 5.271853804588317871e-01, 1.695233732461929321e-01
2.573604285717010498e-01, 4.535464644432067871e-01, -8.519189953804016113e-01
-6.413210630416870117e-01, -7.577139139175415039e-01, -5.281790345907211304e-02
8.360055685043334961e-01, 5.317054390907287598e-01, 7.467415928840637207e-02
4.918406307697296143e-01, 7.764044404029846191e-01, 3.807500600814819336e-01
-2.561834752559661865e-01, -6.382188796997070312e-01, 7.257866263389587402e-01
6.504516601562500000e-01, -6.884796619415283203e-01, 3.039699196815490723e-01
4.740924239158630371e-01, 4.838720560073852539e-01, 7.317069172859191895e-01
-3.682441413402557373e-01, -4.628128707408905029e-01, 8.032217621803283691e-01
-7.317861318588256836e-01, 3.578786849975585938e-01, 5.722932219505310059e-01
4.861612915992736816e-01, 3.433990478515625000e-01, 8.015322089195251465e-01
6.687718033790588379e-01, -2.160622328519821167e-01, -7.057516574859619141e-01
-4.634633064270019531e-01, 3.537161946296691895e-01, 8.087640404701232910e-01
-8.317198753356933594e-01, -4.823086857795715332e-01, 2.690944671630859375e-01
4.408973753452301025e-01, 4.442370533943176270e-01, -7.756384611129760742e-01
-8.673237562179565430e-01, 1.264314651489257812e-01, 4.752473235130310059e-01
-6.699395179748535156e-01, 1.413770318031311035e-01, -7.249733209609985352e-01
-4.256805777549743652e-01, -4.702186584472656250e-01, -7.684772610664367676e-01
9.443461894989013672e-01, 1.788980662822723389e-01, -2.664306461811065674e-01
-6.753338128328323364e-02, -4.073848426342010498e-01, 9.102756977081298828e-01
6.272970438003540039e-01, 7.308406233787536621e-01, -2.670723497867584229e-01
6.849474906921386719e-01, 7.052165865898132324e-01, -1.506768465042114258e-01
-7.601624727249145508e-01, 6.203147172927856445e-01, 1.639483273029327393e-01
-4.676302671432495117e-01, 4.915442466735839844e-01, 7.313441634178161621e-01
2.400403916835784912e-01, 2.187660634517669678e-01, -9.447741508483886719e-01
6.173895001411437988e-01, -7.805997729301452637e-01, 5.521924048662185669e-02
2.961866557598114014e-01, -7.039986252784729004e-01, -6.395663022994995117e-01
-1.147009432315826416e-01, 2.099454700946807861e-01, -9.695196151733398438e-01
-1.603418737649917603e-01, -1.277072876691818237e-01, 9.780250191688537598e-01
7.503922581672668457e-01, 5.464329123497009277e-01, -3.666967153549194336e-01
5.570656061172485352e-01, 8.216446638107299805e-01, -3.468116372823715210e-02
-4.934560656547546387e-01, -1.368876099586486816e-01, 8.574523925781250000e-01
4.319885671138763428e-01, -8.962595462799072266e-01, 5.579659715294837952e-02
-4.487822949886322021e-01, -7.875099182128906250e-01, 4.082712829113006592e-01
-1.201526150107383728e-01, -2.963434755802154541e-01, 9.474195241928100586e-01
-3.615667819976806641e-01, -8.493863344192504883e-01, 3.782085180282592773e-01
2.285200059413909912e-01, 7.960803508758544922e-01, -5.590649843215942383e-01
7.645489275455474854e-02, -4.231803417205810547e-01, -9.009180665016174316e-01
-6.456500291824340820e-01, 2.652976512908935547e-01, -7.114709615707397461e-01
-5.412173271179199219e-01, 5.392714738845825195e-01, -6.425333619117736816e-01
5.799698829650878906e-01, 7.639307975769042969e-01, 2.679040431976318359e-01
-7.465468645095825195e-01, 1.347368657588958740e-01, -6.469391584396362305e-01
-4.578543826937675476e-03, -7.432132363319396973e-01, 6.636321544647216797e-01
6.826963424682617188e-01, 7.227744460105895996e-01, -4.904313758015632629e-02
-4.336866736412048340e-01, -5.138828158378601074e-01, 7.355767488479614258e-01
-8.259040713310241699e-01, 4.183736443519592285e-01, -3.650666177272796631e-01
2.234568297863006592e-01, -8.050099611282348633e-01, -5.483023524284362793e-01
9.822431802749633789e-01, -2.606857568025588989e-02, 1.696909815073013306e-01
6.810028553009033203e-01, -6.845597624778747559e-01, -2.342990636825561523e-01
-9.926799535751342773e-01, -3.831364214420318604e-03, -5.258111655712127686e-02
-2.478432655334472656e-01, -9.286452531814575195e-01, -2.529301643371582031e-01
1.919435709714889526e-01, -8.977626562118530273e-01, 3.843329548835754395e-01
5.077396631240844727e-01, 7.176001071929931641e-01, -4.672381877899169922e-01
-1.408489346504211426e-01, 5.874076485633850098e-01, -7.943817973136901855e-01
-7.739841938018798828e-01, -1.265466809272766113e-01, -6.137850880622863770e-01
-2.595242112874984741e-02, -1.158629208803176880e-01, -9.923515915870666504e-01
3.337262272834777832e-01, 9.356090426445007324e-01, -4.619929566979408264e-02
2.519006431102752686e-01, -9.523856639862060547e-01, 1.637997180223464966e-01
-9.565732479095458984e-01, 2.720157504081726074e-01, -4.661974310874938965e-02
8.487323522567749023e-01, 5.148676037788391113e-01, -3.189960494637489319e-02
7.813268899917602539e-02, -9.773387908935546875e-01, 1.797720193862915039e-01
-1.894654184579849243e-01, 7.011179625988006592e-02, 9.786130189895629883e-01
4.540877044200897217e-01, 8.493926525115966797e-01, 2.676269710063934326e-01
1.792012304067611694e-01, 2.703219279646873474e-02, 9.819836020469665527e-01
-3.860955834388732910e-01, -6.568760871887207031e-01, 6.427655220031738281e-01
