1.687277078628540039e+00,2.625798881053924561e-01
1.208825945854187012e+00,4.230114936828613281e+00
1.795519232749938965e+00,2.588775753974914551e-01
1.495710253715515137e+00,2.864692449569702148e+00
1.058885455131530762e+00,2.718444585800170898e+00
2.527493000030517578e+00,3.814923286437988281e+00
1.559725403785705566e+00,5.395620346069335938e+00
3.988251686096191406e-01,2.919959602877497673e-03
1.369891285896301270e+00,2.333846569061279297e+00
5.949138998985290527e-01,5.234970569610595703e+00
4.905482232570648193e-01,3.583418846130371094e+00
1.840185046195983887e+00,6.052240371704101562e+00
1.220531821250915527e+00,2.913252353668212891e+00
9.510077238082885742e-01,4.904412746429443359e+00
2.578309059143066406e+00,3.162856996059417725e-01
8.627055883407592773e-01,1.533770918846130371e+00
4.232367277145385742e-01,4.640298843383789062e+00
5.303171873092651367e-01,1.619834899902343750e+00
6.873665452003479004e-01,6.075453758239746094e+00
9.191412925720214844e-01,2.659562349319458008e+00
7.132731080055236816e-01,1.483354210853576660e+00
6.891472935676574707e-01,5.440938949584960938e+00
1.597837209701538086e+00,3.396632432937622070e+00
4.034371972084045410e-01,2.180909156799316406e+00
1.236007571220397949e+00,2.386957705020904541e-01
9.393061995506286621e-01,3.896127939224243164e+00
1.390928149223327637e+00,4.052352428436279297e+00
2.536944389343261719e+00,2.396508753299713135e-01
1.885417699813842773e+00,3.508887052536010742e+00
7.941541671752929688e-01,5.248228549957275391e+00
7.351777553558349609e-01,3.783406496047973633e+00
1.501349925994873047e+00,4.877492427825927734e+00
4.331564307212829590e-01,1.932069420814514160e+00
1.626864552497863770e+00,4.799427032470703125e+00
9.726955890655517578e-01,3.001251697540283203e+00
1.930991709232330322e-01,5.964226722717285156e+00
2.020040154457092285e-01,3.722464561462402344e+00
1.407165884971618652e+00,3.184246778488159180e+00
6.104562282562255859e-01,1.226063370704650879e-01
7.471655011177062988e-01,5.477009773254394531e+00
1.179667115211486816e+00,2.569369077682495117e+00
5.855296850204467773e-01,2.349117040634155273e+00
7.247489094734191895e-01,3.475212335586547852e+00
3.688206672668457031e-01,1.058842182159423828e+00
1.395137310028076172e+00,5.272178649902343750e+00
9.222704172134399414e-01,2.462200820446014404e-01
1.061509728431701660e+00,1.685742497444152832e+00
6.158766746520996094e-01,5.026279449462890625e+00
1.731310129165649414e+00,4.364116668701171875e+00
6.488289237022399902e-01,3.592115640640258789e+00
1.403417706489562988e+00,2.541638135910034180e+00
4.802399277687072754e-01,3.273379802703857422e+00
1.572317123413085938e+00,4.137291572988033295e-03
1.244469761848449707e+00,5.900716781616210938e+00
8.332914710044860840e-01,9.002625942230224609e-01
2.924499511718750000e+00,3.836573839187622070e+00
1.551491618156433105e+00,3.293234586715698242e+00
3.206211030483245850e-01,2.432204246520996094e+00
6.455916762351989746e-01,3.846992254257202148e+00
7.446285486221313477e-01,4.845069885253906250e+00
7.276145219802856445e-01,5.067410469055175781e+00
6.487806439399719238e-01,5.499713420867919922e+00
5.017369389533996582e-01,6.086531639099121094e+00
8.926678895950317383e-01,4.698482751846313477e-01
1.030991435050964355e+00,6.153072118759155273e-01
9.338092803955078125e-01,1.033076524734497070e+00
1.469097018241882324e+00,4.341322898864746094e+00
-8.139877580106258392e-03,1.702773690223693848e+00
8.266505002975463867e-01,2.123288154602050781e+00
8.959022164344787598e-01,3.359412193298339844e+00
2.645820379257202148e-01,6.093404293060302734e+00
5.920048356056213379e-01,3.891482353210449219e+00
1.005558967590332031e+00,4.265214920043945312e+00
1.424400568008422852e+00,3.586993455886840820e+00
9.314560294151306152e-01,3.229722023010253906e+00
3.861695826053619385e-01,1.338542938232421875e+00
3.182901740074157715e-01,4.105503082275390625e+00
1.557064056396484375e+00,4.203800261020660400e-01
1.040000617504119873e-01,7.521572113037109375e-01
2.751673460006713867e+00,5.589129447937011719e+00
1.800356268882751465e+00,2.918739795684814453e+00
1.052023053169250488e+00,3.006099164485931396e-01
4.677933156490325928e-01,1.227874040603637695e+00
8.503571152687072754e-01,4.409430980682373047e+00
7.458258271217346191e-01,1.646875023841857910e+00
1.627741575241088867e+00,2.125462442636489868e-01
5.206916332244873047e-01,1.119361400604248047e+00
1.508704781532287598e+00,1.679924368858337402e+00
6.817883253097534180e-01,1.633160948753356934e+00
7.047293186187744141e-01,2.106680870056152344e+00
1.134421825408935547e+00,4.823187828063964844e+00
1.891252160072326660e+00,8.375925421714782715e-01
4.235022962093353271e-01,2.792465925216674805e+00
9.686823487281799316e-01,3.682056903839111328e+00
1.037384271621704102e+00,1.211753129959106445e+00
1.625025391578674316e+00,2.287014484405517578e+00
5.724248290061950684e-01,5.989976525306701660e-01
8.548147082328796387e-01,5.324732780456542969e+00
1.066134452819824219e+00,3.515996411442756653e-02
2.133127212524414062e+00,4.493852138519287109e+00
8.664786219596862793e-01,2.635430574417114258e+00
1.511709332466125488e+00,5.485107898712158203e+00
1.341796517372131348e+00,5.189519882202148438e+00
1.732762575149536133e+00,1.757987022399902344e+00
2.102428436279296875e+00,2.231451123952865601e-01
6.871854662895202637e-01,4.193370342254638672e+00
5.859002470970153809e-01,4.207910060882568359e+00
2.003044843673706055e+00,3.234101533889770508e+00
5.413503050804138184e-01,4.422590732574462891e+00
2.450254917144775391e+00,2.076392412185668945e+00
3.010324537754058838e-01,5.707407474517822266e+00
1.357902407646179199e+00,8.267122507095336914e-01
2.166056156158447266e+00,2.710581719875335693e-01
1.294117808341979980e+00,5.066371917724609375e+00
1.769297957420349121e+00,3.413879632949829102e+00
1.384285449981689453e+00,3.629526853561401367e+00
1.042474031448364258e+00,3.657013893127441406e+00
1.240462064743041992e+00,2.627485036849975586e+00
1.274619102478027344e+00,5.011461973190307617e-01
5.409042239189147949e-01,1.354329586029052734e+00
1.136146306991577148e+00,3.309091567993164062e+00
1.049499630928039551e+00,2.389320850372314453e+00
1.465732216835021973e+00,1.971153497695922852e+00
1.164372086524963379e+00,4.282670497894287109e+00
1.117658019065856934e+00,3.576089143753051758e+00
1.133553981781005859e+00,1.209465026855468750e+00
1.030157089233398438e+00,2.065120458602905273e+00
1.549838066101074219e+00,1.421868443489074707e+00
4.196892976760864258e-01,3.102084398269653320e+00
1.404405713081359863e+00,1.890497088432312012e+00
5.218227505683898926e-01,5.304331779479980469e+00
7.822585105895996094e-01,4.692278385162353516e+00
3.028918743133544922e+00,2.080435991287231445e+00
9.977039098739624023e-01,5.059322357177734375e+00
9.645463824272155762e-01,5.713757127523422241e-02
7.908700108528137207e-01,9.902670979499816895e-01
2.056064844131469727e+00,3.966607093811035156e+00
1.234091162681579590e+00,3.358053684234619141e+00
1.482864022254943848e+00,2.894428372383117676e-01
1.045297741889953613e+00,4.111803531646728516e+00
1.229561090469360352e+00,3.713655233383178711e+00
4.591152966022491455e-01,4.408823490142822266e+00
1.103414654731750488e+00,2.686938047409057617e+00
1.248249292373657227e+00,1.843952298164367676e+00
1.406664848327636719e+00,4.624440193176269531e+00
2.153203785419464111e-01,1.152064800262451172e+00
7.527412176132202148e-01,2.851216793060302734e+00
1.840825557708740234e+00,2.494667291641235352e+00
5.337657928466796875e-01,3.388976335525512695e+00
1.299108386039733887e+00,3.397461414337158203e+00
1.082850813865661621e+00,3.353363513946533203e+00
6.931377053260803223e-01,2.908351421356201172e+00
3.689758181571960449e-01,6.495215296745300293e-01
1.045414924621582031e+00,6.021305561065673828e+00
5.374749302864074707e-01,4.745644569396972656e+00
7.857123017311096191e-01,3.412881374359130859e+00
5.375077724456787109e-01,5.043734550476074219e+00
1.694398641586303711e+00,4.989919185638427734e+00
8.270236253738403320e-01,5.104822158813476562e+00
2.759035825729370117e+00,4.461255073547363281e+00
4.332504570484161377e-01,2.516383171081542969e+00
1.139115452766418457e+00,3.905741930007934570e+00
8.868588805198669434e-01,4.417104244232177734e+00
7.493549585342407227e-01,2.179104089736938477e+00
1.910823583602905273e+00,2.695037364959716797e+00
6.105583906173706055e-01,1.059905409812927246e+00
2.124560922384262085e-01,4.066506862640380859e+00
7.487391829490661621e-01,6.505621671676635742e-01
8.643342256546020508e-01,5.661178112030029297e+00
1.036720395088195801e+00,3.363675832748413086e+00
4.882028400897979736e-01,2.995432138442993164e+00
9.720369577407836914e-01,6.087905406951904297e+00
3.832303285598754883e-01,5.987204551696777344e+00
1.506317138671875000e+00,4.009838581085205078e+00
3.890823125839233398e-01,4.900225639343261719e+00
1.728932976722717285e+00,3.550005912780761719e+00
7.969377040863037109e-01,5.655037403106689453e+00
4.290828704833984375e-01,5.957266807556152344e+00
1.186427235603332520e+00,4.869063496589660645e-01
4.691728949546813965e-01,4.032734870910644531e+00
5.728324055671691895e-01,6.093882083892822266e+00
9.443963170051574707e-01,4.209716320037841797e+00
2.148811966180801392e-01,8.165908455848693848e-01
8.415362238883972168e-01,5.866173744201660156e+00
4.691600203514099121e-01,5.905551433563232422e+00
1.183092355728149414e+00,5.700856208801269531e+00
2.643154144287109375e+00,2.109689712524414062e+00
1.248219847679138184e+00,9.599701762199401855e-01
1.328660249710083008e+00,2.249184370040893555e+00
1.693596124649047852e+00,1.119520425796508789e+00
1.191583991050720215e+00,5.259470548480749130e-03
6.813823580741882324e-01,1.908549189567565918e+00
7.533371448516845703e-01,6.093926429748535156e+00
9.750041365623474121e-01,4.283846318721771240e-01
5.575332641601562500e-01,5.865073680877685547e+00
8.553655147552490234e-01,6.530187129974365234e-01
7.426924109458923340e-01,3.211584329605102539e+00
5.790556669235229492e-01,5.658561229705810547e+00
7.569745182991027832e-01,3.567505121231079102e+00
6.465648412704467773e-01,3.162859678268432617e+00
1.405466318130493164e+00,7.242689728736877441e-01
5.327252745628356934e-01,2.543861150741577148e+00
1.191468954086303711e+00,3.813519239425659180e+00
1.075567960739135742e+00,8.714371323585510254e-01
7.878630757331848145e-01,4.218923151493072510e-01
1.188647747039794922e+00,4.849898338317871094e+00
1.052583530545234680e-01,4.326956748962402344e+00
6.200280189514160156e-01,3.418455839157104492e+00
2.477233648300170898e+00,3.195245265960693359e-01
7.754025459289550781e-01,5.897578716278076172e+00
1.015538454055786133e+00,3.874190330505371094e+00
6.493604779243469238e-01,1.050714015960693359e+00
6.405819058418273926e-01,1.711714982986450195e+00
1.111846327781677246e+00,1.738014340400695801e+00
1.729608416557312012e+00,5.971657633781433105e-01
1.144685864448547363e+00,2.272996306419372559e-01
4.834108054637908936e-01,9.665333628654479980e-01
2.815760135650634766e+00,3.918246269226074219e+00
1.161786913871765137e+00,1.711205601692199707e+00
1.346067190170288086e+00,1.629360206425189972e-02
2.896824598312377930e+00,1.011193990707397461e+00
2.814605236053466797e+00,4.974499225616455078e+00
1.074916869401931763e-01,5.670086860656738281e+00
2.422950506210327148e+00,2.826806306838989258e-01
6.249968409538269043e-01,2.925570726394653320e+00
1.329637885093688965e+00,3.616013526916503906e+00
9.495524764060974121e-01,2.560237884521484375e+00
4.733664393424987793e-01,5.943371653556823730e-01
6.992470622062683105e-01,3.713135957717895508e+00
8.984952569007873535e-01,4.851119518280029297e+00
8.183845877647399902e-01,3.590219736099243164e+00
8.325395584106445312e-01,1.350306510925292969e+00
8.256900906562805176e-01,3.228448867797851562e+00
2.898383855819702148e+00,5.336764335632324219e+00
1.728883624076843262e+00,5.609549045562744141e+00
1.655804872512817383e+00,6.659816503524780273e-01
6.308721303939819336e-01,1.264220118522644043e+00
1.636295318603515625e+00,6.010275840759277344e+00
6.830372214317321777e-01,2.340791076421737671e-01
1.458444714546203613e+00,3.358165979385375977e+00
1.063351511955261230e+00,5.752559185028076172e+00
9.746402502059936523e-01,3.992623805999755859e+00
8.660072088241577148e-01,3.207604408264160156e+00
2.912899017333984375e+00,2.956314682960510254e-01
5.809743404388427734e-01,3.288288593292236328e+00
1.584702968597412109e+00,9.041656851768493652e-01
5.830236077308654785e-01,4.484280586242675781e+00
1.508396029472351074e+00,3.373415231704711914e+00
8.553306460380554199e-01,4.073684692382812500e+00
7.216938734054565430e-01,5.041573047637939453e-01
7.162783741950988770e-01,4.000141143798828125e+00
2.508263587951660156e+00,1.708588600158691406e+00
7.098172903060913086e-01,5.650515079498291016e+00
6.700568199157714844e-01,4.651968002319335938e+00
3.028845071792602539e+00,4.240741252899169922e+00
1.333703994750976562e+00,1.233903646469116211e+00
1.221119523048400879e+00,2.319403648376464844e+00
8.374990224838256836e-01,2.782339096069335938e+00
1.362262964248657227e+00,4.543599128723144531e+00
1.077986240386962891e+00,2.132903814315795898e+00
9.491991400718688965e-01,2.078039407730102539e+00
1.297940969467163086e+00,5.674427986145019531e+00
5.076834559440612793e-01,7.221234440803527832e-01
3.032272577285766602e+00,4.809192180633544922e+00
5.027606487274169922e-01,4.256651401519775391e+00
4.270711839199066162e-01,2.235894948244094849e-01
2.842033386230468750e+00,5.851412296295166016e+00
1.168974399566650391e+00,5.348613262176513672e+00
4.681358933448791504e-01,5.485615253448486328e+00
1.661805629730224609e+00,4.256072998046875000e+00
5.397167205810546875e-01,2.706632316112518311e-01
2.059734463691711426e-01,2.738085389137268066e-02
2.656093597412109375e+00,3.434889018535614014e-01
7.433157563209533691e-01,5.762556076049804688e+00
1.432421088218688965e+00,4.019933223724365234e+00
6.858758330345153809e-01,5.826299667358398438e+00
7.086440920829772949e-01,1.165066361427307129e+00
8.952259421348571777e-01,3.856968641281127930e+00
4.023193717002868652e-01,4.107571125030517578e+00
1.299799919128417969e+00,4.410237789154052734e+00
1.684834241867065430e+00,5.895998954772949219e+00
9.140333533287048340e-01,6.079231739044189453e+00
2.754750251770019531e+00,9.550179243087768555e-01
1.082492828369140625e+00,2.926831960678100586e+00
9.082616567611694336e-01,1.896757125854492188e+00
9.673398733139038086e-01,1.713664054870605469e+00
1.033374428749084473e+00,2.909308433532714844e+00
1.774562716484069824e+00,4.630660533905029297e+00
1.251772999763488770e+00,4.475523471832275391e+00
1.455097198486328125e+00,5.076796531677246094e+00
4.139865934848785400e-01,3.398532867431640625e+00
9.430537819862365723e-01,2.852218866348266602e+00
8.560779094696044922e-01,3.800362348556518555e+00
2.377760648727416992e+00,3.028470277786254883e-01
1.632455825805664062e+00,3.736310958862304688e+00
3.007975816726684570e+00,9.986178874969482422e-01
6.446757316589355469e-01,5.889993190765380859e+00
2.301341772079467773e+00,2.320681661367416382e-01
1.535710096359252930e+00,2.899262905120849609e+00
2.555855989456176758e+00,2.278960466384887695e+00
3.239348530769348145e-01,2.111421108245849609e+00
6.065346598625183105e-01,3.654973030090332031e+00
9.114252328872680664e-01,2.909199476242065430e+00
4.333056509494781494e-01,6.371850967407226562e-01
1.690782546997070312e+00,3.759214878082275391e+00
5.902824997901916504e-01,2.761159658432006836e+00
8.235749006271362305e-01,3.873541831970214844e+00
7.220427393913269043e-01,2.728347301483154297e+00
7.578035593032836914e-01,5.239076137542724609e+00
2.754355192184448242e+00,3.395781993865966797e+00
1.083129525184631348e+00,3.980451822280883789e+00
5.832093954086303711e-01,8.714468479156494141e-01
6.814050078392028809e-01,3.934631347656250000e+00
3.030880451202392578e+00,5.360832214355468750e+00
4.315011203289031982e-01,5.658433914184570312e+00
2.687964677810668945e+00,1.475147366523742676e+00
9.731298089027404785e-01,5.664648056030273438e+00
3.032073974609375000e+00,3.479594469070434570e+00
2.340826988220214844e+00,2.752651274204254150e-01
6.153271198272705078e-01,5.717197418212890625e+00
3.643733859062194824e-01,5.259685516357421875e+00
7.573867440223693848e-01,4.494498729705810547e+00
3.027774572372436523e+00,3.093565404415130615e-01
2.707289457321166992e+00,2.356041222810745239e-01
1.393109440803527832e+00,3.110192120075225830e-01
7.979326844215393066e-01,1.251828551292419434e+00
7.185484170913696289e-01,5.314368247985839844e+00
5.379641056060791016e-01,2.858210802078247070e+00
1.840760350227355957e+00,6.241573691368103027e-01
1.654731750488281250e+00,5.452847003936767578e+00
2.154819518327713013e-01,2.311176776885986328e+00
9.748831987380981445e-01,2.743807554244995117e+00
1.733263254165649414e+00,2.928251743316650391e+00
1.162505507469177246e+00,5.995604038238525391e+00
1.116237044334411621e+00,4.238058090209960938e+00
1.813383340835571289e+00,1.577301979064941406e+00
7.510481476783752441e-01,1.924232602119445801e+00
1.353980898857116699e+00,5.960018157958984375e+00
2.705406665802001953e+00,4.971373081207275391e+00
9.267196655273437500e-01,2.324720144271850586e+00
1.439335227012634277e+00,2.902626514434814453e+00
1.700572609901428223e+00,2.423811435699462891e+00
3.182168006896972656e-01,4.363843426108360291e-02
8.648607730865478516e-01,5.039262294769287109e+00
1.236183524131774902e+00,5.065975189208984375e+00
6.442805528640747070e-01,1.958570480346679688e+00
5.723534822463989258e-01,7.263034582138061523e-02
7.044923305511474609e-01,5.048600025475025177e-03
8.973947167396545410e-01,2.334494143724441528e-02
6.299214363098144531e-01,8.505461215972900391e-01
9.299680590629577637e-01,6.229884624481201172e-01
1.293759226799011230e+00,2.545578241348266602e+00
1.544349312782287598e+00,3.784999132156372070e+00
1.075680494308471680e+00,4.478703498840332031e+00
7.926169633865356445e-01,3.799571037292480469e+00
7.173650860786437988e-01,2.413571178913116455e-01
8.588144183158874512e-01,1.991557836532592773e+00
3.924486041069030762e-01,4.395711421966552734e+00
6.468279361724853516e-01,2.391702830791473389e-01
6.810799241065979004e-01,5.026084780693054199e-01
6.444244384765625000e-01,4.838707447052001953e+00
5.380848646163940430e-01,5.368928313255310059e-01
5.728723406791687012e-01,1.716152548789978027e+00
1.067190468311309814e-01,4.889402866363525391e+00
8.621378540992736816e-01,1.098856329917907715e+00
8.136863112449645996e-01,6.077934265136718750e+00
2.161107212305068970e-01,1.904722690582275391e+00
7.265038490295410156e-01,2.996465921401977539e+00
2.623937606811523438e+00,3.536568641662597656e+00
6.136541962623596191e-01,2.548168182373046875e+00
1.059447005391120911e-01,2.543051481246948242e+00
7.055444121360778809e-01,3.249818563461303711e+00
1.299808263778686523e+00,8.414362668991088867e-01
6.031130552291870117e-01,1.896356940269470215e+00
1.944789439439773560e-01,2.863934993743896484e+00
1.031880453228950500e-01,1.334490895271301270e+00
8.458193540573120117e-01,4.396479576826095581e-02
8.031169772148132324e-01,2.722540125250816345e-02
3.095918297767639160e-01,5.344370365142822266e+00
2.610254287719726562e+00,5.184650897979736328e+00
1.628715634346008301e+00,1.217157959938049316e+00
1.766731023788452148e+00,2.481919288635253906e+00
1.556753754615783691e+00,2.485295295715332031e+00
2.216401338577270508e+00,2.567803561687469482e-01
6.712954044342041016e-01,1.265311717987060547e+00
5.684263110160827637e-01,5.413570404052734375e+00
1.808097720146179199e+00,3.916668176651000977e+00
4.990372955799102783e-01,5.649634361267089844e+00
1.692958235740661621e+00,3.031619548797607422e+00
1.188798904418945312e+00,3.384751319885253906e+00
2.262724399566650391e+00,2.887198030948638916e-01
1.839555978775024414e+00,3.327566385269165039e+00
1.516231060028076172e+00,4.913009703159332275e-03
1.463204860687255859e+00,5.580137252807617188e+00
1.156764864921569824e+00,3.573107242584228516e+00
2.114408016204833984e-01,5.462368965148925781e+00
5.832675099372863770e-01,3.462267518043518066e-01
7.719734311103820801e-01,1.457478761672973633e+00
6.037881374359130859e-01,5.478988170623779297e+00
2.816311359405517578e+00,1.214729905128479004e+00
3.228282630443572998e-01,5.040399074554443359e+00
5.385485291481018066e-01,5.601916313171386719e+00
1.083385467529296875e+00,5.451319694519042969e+00
1.010956645011901855e+00,5.409708023071289062e+00
4.973638653755187988e-01,4.895167350769042969e+00
7.799813151359558105e-01,4.995613574981689453e+00
7.823151350021362305e-01,2.469573736190795898e+00
1.296247005462646484e+00,1.951937913894653320e+00
1.017285957932472229e-01,3.184051275253295898e+00
7.512518167495727539e-01,2.542795896530151367e+00
7.927511334419250488e-01,6.680793166160583496e-01
1.456764221191406250e+00,2.520642280578613281e+00
7.410316467285156250e-01,1.309055566787719727e+00
1.356127023696899414e+00,3.367213726043701172e+00
6.456732153892517090e-01,5.247331142425537109e+00
1.009831428527832031e+00,2.370227575302124023e+00
8.569759130477905273e-01,2.339723110198974609e+00
1.514985442161560059e+00,6.453855037689208984e-01
5.043649077415466309e-01,4.390101730823516846e-01
1.436807870864868164e+00,1.382286787033081055e+00
5.936741828918457031e-01,1.287867069244384766e+00
9.264484643936157227e-01,1.581576228141784668e+00
1.299671053886413574e+00,2.131994962692260742e-01
2.699890375137329102e+00,2.830759048461914062e+00
6.277692317962646484e-01,6.164880752563476562e+00
2.798375606536865234e+00,2.685068249702453613e-01
1.948453068733215332e+00,3.297201156616210938e+00
8.172017931938171387e-01,4.536166191101074219e+00
1.454023122787475586e+00,6.487580537796020508e-01
4.835320115089416504e-01,5.228511810302734375e+00
3.174083232879638672e-01,4.431681156158447266e+00
1.539200425148010254e+00,5.876792430877685547e+00
8.210524320602416992e-01,2.499462366104125977e-01
2.057376056909561157e-01,1.569539308547973633e+00
1.028255462646484375e+00,4.684252738952636719e+00
4.311189651489257812e-01,1.495569705963134766e+00
9.038733839988708496e-01,5.281375408172607422e+00
6.442391872406005859e-01,2.366805076599121094e+00
2.670780897140502930e+00,3.935361385345458984e+00
1.445876479148864746e+00,5.894422531127929688e-03
3.226989507675170898e-01,6.026290893554687500e+00
6.213292479515075684e-01,2.156821250915527344e+00
4.912912249565124512e-01,1.794436335563659668e+00
3.763783276081085205e-01,1.695942878723144531e+00
7.143006324768066406e-01,4.718220233917236328e+00
9.731399416923522949e-01,7.822037935256958008e-01
8.218498826026916504e-01,4.208612442016601562e+00
1.147201418876647949e+00,7.420499324798583984e-01
7.539585232734680176e-01,3.995949029922485352e+00
8.080200552940368652e-01,2.872352361679077148e+00
9.094666242599487305e-01,4.131222248077392578e+00
2.920529127120971680e+00,3.134976863861083984e+00
6.993587613105773926e-01,7.533687949180603027e-01
4.238788783550262451e-01,1.102718472480773926e+00
8.631602525711059570e-01,2.931621074676513672e+00
2.928408682346343994e-01,3.433252573013305664e+00
2.957186937332153320e+00,5.861487388610839844e+00
6.250727176666259766e-01,4.384726881980895996e-01
5.219479203224182129e-01,5.867279529571533203e+00
5.383477807044982910e-01,3.127926111221313477e+00
5.790640115737915039e-01,4.967742443084716797e+00
1.121052384376525879e+00,2.224328517913818359e+00
4.973750114440917969e-01,4.611200332641601562e+00
4.034360349178314209e-01,5.441135406494140625e+00
6.251536011695861816e-01,4.444954395294189453e+00
1.170927166938781738e+00,2.225680828094482422e+00
1.072014942765235901e-01,1.913133263587951660e-01
1.011700153350830078e+00,1.631986737251281738e+00
1.264815807342529297e+00,3.568250894546508789e+00
1.263345956802368164e+00,2.287607431411743164e+00
1.408236861228942871e+00,5.685943603515625000e+00
1.375696778297424316e+00,2.829269409179687500e+00
4.874811768531799316e-01,2.355995655059814453e+00
2.814917325973510742e+00,2.875587224960327148e+00
1.340735197067260742e+00,2.645617961883544922e+00
1.261798381805419922e+00,4.000780582427978516e+00
8.220568895339965820e-01,5.464506626129150391e+00
6.847862005233764648e-01,3.452845096588134766e+00
8.239582180976867676e-01,2.390821218490600586e+00
1.014419674873352051e+00,3.142270803451538086e+00
1.986256241798400879e+00,7.586653232574462891e-01
7.799640297889709473e-01,2.720400571823120117e+00
6.491636633872985840e-01,2.726855278015136719e+00
3.622826039791107178e-01,2.271049320697784424e-01
4.891647100448608398e-01,1.483562707901000977e+00
1.340209841728210449e+00,4.000555992126464844e+00
1.058707475662231445e+00,3.159081220626831055e+00
2.040464162826538086e+00,3.442413806915283203e-01
1.105557322502136230e+00,3.146370410919189453e+00
1.590782761573791504e+00,3.922012805938720703e+00
7.040725946426391602e-01,4.432333946228027344e+00
1.662517666816711426e+00,1.882577300071716309e+00
7.552002668380737305e-01,1.060406088829040527e+00
1.888296604156494141e+00,5.748000621795654297e+00
1.799234867095947266e+00,5.564768314361572266e+00
1.191403150558471680e+00,1.066445827484130859e+00
3.120118379592895508e-01,1.094993233680725098e+00
9.695808291435241699e-01,4.522771358489990234e+00
7.895008921623229980e-01,4.361505508422851562e+00
1.008268117904663086e+00,2.679676055908203125e+00
2.112393379211425781e-01,4.649939060211181641e+00
5.313977003097534180e-01,3.795224189758300781e+00
9.648144841194152832e-01,1.292925715446472168e+00
3.155013620853424072e-01,7.770243883132934570e-01
1.541332483291625977e+00,4.445919513702392578e+00
8.904851675033569336e-01,2.168281316757202148e+00
1.139747381210327148e+00,2.532784700393676758e+00
3.697675764560699463e-01,5.651805400848388672e+00
6.954171657562255859e-01,4.943365097045898438e+00
8.491607904434204102e-01,3.438054800033569336e+00
3.237423598766326904e-01,4.370844364166259766e-01
6.229000687599182129e-01,4.078911304473876953e+00
9.286385774612426758e-01,5.834300518035888672e+00
6.493099927902221680e-01,1.472874641418457031e+00
8.912908434867858887e-01,2.461899280548095703e+00
6.063022017478942871e-01,6.603472232818603516e-01
3.237606883049011230e-01,1.417239189147949219e+00
1.575784206390380859e+00,2.903899669647216797e+00
1.311992883682250977e+00,2.913393974304199219e+00
1.180755615234375000e+00,2.921726703643798828e+00
1.478868126869201660e+00,1.100585937500000000e+00
-6.981852464377880096e-03,3.596029996871948242e+00
1.659509539604187012e+00,3.342268943786621094e+00
1.583263397216796875e+00,4.703701019287109375e+00
3.242155313491821289e-01,3.146995544433593750e+00
7.881713509559631348e-01,4.066981315612792969e+00
9.202497005462646484e-01,5.568875312805175781e+00
1.467904686927795410e+00,3.788288831710815430e+00
9.211997389793395996e-01,4.545475006103515625e+00
1.080768823623657227e+00,5.045562267303466797e+00
8.930539488792419434e-01,1.295598626136779785e+00
6.858233213424682617e-01,5.184247016906738281e+00
4.268991053104400635e-01,3.786169767379760742e+00
3.028511285781860352e+00,2.681667327880859375e+00
2.890723705291748047e+00,2.446853399276733398e+00
1.586142659187316895e+00,2.000582456588745117e+00
6.837950944900512695e-01,9.912036061286926270e-01
1.486095666885375977e+00,5.939165592193603516e+00
3.987636268138885498e-01,4.277504384517669678e-01
9.726622700691223145e-01,3.251818180084228516e+00
2.598395586013793945e+00,2.052441120147705078e+00
1.841354846954345703e+00,5.007562160491943359e+00
5.598264932632446289e-01,1.103535771369934082e+00
7.971591353416442871e-01,1.904792308807373047e+00
1.932719826698303223e+00,2.464567273855209351e-01
1.357937693595886230e+00,5.588100910186767578e+00
1.005116581916809082e+00,3.580060958862304688e+00
7.389389276504516602e-01,4.216462373733520508e-02
1.732202172279357910e+00,6.240565776824951172e+00
9.490376114845275879e-01,3.444771528244018555e+00
8.109304308891296387e-01,2.624207496643066406e+00
8.943836688995361328e-01,8.339844942092895508e-01
8.337814807891845703e-01,1.741500496864318848e+00
2.103368639945983887e-01,5.096054077148437500e+00
5.402025580406188965e-01,8.817095756530761719e-01
9.536079168319702148e-01,5.311694622039794922e+00
5.378009676933288574e-01,6.104907512664794922e+00
1.389345884323120117e+00,1.243610739707946777e+00
1.286230921745300293e+00,6.163352966308593750e+00
8.588963150978088379e-01,6.096191883087158203e+00
6.096703410148620605e-01,1.556730747222900391e+00
7.187515497207641602e-01,5.950258731842041016e+00
7.240782976150512695e-01,9.204687476158142090e-01
1.772075295448303223e+00,9.783962965011596680e-01
8.666476011276245117e-01,2.711633741855621338e-01
1.286755800247192383e+00,1.327005028724670410e+00
1.657347917556762695e+00,2.696772813796997070e+00
7.547371983528137207e-01,2.939530313014984131e-01
6.696133613586425781e-01,5.639372393488883972e-03
4.261067509651184082e-01,5.102287769317626953e+00
2.014673203229904175e-01,4.609441459178924561e-01
7.788878083229064941e-01,3.148195028305053711e+00
1.921885132789611816e+00,4.383249282836914062e+00
1.131963968276977539e+00,2.871384143829345703e+00
3.228042125701904297e-01,2.762786865234375000e+00
1.362932562828063965e+00,1.787262678146362305e+00
8.780701160430908203e-01,3.585050106048583984e+00
1.591207981109619141e+00,5.847653388977050781e+00
5.372999906539916992e-01,4.049721240997314453e+00
2.923708438873291016e+00,1.746976256370544434e+00
5.379049181938171387e-01,2.226988554000854492e+00
1.344542264938354492e+00,4.192654788494110107e-01
3.129630088806152344e-01,3.799059629440307617e+00
8.242223262786865234e-01,4.975328743457794189e-01
1.080927610397338867e+00,3.638429880142211914e+00
6.031518578529357910e-01,4.701778888702392578e+00
2.977162301540374756e-01,4.742330551147460938e+00
1.271032094955444336e+00,2.839974164962768555e+00
2.917989253997802734e+00,4.574451923370361328e+00
7.113999724388122559e-01,1.773164510726928711e+00
1.266461133956909180e+00,3.180866003036499023e+00
9.211568832397460938e-01,3.643778085708618164e+00
5.336450338363647461e-01,1.914342761039733887e+00
2.580809116363525391e+00,3.820820331573486328e+00
1.625703811645507812e+00,3.056097507476806641e+00
1.252648472785949707e+00,5.468094348907470703e+00
7.389554977416992188e-01,4.233571529388427734e+00
5.834694504737854004e-01,3.012406110763549805e+00
1.396508336067199707e+00,6.186016559600830078e+00
4.902185499668121338e-01,2.070815086364746094e+00
8.597295284271240234e-01,4.705908298492431641e+00
1.503775238990783691e+00,2.346037387847900391e+00
7.951608300209045410e-01,2.227700471878051758e+00
7.223064899444580078e-01,2.374020099639892578e+00
6.492320299148559570e-01,6.407116651535034180e-01
2.682940661907196045e-01,2.990849018096923828e-01
6.817882061004638672e-01,2.325413703918457031e+00
6.045069694519042969e-01,5.959669589996337891e+00
8.019454479217529297e-01,1.599155545234680176e+00
4.035954177379608154e-01,8.462769389152526855e-01
1.975664138793945312e+00,4.785781860351562500e+00
3.069761693477630615e-01,1.758615136146545410e+00
2.774052381515502930e+00,2.040702342987060547e+00
5.785346031188964844e-01,2.101438283920288086e+00
1.296258568763732910e+00,3.794653654098510742e+00
6.853728294372558594e-01,2.664599895477294922e+00
8.131684064865112305e-01,4.835965633392333984e+00
6.498509049415588379e-01,4.256587505340576172e+00
9.728092551231384277e-01,2.341087579727172852e+00
