-4.238917231559753418e-01, 3.783873319625854492e+00, 8.516442030668258667e-02
1.364629864692687988e+00, 3.581368207931518555e+00, -5.438747406005859375e-01
-8.037190437316894531e-01, 3.681443691253662109e+00, 6.677296012639999390e-02
3.307700157165527344e-01, 4.182585716247558594e+00, 1.216052770614624023e-01
1.750284433364868164e+00, 3.053569555282592773e+00, 2.776252031326293945e-01
-5.436004996299743652e-01, 1.286463737487792969e+00, -5.694852024316787720e-02
4.045989364385604858e-02, 3.864233970642089844e+00, -3.201082944869995117e-01
-4.911307096481323242e-01, 7.986198663711547852e-01, 1.820035045966506004e-03
8.475439548492431641e-01, 3.996787309646606445e+00, 3.766029477119445801e-01
1.443188786506652832e-01, 1.457813739776611328e+00, -6.083630323410034180e-01
7.493834495544433594e-01, 6.098007559776306152e-01, -2.895922660827636719e-01
-9.518097043037414551e-01, 3.624579668045043945e+00, -5.246789008378982544e-02
1.432544827461242676e+00, 3.709692955017089844e+00, 1.371754407882690430e-01
1.311476230621337891e+00, 2.680729866027832031e+00, -7.018278837203979492e-01
-2.796638607978820801e-01, 1.189865112304687500e+00, 2.973759919404983521e-02
1.196929216384887695e+00, 2.318757534027099609e+00, 7.250835895538330078e-01
1.561157256364822388e-01, 6.588513255119323730e-01, -6.453409790992736816e-01
3.134182691574096680e-01, 1.006505966186523438e+00, 6.859878897666931152e-01
1.555074006319046021e-01, 2.031677722930908203e+00, -1.478142142295837402e-01
1.708041548728942871e+00, 2.345324993133544922e+00, 3.282034397125244141e-01
7.298717498779296875e-01, 1.750300526618957520e+00, 7.239699363708496094e-01
3.326330482959747314e-01, 1.905910015106201172e+00, -5.381628274917602539e-01
-1.168653964996337891e-01, 4.171730995178222656e+00, -9.505368024110794067e-02
4.283056855201721191e-01, 5.016731023788452148e-01, 5.224075913429260254e-01
9.994274973869323730e-01, 3.358692646026611328e+00, 1.446872502565383911e-01
1.664960622787475586e+00, 2.479619741439819336e+00, -4.815879464149475098e-01
7.567983865737915039e-01, 4.013742923736572266e+00, -4.040781259536743164e-01
-3.924698233604431152e-01, 1.339752554893493652e+00, 1.992180384695529938e-02
-1.193927407264709473e+00, 3.674784183502197266e+00, -7.012537121772766113e-02
7.643069624900817871e-01, 2.229018211364746094e+00, -6.296515464782714844e-01
1.276666164398193359e+00, 1.461927890777587891e+00, -4.348600506782531738e-01
2.717387974262237549e-01, 3.944221973419189453e+00, -4.405161738395690918e-01
3.343600630760192871e-01, 6.210212111473083496e-01, 6.094565987586975098e-01
-2.218556851148605347e-01, 3.971889495849609375e+00, -3.607576787471771240e-01
1.810989618301391602e+00, 2.611358165740966797e+00, 9.900560230016708374e-02
-4.793896079063415527e-01, 1.734903156757354736e-01, -1.624193638563156128e-01
4.362300932407379150e-01, 1.379187405109405518e-01, -2.898288965225219727e-01
7.236193418502807617e-01, 4.132926940917968750e+00, -2.163214050233364105e-02
-9.067685157060623169e-02, 1.719575405120849609e+00, 8.516116440296173096e-02
5.129342675209045410e-01, 2.134385347366333008e+00, -5.259234309196472168e-01
1.524309873580932617e+00, 3.551820278167724609e+00, 3.407072722911834717e-01
8.223270177841186523e-01, 9.419611692428588867e-01, 5.008367896080017090e-01
1.321668505668640137e+00, 1.358548998832702637e+00, -2.358714342117309570e-01
-2.195492535829544067e-01, 5.994499921798706055e-01, 5.385189652442932129e-01
6.377044320106506348e-01, 3.747415065765380859e+00, -4.379315972328186035e-01
9.185869097709655762e-01, 2.743480920791625977e+00, 1.763316392898559570e-01
1.496446728706359863e+00, 3.050839662551879883e+00, 6.721637248992919922e-01
3.112560510635375977e-01, 1.464034080505371094e+00, -6.751056909561157227e-01
-6.456760764122009277e-01, 3.945002079010009766e+00, -2.760592103004455566e-01
1.098261594772338867e+00, 1.071425318717956543e+00, -3.130159974098205566e-01
7.247660160064697266e-01, 4.084980487823486328e+00, 2.865033149719238281e-01
7.829537391662597656e-01, 5.618526935577392578e-01, -8.828812837600708008e-02
-6.281994283199310303e-03, 3.789668083190917969e+00, 1.674591912887990475e-03
9.917619824409484863e-01, 3.383917808532714844e+00, -2.268560230731964111e-01
8.348826766014099121e-01, 2.397510290145874023e+00, 5.687770247459411621e-01
-1.992903053760528564e-01, 1.717418134212493896e-01, -1.657077670097351074e-01
8.578937500715255737e-02, 4.190506458282470703e+00, -6.144811958074569702e-02
4.626649916172027588e-01, 3.132044076919555664e-01, 3.886203765869140625e-01
1.009051322937011719e+00, 1.120646476745605469e+00, -4.644618034362792969e-01
8.043500781059265137e-01, 1.892454028129577637e+00, -7.233169674873352051e-01
6.338613033294677734e-01, 1.917060017585754395e+00, -6.814519166946411133e-01
1.774770617485046387e-01, 1.765643715858459473e+00, -5.064400434494018555e-01
-3.445619046688079834e-01, 1.234358549118041992e+00, -1.305117458105087280e-01
8.776824474334716797e-01, 2.652280807495117188e+00, 3.290085196495056152e-01
1.152493119239807129e+00, 2.970728635787963867e+00, 4.064021408557891846e-01
1.141928315162658691e+00, 2.683235168457031250e+00, 6.214562058448791504e-01
4.210662245750427246e-01, 4.035919666290283203e+00, -4.277632832527160645e-01
5.195093154907226562e-02, 2.793500199913978577e-03, 3.913776278495788574e-01
1.375236630439758301e+00, 1.985912322998046875e+00, 6.164752840995788574e-01
1.719417333602905273e+00, 2.200236082077026367e+00, -1.545135080814361572e-01
-5.164879560470581055e-01, 3.383527994155883789e-01, -1.055898815393447876e-01
8.544220924377441406e-01, 9.511299133300781250e-01, -4.795348048210144043e-01
1.599372863769531250e+00, 2.823667526245117188e+00, -6.201317906379699707e-01
6.400743722915649414e-01, 4.123063564300537109e+00, -2.119325995445251465e-01
1.766102075576782227e+00, 2.389356136322021484e+00, -6.201245635747909546e-02
-5.636844038963317871e-02, 6.100297570228576660e-01, 6.074930429458618164e-01
3.543996810913085938e-01, 3.300008475780487061e-01, -4.889310002326965332e-01
4.877842962741851807e-02, 3.802950859069824219e+00, 1.691257655620574951e-01
-3.382860422134399414e-01, 4.778636246919631958e-02, 3.183992505073547363e-01
3.575582057237625122e-02, 6.140263676643371582e-01, -1.037591993808746338e-01
-9.281520843505859375e-01, 3.890288352966308594e+00, 5.421947315335273743e-02
1.123932600021362305e+00, 3.013501167297363281e+00, 2.052170038223266602e-01
-2.547926455736160278e-02, 9.071547985076904297e-01, 6.225340366363525391e-01
1.325917005538940430e+00, 2.165840387344360352e+00, -6.943388581275939941e-01
9.195572137832641602e-01, 1.810163855552673340e+00, 7.274684309959411621e-01
-2.071293890476226807e-01, 3.809926271438598633e+00, 7.650073617696762085e-02
7.640585303306579590e-03, 1.137479424476623535e+00, 6.119892597198486328e-01
2.507181465625762939e-01, 4.008149147033691406e+00, 4.370397627353668213e-01
7.160009145736694336e-01, 1.561655759811401367e+00, 7.205654382705688477e-01
1.032929182052612305e+00, 1.458285570144653320e+00, 6.230205893516540527e-01
1.372325897216796875e+00, 3.272330045700073242e+00, -6.512140035629272461e-01
-1.113579273223876953e+00, 3.544668197631835938e+00, 1.555997282266616821e-01
6.687576770782470703e-01, 4.636610746383666992e-01, 2.216051369905471802e-01
1.752900600433349609e+00, 2.607023715972900391e+00, -3.636987209320068359e-01
1.331222295761108398e+00, 2.973004102706909180e+00, 6.558145284652709961e-01
-2.291989624500274658e-01, 4.106856346130371094e+00, 2.742907404899597168e-01
-1.017603278160095215e-01, 1.491902828216552734e+00, 3.901391029357910156e-01
9.205544590950012207e-01, 2.453161716461181641e+00, -5.956569314002990723e-01
1.120085358619689941e+00, 3.038341999053955078e+00, 2.415028400719165802e-02
-1.457673430442810059e+00, 2.862437725067138672e+00, -8.782906830310821533e-02
1.633912086486816406e+00, 2.068227529525756836e+00, 3.521141111850738525e-01
2.174559533596038818e-01, 3.832837343215942383e+00, -3.149386644363403320e-01
8.181115388870239258e-01, 3.679424047470092773e+00, -4.900966286659240723e-01
-6.437227129936218262e-01, 3.921569347381591797e+00, 2.873654067516326904e-01
-1.386213541030883789e+00, 2.974244356155395508e+00, 2.645331434905529022e-02
9.747612476348876953e-01, 1.393713951110839844e+00, -6.284471750259399414e-01
6.954085230827331543e-01, 1.029816389083862305e+00, -6.169143915176391602e-01
-1.437620162963867188e+00, 3.317454338073730469e+00, -1.258472539484500885e-02
4.773056209087371826e-01, 9.589580297470092773e-01, -6.639617681503295898e-01
-7.377765178680419922e-01, 1.604098916053771973e+00, 6.528653949499130249e-02
-4.406039118766784668e-01, 4.309251904487609863e-01, -3.166852295398712158e-01
7.401654720306396484e-01, 3.650008916854858398e+00, 3.999248743057250977e-01
-1.372730255126953125e+00, 2.756766557693481445e+00, 2.424822188913822174e-02
9.796539545059204102e-01, 3.620538711547851562e+00, -5.398560762405395508e-01
-8.152723908424377441e-01, 3.953112602233886719e+00, -7.109709084033966064e-02
8.080654144287109375e-01, 4.065803050994873047e+00, -2.413946092128753662e-01
1.740143060684204102e+00, 2.974115371704101562e+00, -3.334404826164245605e-01
1.345916271209716797e+00, 3.745669841766357422e+00, 2.913758158683776855e-01
9.392956495285034180e-01, 3.455176830291748047e+00, 2.833500206470489502e-01
1.796257793903350830e-01, 1.138196706771850586e+00, 6.742832660675048828e-01
1.648982048034667969e+00, 3.398621082305908203e+00, -1.071085631847381592e-01
1.693370103836059570e+00, 3.007866382598876953e+00, 4.615858197212219238e-01
4.363343119621276855e-01, 4.038696289062500000e+00, 4.241496324539184570e-01
1.454289913177490234e+00, 3.431505203247070312e+00, -5.729016065597534180e-01
1.666572332382202148e+00, 3.314795017242431641e+00, -2.742501497268676758e-01
1.298479676246643066e+00, 3.239360332489013672e+00, 6.225703954696655273e-01
1.615308523178100586e+00, 2.926673889160156250e+00, 5.984199643135070801e-01
8.200275152921676636e-02, 3.966944217681884766e+00, 4.115765094757080078e-01
7.004556059837341309e-01, 4.426799118518829346e-01, 2.552717365324497223e-02
6.782088279724121094e-01, 3.965134143829345703e+00, 4.817367494106292725e-01
-6.120598316192626953e-02, 1.183419704437255859e+00, -5.641615390777587891e-01
1.000851511955261230e+00, 1.979625940322875977e+00, -7.279564738273620605e-01
-1.582401096820831299e-01, 4.918111115694046021e-02, 2.845302820205688477e-01
1.309728264808654785e+00, 2.852429628372192383e+00, -6.667299866676330566e-01
1.003186225891113281e+00, 2.837370157241821289e+00, 4.066966101527214050e-02
7.361912727355957031e-01, 2.229761123657226562e+00, 6.081820726394653320e-01
-1.488032817840576172e+00, 3.136490106582641602e+00, -9.095624089241027832e-02
1.387751221656799316e+00, 3.750136137008666992e+00, -1.284046024084091187e-01
3.093658089637756348e-01, 3.745180130004882812e+00, 1.319317221641540527e-01
1.639036417007446289e+00, 2.989427089691162109e+00, -5.557421445846557617e-01
1.376318573951721191e+00, 3.709587097167968750e+00, -3.245756626129150391e-01
3.377223610877990723e-01, 7.052983045578002930e-01, -6.329553127288818359e-01
1.692618966102600098e+00, 3.255403757095336914e+00, 2.898088395595550537e-01
1.217266559600830078e+00, 3.651052713394165039e+00, 5.689120292663574219e-01
6.509227156639099121e-01, 3.914122104644775391e+00, -5.047422051429748535e-01
-2.078303694725036621e-01, 1.979682147502899170e-01, 4.899469017982482910e-01
1.408442974090576172e+00, 1.475237131118774414e+00, 2.084224075078964233e-01
-1.061939597129821777e+00, 3.789830207824707031e+00, 1.375765800476074219e-01
8.676267862319946289e-01, 6.922922134399414062e-01, -1.690357029438018799e-01
1.166321992874145508e+00, 3.937485456466674805e+00, -1.446242630481719971e-01
1.760940313339233398e+00, 3.172237157821655273e+00, -1.420715302228927612e-01
1.253313541412353516e+00, 1.212717890739440918e+00, 1.662726402282714844e-01
-3.936551213264465332e-01, 6.490226984024047852e-01, 3.720035254955291748e-01
1.112219810485839844e+00, 3.002519369125366211e+00, -1.805409789085388184e-01
2.798165082931518555e-01, 1.060624837875366211e+00, -6.890455484390258789e-01
1.489253163337707520e+00, 1.632576227188110352e+00, -1.934718191623687744e-01
1.062612384557723999e-01, 1.165196657180786133e+00, -6.535250544548034668e-01
-4.782236218452453613e-01, 3.895049571990966797e+00, -3.091384172439575195e-01
9.312655329704284668e-01, 2.297634601593017578e+00, -6.752732992172241211e-01
-1.132900267839431763e-01, 5.459256172180175781e-01, -1.673695147037506104e-01
6.064859628677368164e-01, 5.116397142410278320e-01, 3.826470673084259033e-01
1.574154376983642578e+00, 3.378952503204345703e+00, -4.421156048774719238e-01
1.403207182884216309e+00, 2.327412128448486328e+00, -6.900843381881713867e-01
1.193944215774536133e+00, 1.619777202606201172e+00, 5.971777439117431641e-01
-1.259808063507080078e+00, 3.602753639221191406e+00, 7.871651649475097656e-02
1.926582902669906616e-01, 1.517577767372131348e+00, 6.166542172431945801e-01
3.193332850933074951e-01, 1.585050523281097412e-01, -4.269000887870788574e-01
4.635185897350311279e-01, 2.182794570922851562e+00, 4.412704706192016602e-01
8.339667320251464844e-01, 2.554435968399047852e+00, -4.247780442237854004e-01
1.780669927597045898e+00, 2.944856405258178711e+00, -1.496840417385101318e-01
7.951504588127136230e-01, 5.795156359672546387e-01, 9.824179112911224365e-02
1.024778604507446289e+00, 2.850300550460815430e+00, -1.378603428602218628e-01
-4.735999107360839844e-01, 7.282713651657104492e-01, -1.803441047668457031e-01
2.754752039909362793e-01, 4.121680259704589844e+00, -3.356910049915313721e-01
-2.911412343382835388e-02, 6.107316017150878906e-01, -6.159166097640991211e-01
-6.630221605300903320e-01, 4.028499603271484375e+00, -1.172372102737426758e-01
6.210159063339233398e-01, 2.350643873214721680e+00, -4.297060072422027588e-01
-4.369363188743591309e-01, 9.121789336204528809e-01, -2.072508633136749268e-01
1.104805231094360352e+00, 3.284429073333740234e+00, 2.960358858108520508e-01
5.487575531005859375e-01, 6.410442590713500977e-01, -5.189825296401977539e-01
-1.905043721199035645e-01, 1.552917003631591797e+00, -1.299847513437271118e-01
1.576088905334472656e+00, 2.545352220535278320e+00, -6.196957230567932129e-01
-3.544391691684722900e-01, 2.064486443996429443e-01, 3.917161226272583008e-01
7.153870463371276855e-01, 2.521377563476562500e+00, -2.955835759639739990e-01
-3.681113719940185547e-01, 1.075922131538391113e+00, -2.418206334114074707e-01
1.118621468544006348e+00, 3.284722805023193359e+00, -3.496805727481842041e-01
-2.802670598030090332e-01, 8.845363259315490723e-01, 1.082981228828430176e-01
1.053599476814270020e+00, 3.469448089599609375e+00, 4.972748756408691406e-01
1.001488089561462402e+00, 3.911332130432128906e+00, 4.258131086826324463e-01
-4.687767028808593750e-01, 3.867855548858642578e+00, 2.914237380027770996e-01
1.072299122810363770e+00, 3.275444746017456055e+00, 3.321356605738401413e-03
8.657029271125793457e-01, 1.442748308181762695e+00, 6.817550659179687500e-01
3.791705965995788574e-01, 2.276018142700195312e+00, -1.373405754566192627e-01
1.059204101562500000e+00, 2.847417354583740234e+00, 2.947090566158294678e-01
-1.934795677661895752e-01, 1.462340950965881348e+00, -2.811994254589080811e-01
8.172839879989624023e-01, 2.521642208099365234e+00, 4.420656859874725342e-01
1.400449872016906738e+00, 1.414175271987915039e+00, -5.070108175277709961e-02
-7.667277008295059204e-02, 1.515043258666992188e+00, -4.061552882194519043e-01
1.397662043571472168e+00, 1.512040734291076660e+00, -3.024038076400756836e-01
1.149473428726196289e+00, 1.020013213157653809e+00, -1.530538778752088547e-02
5.854605436325073242e-01, 3.711782455444335938e+00, 3.363930583000183105e-01
7.807538509368896484e-01, 7.402725815773010254e-01, 3.882013559341430664e-01
1.486737132072448730e+00, 3.588548421859741211e+00, -3.912804126739501953e-01
1.245483875274658203e+00, 3.069360494613647461e+00, 5.205802917480468750e-01
5.374070405960083008e-01, 2.360459566116333008e+00, 2.992092370986938477e-01
1.279179215431213379e+00, 3.419938564300537109e+00, -6.241222620010375977e-01
1.750691533088684082e-01, 4.418977722525596619e-02, -4.335302114486694336e-01
1.056768894195556641e+00, 9.474614858627319336e-01, -1.938581764698028564e-01
-5.715792179107666016e-01, 1.563973546028137207e+00, 2.386524528264999390e-02
4.872227907180786133e-01, 2.325828790664672852e+00, -2.744724154472351074e-01
1.705751895904541016e+00, 2.850130796432495117e+00, -4.569581747055053711e-01
2.988722622394561768e-01, 1.677709341049194336e+00, 6.253472566604614258e-01
6.395279765129089355e-01, 1.368406534194946289e+00, 7.095912694931030273e-01
1.474766731262207031e+00, 3.227663993835449219e+00, 6.444716453552246094e-01
-5.844364762306213379e-01, 3.782481670379638672e+00, 1.667113006114959717e-01
1.109039664268493652e+00, 3.182797908782958984e+00, 1.486200243234634399e-01
-1.355330049991607666e-01, 1.031976699829101562e+00, 5.453138351440429688e-01
-1.687996387481689453e-01, 3.823104202747344971e-01, -1.382306367158889771e-01
1.395436167716979980e+00, 3.385323524475097656e+00, 6.267243623733520508e-01
7.368713021278381348e-01, 3.551485538482666016e+00, 8.944649249315261841e-03
1.162979304790496826e-01, 2.471824586391448975e-01, 2.067350894212722778e-01
1.208102516829967499e-02, 4.224210977554321289e-01, -1.898531317710876465e-01
-3.822935521602630615e-01, 4.991946369409561157e-02, -2.706856131553649902e-01
-7.436332106590270996e-01, 1.773555636405944824e+00, 1.956462115049362183e-02
1.080237746238708496e+00, 9.559650421142578125e-01, 1.529216766357421875e-01
1.030953407287597656e+00, 3.973449230194091797e+00, -2.497863918542861938e-01
1.724286317825317383e+00, 2.512413024902343750e+00, 3.879142403602600098e-01
-3.031975030899047852e-01, 1.066148161888122559e+00, 3.685628771781921387e-01
1.195876598358154297e+00, 1.295281648635864258e+00, -3.885471820831298828e-01
1.234641432762145996e+00, 2.482424736022949219e+00, -7.173796892166137695e-01
1.535148501396179199e+00, 1.817596793174743652e+00, -3.124853968620300293e-01
1.029286623001098633e+00, 2.261431932449340820e+00, 7.089363932609558105e-01
1.596198678016662598e+00, 1.822597742080688477e+00, -6.238354742527008057e-02
1.294224560260772705e-01, 2.450104206800460815e-01, -1.980285346508026123e-01
-5.840964317321777344e-01, 3.789602756500244141e+00, -1.852414309978485107e-01
-3.149373531341552734e-01, 3.830446720123291016e+00, 2.150768637657165527e-01
3.572225868701934814e-01, 1.520203948020935059e+00, 6.814564466476440430e-01
-2.385427206754684448e-01, 3.809240818023681641e+00, -9.655262529850006104e-02
1.445367634296417236e-01, 2.012052774429321289e+00, 1.659647971391677856e-01
4.951011538505554199e-01, 4.162883758544921875e+00, -1.004570573568344116e-01
1.162671923637390137e+00, 3.036538124084472656e+00, -3.486498594284057617e-01
1.682767271995544434e+00, 2.661129713058471680e+00, -5.331910252571105957e-01
1.690967559814453125e+00, 2.029258489608764648e+00, -4.792430996894836426e-02
2.278753668069839478e-01, 2.241842150688171387e-01, 7.339447736740112305e-02
9.786081910133361816e-01, 8.148885965347290039e-01, -1.023570895195007324e-01
-5.317356437444686890e-02, 3.872362852096557617e+00, 3.108243048191070557e-01
5.367926359176635742e-01, 1.123000741004943848e+00, -6.832813620567321777e-01
2.754152417182922363e-01, 4.193802833557128906e+00, -1.009737625718116760e-01
1.476540207862854004e+00, 2.097382068634033203e+00, -5.804640054702758789e-01
3.315323889255523682e-01, 2.114511966705322266e+00, 3.471632003784179688e-01
1.143611550331115723e+00, 1.444588661193847656e+00, -5.481426715850830078e-01
-5.475844144821166992e-01, 1.394227147102355957e+00, 8.272041380405426025e-02
3.257437050342559814e-01, 2.044396400451660156e+00, -4.269298911094665527e-01
6.796576976776123047e-01, 1.516638875007629395e+00, -7.193289995193481445e-01
-1.470150351524353027e-01, 4.883657395839691162e-02, -2.897503376007080078e-01
8.600988984107971191e-01, 3.697444438934326172e+00, 5.253854393959045410e-01
1.371861219406127930e+00, 3.655322074890136719e+00, 4.430114030838012695e-01
1.596751809120178223e+00, 1.901693820953369141e+00, 2.537135183811187744e-01
8.243740797042846680e-01, 3.866856336593627930e+00, -5.204237103462219238e-01
1.621038556098937988e+00, 3.128009080886840820e+00, 5.704761147499084473e-01
1.583977580070495605e+00, 2.566416978836059570e+00, 6.182342767715454102e-01
8.955886960029602051e-01, 3.517106533050537109e+00, -3.278012275695800781e-01
-1.993529498577117920e-01, 1.187228918075561523e+00, 4.434591531753540039e-01
3.125557675957679749e-02, 4.791096225380897522e-02, -3.261140584945678711e-01
4.927017092704772949e-01, 7.878582477569580078e-01, -6.097144484519958496e-01
-4.570288956165313721e-01, 9.106387495994567871e-01, 1.437209695577621460e-01
1.595581769943237305e-01, 3.789125680923461914e-01, -8.861714601516723633e-02
1.193026542663574219e+00, 3.291990518569946289e+00, -5.197706222534179688e-01
-2.360852658748626709e-01, 1.008363485336303711e+00, -4.706830382347106934e-01
-3.733109831809997559e-01, 4.035131931304931641e+00, -2.988143563270568848e-01
-2.660586237907409668e-01, 1.402558088302612305e+00, 1.844008862972259521e-01
-5.137754678726196289e-01, 1.994135528802871704e-01, 1.447988487780094147e-02
-1.022216975688934326e-01, 9.203416705131530762e-01, 3.980780765414237976e-02
4.081183373928070068e-01, 2.191525220870971680e+00, -3.607945442199707031e-01
5.877601504325866699e-01, 4.067872047424316406e+00, -3.733497858047485352e-01
1.954729259014129639e-01, 1.991206645965576172e+00, -3.162944912910461426e-01
5.471866726875305176e-01, 1.863198399543762207e+00, 6.624606847763061523e-01
1.618645429611206055e+00, 2.252174377441406250e+00, -4.670892953872680664e-01
4.252683520317077637e-01, 4.996713399887084961e-01, -5.250921845436096191e-01
1.062043666839599609e+00, 3.782871484756469727e+00, -5.454562306404113770e-01
-4.165269136428833008e-01, 3.791252136230468750e+00, -1.246122419834136963e-01
8.923333287239074707e-01, 2.728419542312622070e+00, -1.470522880554199219e-01
1.144260261207818985e-02, 5.964001417160034180e-01, 1.346648484468460083e-01
1.760816335678100586e+00, 3.170593023300170898e+00, 1.439534127712249756e-01
1.455083847045898438e+00, 2.414858818054199219e+00, 6.758770942687988281e-01
1.468901634216308594e+00, 2.693293571472167969e+00, 7.004743814468383789e-01
1.781290650367736816e+00, 2.927931785583496094e+00, 1.567131578922271729e-01
-7.921667098999023438e-01, 3.845966100692749023e+00, -2.631161212921142578e-01
1.200919747352600098e+00, 3.652981758117675781e+00, -5.725985169410705566e-01
4.374403655529022217e-01, 3.860582351684570312e+00, -4.495900869369506836e-01
6.747367382049560547e-01, 4.392846226692199707e-01, -1.640428155660629272e-01
1.765155076980590820e+00, 2.458555221557617188e+00, 2.013903707265853882e-01
1.570693254470825195e+00, 2.041163921356201172e+00, -4.433882236480712891e-01
-8.875623345375061035e-01, 1.949623584747314453e+00, 2.021487057209014893e-02
-2.636934518814086914e-01, 4.129118919372558594e+00, -1.999205052852630615e-01
1.681865900754928589e-01, 7.522256672382354736e-02, 2.642808556556701660e-01
4.212294518947601318e-02, 1.841706991195678711e+00, -2.742726206779479980e-01
-1.107488751411437988e+00, 2.252224206924438477e+00, 1.685533858835697174e-02
1.547760218381881714e-01, 4.192257881164550781e+00, 1.006405800580978394e-01
-4.644675254821777344e-01, 1.186451673507690430e+00, 7.461509108543395996e-02
3.275010287761688232e-01, 3.460347950458526611e-01, 5.145733952522277832e-01
9.704275727272033691e-01, 9.412877559661865234e-01, -3.468786478042602539e-01
1.735854983329772949e+00, 2.285384178161621094e+00, 1.635601967573165894e-01
-3.512493669986724854e-01, 8.967772722244262695e-01, 3.887921571731567383e-01
-5.025764703750610352e-01, 4.059666633605957031e+00, -1.818080395460128784e-01
9.655733108520507812e-01, 8.662567138671875000e-01, 2.613346874713897705e-01
1.469120025634765625e+00, 1.898681044578552246e+00, -4.796621799468994141e-01
1.301361441612243652e+00, 1.357038259506225586e+00, 2.906857132911682129e-01
6.485390663146972656e-01, 2.096166372299194336e+00, -6.332817673683166504e-01
-2.355717569589614868e-01, 5.223842263221740723e-01, -4.417332261800765991e-02
1.662919163703918457e+00, 3.157087802886962891e+00, -5.027078986167907715e-01
3.047875687479972839e-02, 1.466817498207092285e+00, 5.332188010215759277e-01
1.071077585220336914e+00, 1.283214807510375977e+00, -5.118870735168457031e-01
1.953950375318527222e-01, 5.013521015644073486e-02, -2.597481310367584229e-01
-3.574046790599822998e-01, 8.910706043243408203e-01, -3.815482854843139648e-01
-1.402787268161773682e-01, 7.737079858779907227e-01, 1.375117599964141846e-01
1.093228459358215332e+00, 2.832413911819458008e+00, -4.118306040763854980e-01
-3.064689040184020996e-01, 4.401259869337081909e-02, -1.083057597279548645e-01
-9.956360459327697754e-01, 2.097756862640380859e+00, 1.968718692660331726e-02
5.383633077144622803e-03, 1.680863857269287109e+00, -3.758878409862518311e-01
-2.390805780887603760e-01, 5.899372696876525879e-01, -5.244116783142089844e-01
1.029155492782592773e+00, 1.799803495407104492e+00, -7.115200757980346680e-01
3.066568374633789062e-01, 5.457841604948043823e-02, 9.872528910636901855e-02
1.303375698626041412e-03, 7.597177624702453613e-01, 3.383825719356536865e-02
6.055647730827331543e-01, 3.641754627227783203e+00, 1.583576500415802002e-01
8.767024278640747070e-01, 2.168021678924560547e+00, 6.956837177276611328e-01
4.858067631721496582e-01, 1.974900722503662109e+00, -5.962836742401123047e-01
8.694676160812377930e-01, 7.073431611061096191e-01, 1.928596943616867065e-01
-9.637706279754638672e-01, 3.638844966888427734e+00, 1.337299197912216187e-01
-3.142484426498413086e-01, 3.850328683853149414e+00, -2.578461170196533203e-01
3.601185083389282227e-01, 1.590031385421752930e-01, 3.977566659450531006e-01
1.787417054176330566e+00, 2.630994319915771484e+00, 2.747374773025512695e-01
-6.836891770362854004e-01, 4.031610488891601562e+00, 6.212121248245239258e-02
1.103032827377319336e+00, 3.219766139984130859e+00, -1.843187510967254639e-01
1.546137690544128418e+00, 3.267921924591064453e+00, -5.785173177719116211e-01
-9.239031672477722168e-01, 3.770002365112304688e+00, 2.436683773994445801e-01
1.079611539840698242e+00, 1.719771862030029297e+00, 6.845389604568481445e-01
7.209568619728088379e-01, 3.577855110168457031e+00, -1.727930903434753418e-01
-9.547058492898941040e-02, 7.274916172027587891e-01, -1.393869668245315552e-01
1.634475708007812500e+00, 2.425189495086669922e+00, 5.156972408294677734e-01
5.792142152786254883e-01, 4.148834228515625000e+00, 1.137229055166244507e-01
-5.400303006172180176e-01, 4.038856506347656250e+00, 2.025811523199081421e-01
-5.314747691154479980e-01, 5.013618469238281250e-01, 2.595791220664978027e-02
1.068152427673339844e+00, 2.410974979400634766e+00, -6.899501681327819824e-01
1.127255678176879883e+00, 3.493659019470214844e+00, -5.757975578308105469e-01
7.862831950187683105e-01, 1.280830025672912598e+00, 6.631618142127990723e-01
-1.986547410488128662e-01, 1.555751204490661621e+00, 4.994391649961471558e-02
2.036242783069610596e-01, 2.105170249938964844e+00, 3.636463778093457222e-03
8.401458263397216797e-01, 2.692700862884521484e+00, 1.701569184660911560e-02
1.493348479270935059e-01, 1.667374730110168457e+00, 5.348532795906066895e-01
1.003448247909545898e+00, 2.731812238693237305e+00, 4.226445257663726807e-01
1.163054704666137695e+00, 3.889428138732910156e+00, 3.213646113872528076e-01
1.150607466697692871e-01, 4.155534267425537109e+00, -2.473336160182952881e-01
1.527106046676635742e+00, 3.105744123458862305e+00, -6.545712947845458984e-01
1.420727849006652832e+00, 1.730961799621582031e+00, -4.422899782657623291e-01
2.643287479877471924e-01, 2.139558315277099609e+00, 1.718443334102630615e-01
1.397149205207824707e+00, 2.170120239257812500e+00, 6.615357398986816406e-01
2.643729448318481445e-01, 5.262774229049682617e-01, -6.027356982231140137e-01
2.087495103478431702e-02, 1.871213793754577637e+00, 1.698947697877883911e-01
1.924714744091033936e-01, 1.962610721588134766e+00, 3.440911471843719482e-01
4.979154765605926514e-01, 1.498174905776977539e+00, -7.123502492904663086e-01
-2.070893347263336182e-01, 1.357372164726257324e+00, 3.519313931465148926e-01
4.647593796253204346e-01, 1.119120121002197266e+00, 6.928375363349914551e-01
-8.194911479949951172e-02, 4.729195684194564819e-02, -4.616439342498779297e-01
9.987902641296386719e-01, 2.440490484237670898e+00, 6.471461057662963867e-01
5.927589535713195801e-01, 2.462845802307128906e+00, -1.487562060356140137e-01
1.775701493024826050e-01, 1.724604219198226929e-01, 5.089524388313293457e-01
1.351119041442871094e+00, 1.346611499786376953e+00, 1.043026149272918701e-01
-3.555404543876647949e-01, 9.253319501876831055e-01, -4.622349888086318970e-02
9.652905464172363281e-01, 9.812877178192138672e-01, 3.969513475894927979e-01
3.854802846908569336e-01, 4.235137999057769775e-02, 2.642021775245666504e-01
1.295482516288757324e+00, 1.256524682044982910e+00, -7.742103189229965210e-02
9.144417643547058105e-01, 3.557114124298095703e+00, 4.264158606529235840e-01
6.427383422851562500e-01, 1.155153393745422363e+00, 6.725336313247680664e-01
4.962315559387207031e-01, 1.260588318109512329e-01, 1.432031095027923584e-01
-1.082944646477699280e-01, 4.540261253714561462e-02, 4.527071714401245117e-01
6.897470951080322266e-01, 2.558388948440551758e+00, 3.200989216566085815e-02
5.470190048217773438e-01, 2.437826156616210938e+00, 1.979350484907627106e-02
-3.019431829452514648e-01, 4.320867955684661865e-01, -4.739929735660552979e-01
-2.440525591373443604e-01, 1.052066087722778320e+00, -9.617983549833297729e-02
-2.239131331443786621e-01, 3.924277782440185547e+00, 3.391374945640563965e-01
-7.975695133209228516e-01, 3.938506126403808594e+00, 1.630404889583587646e-01
6.171776726841926575e-02, 4.150735378265380859e+00, 2.457378208637237549e-01
-1.289504766464233398e+00, 2.579502344131469727e+00, 2.273854613304138184e-02
4.790399074554443359e-01, 1.678652405738830566e+00, 6.888709068298339844e-01
-8.652091026306152344e-03, 1.406515240669250488e+00, -5.307284593582153320e-01
-9.413875937461853027e-01, 3.847724437713623047e+00, -1.683282405138015747e-01
-2.490524649620056152e-01, 1.168641328811645508e+00, -3.963009119033813477e-01
-5.179628133773803711e-01, 4.082993507385253906e+00, 3.433627635240554810e-02
1.536308288574218750e+00, 3.611097335815429688e+00, -1.514564603567123413e-01
-1.204358816146850586e+00, 2.400419235229492188e+00, 2.180038765072822571e-02
-1.068299412727355957e+00, 3.809956789016723633e+00, -4.231574386358261108e-02
1.939273625612258911e-01, 3.770939588546752930e+00, 2.146084094420075417e-03
3.859807550907135010e-01, 3.770368814468383789e+00, -3.079116344451904297e-01
1.587869644165039062e+00, 3.472126960754394531e+00, -2.654870450496673584e-01
-3.516919910907745361e-01, 1.996670663356781006e-01, -3.913008570671081543e-01
-1.369493603706359863e-01, 1.580891847610473633e+00, 2.341679930686950684e-01
8.999437689781188965e-01, 1.991246104240417480e+00, 7.273775339126586914e-01
5.804968252778053284e-02, 1.572115659713745117e+00, -5.042557716369628906e-01
2.986931800842285156e-02, 4.218632578849792480e-01, 1.850614547729492188e-01
-1.489592790603637695e-01, 4.397372901439666748e-01, -5.674755573272705078e-01
-1.581539511680603027e-01, 1.330262422561645508e+00, -4.342421889305114746e-01
1.238242864608764648e+00, 3.086313009262084961e+00, -4.994781911373138428e-01
1.200799226760864258e+00, 2.914737701416015625e+00, -5.446289777755737305e-01
1.140971928834915161e-01, 9.677122831344604492e-01, -6.608313918113708496e-01
8.385388851165771484e-01, 2.087989568710327148e+00, -7.023761868476867676e-01
1.392182230949401855e+00, 1.684108257293701172e+00, 4.521926641464233398e-01
1.084601163864135742e+00, 3.790618896484375000e+00, 5.296856164932250977e-01
4.624358117580413818e-01, 3.961153700947761536e-02, -1.977695897221565247e-02
1.335619091987609863e+00, 1.522074460983276367e+00, 4.110663533210754395e-01
6.209629774093627930e-01, 2.326353549957275391e+00, 4.514551758766174316e-01
4.943750798702239990e-01, 4.125018119812011719e+00, 2.721883058547973633e-01
7.252504825592041016e-01, 1.930915832519531250e+00, 7.026726603507995605e-01
9.329010844230651855e-01, 4.039526462554931641e+00, -1.186257749795913696e-01
2.809920907020568848e-01, 1.668068766593933105e+00, -6.181629896163940430e-01
1.699503660202026367e+00, 2.824704647064208984e+00, 4.788550734519958496e-01
1.529093265533447266e+00, 2.074228286743164062e+00, 5.215654969215393066e-01
2.032006084918975830e-01, 3.813690185546875000e+00, 2.629967629909515381e-01
-2.966793179512023926e-01, 1.222510457038879395e+00, 2.848504185676574707e-01
5.168251991271972656e-01, 3.884156703948974609e+00, 4.800993800163269043e-01
2.686291635036468506e-01, 1.364499449729919434e+00, 6.753487586975097656e-01
1.355489730834960938e+00, 2.554159164428710938e+00, 7.138009071350097656e-01
8.671543002128601074e-01, 3.483699798583984375e+00, 1.209651678800582886e-01
-2.603960335254669189e-01, 6.791154146194458008e-01, 4.415314644575119019e-02
-4.314685612916946411e-02, 1.795228600502014160e+00, -8.306351304054260254e-02
1.237029954791069031e-01, 4.920470118522644043e-01, 4.934332892298698425e-02
-1.363374233245849609e+00, 3.503146648406982422e+00, -2.649798244237899780e-02
1.179465055465698242e+00, 2.065705776214599609e+00, -7.129042148590087891e-01
4.153999984264373779e-01, 3.752452850341796875e+00, 2.912958860397338867e-01
-9.350273013114929199e-02, 1.010983586311340332e+00, -5.799127817153930664e-01
1.884538978338241577e-01, 3.599604964256286621e-01, -5.722615718841552734e-01
1.129913851618766785e-01, 3.796277761459350586e+00, -1.679234206676483154e-01
6.240594983100891113e-01, 2.478663682937622070e+00, 1.799900531768798828e-01
3.536462783813476562e-03, 1.687444895505905151e-01, 5.288777351379394531e-01
1.468320369720458984e+00, 2.932247400283813477e+00, -6.887543201446533203e-01
7.841143757104873657e-02, 7.163567543029785156e-01, 6.492130756378173828e-01
1.064312815666198730e+00, 2.598381757736206055e+00, -6.131932139396667480e-01
9.789940118789672852e-01, 1.135951519012451172e+00, 5.011913776397705078e-01
-2.636872529983520508e-01, 7.825914621353149414e-01, -9.823612123727798462e-02
4.308434724807739258e-01, 3.694821834564208984e+00, 2.855458064004778862e-03
-5.139697790145874023e-01, 5.128924250602722168e-01, -1.518559157848358154e-01
8.247593045234680176e-01, 1.122980117797851562e+00, 5.926175117492675781e-01
3.422771990299224854e-01, 8.230688571929931641e-01, 6.549912691116333008e-01
1.407293230295181274e-01, 5.195223093032836914e-01, 6.200978755950927734e-01
7.776805162429809570e-01, 1.719031333923339844e+00, -7.240676879882812500e-01
1.136851787567138672e+00, 2.818782091140747070e+00, 4.998386502265930176e-01
1.342932820320129395e+00, 1.978395700454711914e+00, -6.348383426666259766e-01
1.174650549888610840e+00, 3.220906496047973633e+00, 4.450942575931549072e-01
1.253530740737915039e+00, 1.603620648384094238e+00, -5.509829521179199219e-01
1.541774272918701172e+00, 1.743126511573791504e+00, 1.915863454341888428e-01
1.550312995910644531e+00, 2.370634555816650391e+00, -5.906206369400024414e-01
-2.577520906925201416e-01, 1.743487417697906494e-01, 1.712365774437785149e-03
3.348644077777862549e-01, 1.969610452651977539e+00, 4.900707900524139404e-01
-1.507306098937988281e-01, 7.786736488342285156e-01, 5.756278038024902344e-01
1.677479982376098633e+00, 2.019503116607666016e+00, 1.517503857612609863e-01
5.559577941894531250e-01, 2.503161132335662842e-01, -1.674555540084838867e-01
2.518761754035949707e-01, 1.470863819122314453e-01, -1.160117983818054199e-01
-3.521226346492767334e-03, 1.748997211456298828e+00, 2.999352514743804932e-01
-2.715320289134979248e-01, 1.304958939552307129e+00, -2.748206853866577148e-01
8.957412838935852051e-01, 6.924530863761901855e-01, 9.506427682936191559e-03
2.470948249101638794e-01, 1.297569751739501953e+00, -6.762765049934387207e-01
1.577113866806030273e+00, 3.299189090728759766e+00, 5.136413574218750000e-01
2.813360989093780518e-01, 8.790061473846435547e-01, -6.732001304626464844e-01
-2.954861223697662354e-01, 7.506463527679443359e-01, -4.729200005531311035e-01
6.681702136993408203e-01, 1.258313059806823730e+00, -6.873089075088500977e-01
1.486527919769287109e+00, 3.482352495193481445e+00, 4.991089701652526855e-01
-4.585875868797302246e-01, 5.044074729084968567e-02, 8.935338258743286133e-02
1.473578691482543945e+00, 2.870692253112792969e+00, 6.925700902938842773e-01
1.273694038391113281e+00, 3.825421810150146484e+00, -2.408033609390258789e-01
1.236037731170654297e+00, 3.767977952957153320e+00, 4.387504458427429199e-01
5.700687766075134277e-01, 3.696838140487670898e+00, -2.845348119735717773e-01
8.497322797775268555e-01, 4.066614627838134766e+00, 1.593946218490600586e-01
6.254362463951110840e-01, 6.637212038040161133e-01, 4.768261909484863281e-01
-2.161128520965576172e-01, 3.743948936462402344e-01, 5.181305855512619019e-02
9.843347072601318359e-01, 3.989822626113891602e+00, 2.564857900142669678e-01
1.240358352661132812e+00, 3.762918949127197266e+00, -4.411894083023071289e-01
7.668091058731079102e-01, 2.385412693023681641e+00, -5.340029001235961914e-01
1.217461585998535156e+00, 1.189674854278564453e+00, -2.193195223808288574e-01
1.467857122421264648e+00, 1.903415679931640625e+00, 4.928927421569824219e-01
1.799982070922851562e+00, 2.830924034118652344e+00, -4.964778781868517399e-04
-1.313656330108642578e+00, 3.314560413360595703e+00, 1.129274815320968628e-01
1.453022003173828125e+00, 1.622213363647460938e+00, 2.969752252101898193e-01
1.108976721763610840e+00, 1.065135002136230469e+00, 2.904100120067596436e-01
-4.985183179378509521e-01, 6.527709960937500000e-01, 1.376543045043945312e-01
1.552792042493820190e-01, 9.098097085952758789e-01, 6.700794696807861328e-01
9.606022834777832031e-01, 3.938358306884765625e+00, -4.086288213729858398e-01
1.778548002243041992e+00, 3.054067850112915039e+00, -1.187614910304546356e-02
-1.371741414070129395e+00, 3.162613153457641602e+00, 4.619769006967544556e-02
1.718524456024169922e+00, 3.272729873657226562e+00, -3.145393682643771172e-03
-8.385452628135681152e-02, 4.126167297363281250e+00, -2.672887146472930908e-01
9.017671346664428711e-01, 1.556605100631713867e+00, -6.960157752037048340e-01
-3.726991415023803711e-01, 4.014237403869628906e+00, 3.169935643672943115e-01
6.476664543151855469e-01, 2.080243587493896484e+00, 6.380630731582641602e-01
-1.092595577239990234e+00, 3.535465002059936523e+00, -1.070484369993209839e-01
-8.294439315795898438e-01, 3.702181816101074219e+00, -1.703165471553802490e-01
1.193337917327880859e+00, 3.366502523422241211e+00, 5.504399538040161133e-01
-2.276526838541030884e-01, 4.251642823219299316e-01, 5.242082476615905762e-01
1.489206433296203613e+00, 2.696413755416870117e+00, -6.932462453842163086e-01
1.187012076377868652e+00, 1.885788798332214355e+00, -6.806191205978393555e-01
1.764397621154785156e+00, 2.805916070938110352e+00, 3.071296215057373047e-01
3.727807477116584778e-02, 1.746647655963897705e-01, -5.331772565841674805e-01
7.591024637222290039e-01, 7.478348016738891602e-01, -4.197201728820800781e-01
1.298595905303955078e+00, 2.738901615142822266e+00, 6.830506324768066406e-01
-3.699613213539123535e-01, 4.619297981262207031e-01, 4.149250686168670654e-01
1.214581280946731567e-01, 4.049362182617187500e+00, -4.005374610424041748e-01
1.529076814651489258e+00, 2.275664091110229492e+00, 5.920313596725463867e-01
1.598751544952392578e+00, 3.393508434295654297e+00, 3.659216463565826416e-01
-3.998935818672180176e-01, 6.537476181983947754e-01, -3.635829687118530273e-01
5.956024527549743652e-01, 1.741202116012573242e+00, -7.031002044677734375e-01
1.631581783294677734e+00, 1.955850839614868164e+00, -2.109146565198898315e-01
-4.804113805294036865e-01, 5.091692805290222168e-01, 2.538619637489318848e-01
8.510793447494506836e-01, 1.112280368804931641e+00, -5.730247497558593750e-01
9.620339274406433105e-01, 2.745881319046020508e+00, -3.142596483230590820e-01
5.279117226600646973e-01, 1.504541039466857910e+00, 7.170376181602478027e-01
1.626438736915588379e+00, 2.224666595458984375e+00, 4.505004584789276123e-01
9.687010198831558228e-03, 1.621374487876892090e+00, 4.295230507850646973e-01
-5.209966376423835754e-02, 4.228247106075286865e-01, 5.915551185607910156e-01
-2.075613662600517273e-02, 4.179816722869873047e+00, 9.182168543338775635e-02
1.114654302597045898e+00, 3.963030815124511719e+00, 1.269169449806213379e-01
1.554934740066528320e+00, 3.579219818115234375e+00, 1.373572647571563721e-01
3.450289964675903320e-01, 3.860193729400634766e+00, 4.141298532485961914e-01
3.553549647331237793e-01, 2.210156759247183800e-03, -1.735875308513641357e-01
-3.795855045318603516e-01, 4.122719764709472656e+00, -6.685608625411987305e-02
-4.942471161484718323e-02, 4.001055240631103516e+00, -3.898051083087921143e-01
6.045122742652893066e-01, 2.901781499385833740e-01, -3.265959210693836212e-03
1.312843799591064453e+00, 1.782272815704345703e+00, -5.772454738616943359e-01
1.004263043403625488e+00, 2.696313381195068359e+00, -4.767963886260986328e-01
4.457272887229919434e-01, 4.129489898681640625e+00, -2.775675952434539795e-01
1.411328315734863281e+00, 2.502921581268310547e+00, -6.995797157287597656e-01
1.348084688186645508e+00, 3.097679853439331055e+00, -6.401789188385009766e-01
1.162214159965515137e+00, 2.495748043060302734e+00, 6.965261697769165039e-01
4.396472871303558350e-01, 1.801542520523071289e+00, -6.423488259315490723e-01
5.912967324256896973e-01, 5.013040900230407715e-01, -3.911558389663696289e-01
-2.898586690425872803e-01, 4.785115644335746765e-02, 1.443673074245452881e-01
-1.925745308399200439e-01, 2.291746884584426880e-01, 1.563377976417541504e-01
-6.222317367792129517e-02, 4.074038028717041016e+00, 3.476090431213378906e-01
3.824486732482910156e-01, 1.833115816116333008e+00, 6.004883050918579102e-01
2.990196347236633301e-01, 3.752313613891601562e+00, -1.551756113767623901e-01
-4.393383264541625977e-01, 7.809401750564575195e-01, 2.612481117248535156e-01
1.812146067619323730e+00, 2.610799312591552734e+00, -7.792532444000244141e-02
-3.530908524990081787e-01, 1.043183565139770508e+00, 9.298253059387207031e-02
-9.976586103439331055e-01, 3.687061548233032227e+00, -2.181178331375122070e-01
8.407133817672729492e-02, 1.297844409942626953e+00, 6.193609833717346191e-01
1.200990200042724609e+00, 1.924448728561401367e+00, 6.869344711303710938e-01
-1.199977397918701172e+00, 3.439174413681030273e+00, 4.474290460348129272e-02
7.301797866821289062e-01, 3.628753423690795898e+00, -3.472450077533721924e-01
1.769332408905029297e+00, 2.789638996124267578e+00, -2.931991517543792725e-01
3.231641948223114014e-01, 2.230271577835083008e+00, 3.053631633520126343e-02
-5.859382152557373047e-01, 3.756952524185180664e+00, -1.255236472934484482e-02
1.768728017807006836e+00, 2.490877151489257812e+00, -2.103727012872695923e-01
1.502984881401062012e+00, 1.791411161422729492e+00, 3.568182587623596191e-01
9.802981019020080566e-01, 2.603049755096435547e+00, 5.398347973823547363e-01
1.221608400344848633e+00, 2.136486530303955078e+00, 7.154873609542846680e-01
-1.903250813484191895e-01, 1.879285275936126709e-01, -4.938955008983612061e-01
-7.178281247615814209e-02, 1.286996245384216309e+00, 5.333664417266845703e-01
1.158207416534423828e+00, 2.749368667602539062e+00, -5.933851003646850586e-01
-2.826750874519348145e-01, 1.401353359222412109e+00, -1.222842410206794739e-01
6.765182018280029297e-01, 3.790336847305297852e+00, 4.934881031513214111e-01
8.950334191322326660e-01, 3.452660560607910156e+00, -6.952764838933944702e-02
7.377412915229797363e-01, 2.589680910110473633e+00, -1.354016363620758057e-01
4.651097655296325684e-01, 1.317442417144775391e+00, 7.067130804061889648e-01
2.834675610065460205e-01, 2.133509874343872070e+00, -2.348654568195343018e-01
4.840404987335205078e-01, 2.011125564575195312e+00, 5.743131637573242188e-01
-7.479096651077270508e-01, 3.764518737792968750e+00, 2.286452054977416992e-01
7.712944149971008301e-01, 2.603295803070068359e+00, 1.948619782924652100e-01
1.017918467521667480e+00, 3.630268096923828125e+00, 5.620579719543457031e-01
-3.686640262603759766e-01, 4.112691402435302734e+00, 1.449030339717864990e-01
3.990225493907928467e-01, 2.269449234008789062e+00, 2.110478729009628296e-01
8.164317160844802856e-02, 1.973287343978881836e+00, 4.057872574776411057e-03
-1.066239327192306519e-01, 7.704774141311645508e-01, -5.976971983909606934e-01
-4.569121003150939941e-01, 1.875316351652145386e-01, 2.335695773363113403e-01
1.494806766510009766e+00, 1.583247900009155273e+00, -4.807807970792055130e-03
-1.257776618003845215e+00, 3.543146133422851562e+00, -1.674241125583648682e-01
1.651494026184082031e+00, 3.378873825073242188e+00, 1.718587279319763184e-01
5.618212223052978516e-01, 2.970700860023498535e-01, 2.214484810829162598e-01
8.269715309143066406e-01, 3.878097057342529297e+00, 5.142431855201721191e-01
1.664130687713623047e+00, 2.122093200683593750e+00, -3.095548748970031738e-01
-7.479641586542129517e-02, 3.814696788787841797e+00, -1.650305539369583130e-01
6.636781692504882812e-01, 8.285713195800781250e-01, -5.439527630805969238e-01
-4.952979832887649536e-02, 1.833986937999725342e-01, 2.543365359306335449e-01
6.617801189422607422e-01, 8.323022723197937012e-01, 5.465680956840515137e-01
7.515670657157897949e-01, 3.569901943206787109e+00, 2.240807116031646729e-01
4.770450294017791748e-01, 2.964080274105072021e-01, -3.631615638732910156e-01
6.806854009628295898e-01, 2.455556392669677734e+00, 3.461937308311462402e-01
1.728793025016784668e+00, 3.157655000686645508e+00, -3.216099143028259277e-01
4.621828198432922363e-01, 1.282835364341735840e+00, -7.054469585418701172e-01
6.988441571593284607e-03, 3.481826782226562500e-01, -5.814509987831115723e-01
1.259441256523132324e+00, 3.851567745208740234e+00, 1.719529926776885986e-01
-4.042116552591323853e-02, 1.942282617092132568e-01, -2.536450326442718506e-01
8.820832967758178711e-01, 1.618750095367431641e+00, 7.093956470489501953e-01
1.282836675643920898e+00, 3.848339319229125977e+00, -2.279342710971832275e-02
1.703316807746887207e+00, 2.358669042587280273e+00, -3.395616114139556885e-01
4.913167357444763184e-01, 9.158939719200134277e-01, 6.495014429092407227e-01
-4.190177917480468750e-01, 1.088041067123413086e+00, -6.484297662973403931e-02
-2.389310300350189209e-01, 4.166857242584228516e+00, 3.101330436766147614e-02
1.020981311798095703e+00, 3.452715873718261719e+00, -4.404379725456237793e-01
1.104803442955017090e+00, 1.621564388275146484e+00, -6.447962522506713867e-01
9.853755235671997070e-01, 8.215394616127014160e-01, 9.026592969894409180e-02
5.915675163269042969e-01, 3.636937379837036133e+00, -4.992372170090675354e-02
4.943405687808990479e-01, 7.401155233383178711e-01, 5.923192501068115234e-01
1.210006952285766602e+00, 2.294102668762207031e+00, -7.251920700073242188e-01
2.878946065902709961e-01, 4.131154060363769531e+00, 3.147365748882293701e-01
1.337780475616455078e+00, 1.809823632240295410e+00, 5.743859410285949707e-01
1.195976018905639648e+00, 1.442049980163574219e+00, 5.026102066040039062e-01
1.241196691989898682e-01, 1.808857798576354980e+00, 4.303022325038909912e-01
-5.006633996963500977e-01, 3.470795452594757080e-01, 1.650222390890121460e-01
1.064289450645446777e+00, 1.291049242019653320e+00, 5.252470970153808594e-01
-8.268634229898452759e-02, 1.675673723220825195e+00, -2.209233492612838745e-01
1.063381075859069824e+00, 2.055857181549072266e+00, 7.272112369537353516e-01
-2.934750914573669434e-01, 7.506124377250671387e-01, 4.749266803264617920e-01
-1.349880576133728027e+00, 3.376929283142089844e+00, -1.570204943418502808e-01
1.317542791366577148e-01, 3.479821383953094482e-01, 5.768845081329345703e-01
-1.384506821632385254e-01, 4.962022006511688232e-01, 1.618468612432479858e-01
6.916344165802001953e-01, 9.961004257202148438e-01, 6.072889566421508789e-01
1.149893403053283691e+00, 3.889048576354980469e+00, -3.476096391677856445e-01
1.185895204544067383e+00, 1.218006253242492676e+00, 3.301856219768524170e-01
1.019653558731079102e+00, 2.155199289321899414e+00, -7.255517244338989258e-01
8.372573256492614746e-01, 1.274546504020690918e+00, -6.444413065910339355e-01
1.694841861724853516e+00, 2.647737264633178711e+00, 5.082414150238037109e-01
