-4.252128303050994873e-01,3.793583154678344727e+00,8.385414630174636841e-02,5.705060437321662903e-03,6.946878274902701378e-04,-9.462893358431756496e-04
1.369372606277465820e+00,3.586524724960327148e+00,-5.499760508537292480e-01,2.499398942745756358e-05,3.639469854533672333e-03,3.018757095560431480e-03
-8.077499866485595703e-01,3.691618204116821289e+00,6.532444059848785400e-02,4.545480012893676758e-03,1.622354844585061073e-03,-1.009046216495335102e-03
3.316500484943389893e-01,4.191924571990966797e+00,1.229831725358963013e-01,3.659577574580907822e-03,-4.589032323565334082e-04,1.409765449352562428e-03
1.766168236732482910e+00,3.056511640548706055e+00,2.811606228351593018e-01,-3.868507046718150377e-04,7.597866933792829514e-04,1.086409436538815498e-03
-5.400930047035217285e-01,1.288632035255432129e+00,-5.365283787250518799e-02,4.161724937148392200e-04,3.640222596004605293e-03,-2.847808413207530975e-03
4.143290966749191284e-02,3.870943784713745117e+00,-3.159382045269012451e-01,1.819675206206738949e-03,2.133423986379057169e-04,-8.305652299895882607e-04
-5.006104707717895508e-01,8.002638816833496094e-01,1.864602905698120594e-03,-2.779252536129206419e-04,-1.364068360999226570e-03,-5.500757135450839996e-03
8.516943454742431641e-01,4.008769989013671875e+00,3.833089768886566162e-01,2.904466819018125534e-03,-1.734360819682478905e-03,1.439296524040400982e-03
1.411631256341934204e-01,1.459792375564575195e+00,-6.147492527961730957e-01,7.439093897119164467e-04,3.477525024209171534e-04,-2.769568527583032846e-04
7.491418123245239258e-01,6.098573803901672363e-01,-2.894944548606872559e-01,1.584877958521246910e-03,-2.114980714395642281e-03,5.558243487030267715e-03
-9.521371126174926758e-01,3.624868869781494141e+00,-5.241088569164276123e-02,3.200669074431061745e-03,1.471426803618669510e-03,1.466759480535984039e-03
1.445343375205993652e+00,3.722107648849487305e+00,1.391836553812026978e-01,1.485903281718492508e-03,-1.572848763316869736e-03,3.784946165978908539e-04
1.311381578445434570e+00,2.680629253387451172e+00,-7.020699381828308105e-01,6.591474171727895737e-03,2.135181101039052010e-03,-1.358690555207431316e-03
-2.771337628364562988e-01,1.191888809204101562e+00,3.079882264137268066e-02,5.265706204227171838e-05,-2.993686066474765539e-04,4.154871858190745115e-04
1.196950793266296387e+00,2.319020748138427734e+00,7.288571596145629883e-01,5.388415418565273285e-03,-1.429526717402040958e-03,2.193859108956530690e-04
1.561518013477325439e-01,6.584408283233642578e-01,-6.479620337486267090e-01,-4.110096022486686707e-03,2.649663249030709267e-03,-4.969484871253371239e-04
3.134795725345611572e-01,1.006138682365417480e+00,6.900579333305358887e-01,3.117625834420323372e-03,-4.258047789335250854e-03,-4.073584277648478746e-04
1.480589807033538818e-01,2.038321733474731445e+00,-1.499261111021041870e-01,1.755935954861342907e-03,1.258935546502470970e-03,-2.357055665925145149e-03
1.725617289543151855e+00,2.341459512710571289e+00,3.344627916812896729e-01,2.264426148030906916e-04,4.291933961212635040e-03,2.182347699999809265e-03
7.294960618019104004e-01,1.750287413597106934e+00,7.270827889442443848e-01,3.565916093066334724e-03,-1.898066257126629353e-03,3.757079539354890585e-04
3.296354115009307861e-01,1.908461928367614746e+00,-5.425757169723510742e-01,3.526034997776150703e-03,9.661263902671635151e-04,-1.932559185661375523e-03
-1.181044206023216248e-01,4.181684970855712891e+00,-9.636779874563217163e-02,-8.628993527963757515e-04,4.868613614235073328e-04,4.583077505230903625e-03
4.299715161323547363e-01,5.004476904869079590e-01,5.251148343086242676e-01,3.643205156549811363e-03,-6.836835527792572975e-04,-2.503347117453813553e-03
1.007280826568603516e+00,3.366084098815917969e+00,1.434891819953918457e-01,-3.032587992493063211e-04,5.196710699237883091e-04,1.235025469213724136e-03
1.681534886360168457e+00,2.476264238357543945e+00,-4.915653765201568604e-01,5.144409369677305222e-03,2.242401707917451859e-03,7.799531333148479462e-03
7.586857676506042480e-01,4.020554542541503906e+00,-4.086849689483642578e-01,-7.390079554170370102e-04,-2.341801009606570005e-04,-6.383617874234914780e-04
-3.893333375453948975e-01,1.342466592788696289e+00,2.093803323805332184e-02,4.861253910348750651e-05,-1.596020156284794211e-04,2.476797963026911020e-04
-1.205617070198059082e+00,3.686730384826660156e+00,-7.319092750549316406e-02,-1.396413310430943966e-03,-1.047408790327608585e-03,1.322061987593770027e-03
7.637032270431518555e-01,2.229376316070556641e+00,-6.305056214332580566e-01,4.622598644345998764e-03,2.372412476688623428e-03,-1.213594572618603706e-03
1.280501127243041992e+00,1.459723114967346191e+00,-4.380038082599639893e-01,5.475412122905254364e-03,-2.614428056403994560e-03,8.598268032073974609e-03
2.717860043048858643e-01,3.944355249404907227e+00,-4.400818943977355957e-01,7.415921892970800400e-03,2.603129018098115921e-03,-2.390963025391101837e-03
3.350463211536407471e-01,6.204548478126525879e-01,6.117659211158752441e-01,5.092410370707511902e-03,-3.780178725719451904e-03,-2.636654535308480263e-03
-2.220297306776046753e-01,3.971750974655151367e+00,-3.613265454769134521e-01,4.219891037791967392e-03,8.703808998689055443e-04,-7.874129223637282848e-04
1.814619541168212891e+00,2.611062765121459961e+00,9.934591501951217651e-02,-2.799222420435398817e-05,2.397434320300817490e-03,2.610979136079549789e-03
-4.867838323116302490e-01,1.717154979705810547e-01,-1.648028641939163208e-01,2.251476980745792389e-03,-2.178237773478031158e-03,-5.352901294827461243e-03
4.386301040649414062e-01,1.363871097564697266e-01,-2.914074361324310303e-01,2.647418994456529617e-03,-7.475276361219584942e-04,4.658123943954706192e-03
7.241070866584777832e-01,4.134438514709472656e+00,-2.162548899650573730e-02,3.268169937655329704e-03,-8.353205630555748940e-04,2.014707075431942940e-03
-1.046471148729324341e-01,1.728553414344787598e+00,8.721628785133361816e-02,-8.250070095527917147e-05,7.683539879508316517e-04,-4.004339221864938736e-03
5.111154913902282715e-01,2.136348962783813477e+00,-5.285034179687500000e-01,4.733521491289138794e-03,2.038859296590089798e-03,-2.123872749507427216e-03
1.532592296600341797e+00,3.558259963989257812e+00,3.438331484794616699e-01,3.612622967921197414e-04,-8.555493550375103951e-04,7.483484805561602116e-04
8.242893218994140625e-01,9.401589035987854004e-01,5.034889578819274902e-01,4.519549664109945297e-03,4.134992137551307678e-03,-8.206284837797284126e-04
1.330381155014038086e+00,1.352898836135864258e+00,-2.393391728401184082e-01,3.320005722343921661e-03,2.348240377614274621e-04,8.203726261854171753e-03
-2.229529321193695068e-01,5.994847416877746582e-01,5.441544055938720703e-01,2.206602832302451134e-03,1.839829143136739731e-03,1.363303512334823608e-03
6.386207342147827148e-01,3.749340534210205078e+00,-4.361498057842254639e-01,5.802445113658905029e-03,2.137377858161926270e-03,-5.957993678748607635e-03
9.213505387306213379e-01,2.740583181381225586e+00,1.757173389196395874e-01,2.828211057931184769e-03,2.784424927085638046e-03,-1.030653831548988819e-03
1.498058795928955078e+00,3.051665306091308594e+00,6.792744398117065430e-01,4.578657448291778564e-03,-4.993827897123992443e-04,-9.907259372994303703e-04
3.099018931388854980e-01,1.464581489562988281e+00,-6.794539690017700195e-01,3.238916178815998137e-05,1.745676505379378796e-03,2.545066527090966702e-04
-6.459500789642333984e-01,3.945710420608520508e+00,-2.771195769309997559e-01,-1.214562682434916496e-03,-3.428296186029911041e-03,-1.698908396065235138e-03
1.099895119667053223e+00,1.070348024368286133e+00,-3.139393627643585205e-01,3.374360501766204834e-03,-1.942388364113867283e-03,8.008914999663829803e-03
7.256494164466857910e-01,4.088069915771484375e+00,2.876737415790557861e-01,3.045816207304596901e-03,-1.299537601880729198e-03,1.434123143553733826e-03
7.839489579200744629e-01,5.609650611877441406e-01,-8.845669031143188477e-02,1.058497582562267780e-03,7.345331832766532898e-04,2.937586512416601181e-03
-5.476406309753656387e-03,3.800500392913818359e+00,1.650717458687722683e-03,4.873208701610565186e-03,-4.318685387261211872e-04,1.873175613582134247e-03
9.995847344398498535e-01,3.391576766967773438e+00,-2.248347699642181396e-01,-5.315188900567591190e-04,-1.247943378984928131e-03,6.570300087332725525e-03
8.319919109344482422e-01,2.400693178176879883e+00,5.733622312545776367e-01,5.725884344428777695e-03,9.416516404598951340e-04,3.377989400178194046e-03
-2.001064270734786987e-01,1.720666885375976562e-01,-1.663529425859451294e-01,1.217905897647142410e-03,-3.615503956098109484e-04,-1.746958354488015175e-03
8.507794141769409180e-02,4.202459812164306641e+00,-6.236822158098220825e-02,9.934881236404180527e-04,3.295944188721477985e-04,3.819813020527362823e-03
4.646852612495422363e-01,3.120217621326446533e-01,3.904292583465576172e-01,-7.323247264139354229e-04,9.195620659738779068e-04,1.423014444299042225e-03
1.011453151702880859e+00,1.118763566017150879e+00,-4.670546948909759521e-01,4.157815594226121902e-03,-3.050831146538257599e-03,6.059468258172273636e-03
8.039487600326538086e-01,1.892550230026245117e+00,-7.257902026176452637e-01,2.179548144340515137e-03,2.537881955504417419e-03,-4.987236388842575252e-05
6.324958205223083496e-01,1.918006420135498047e+00,-6.855171918869018555e-01,2.366050612181425095e-03,2.122715115547180176e-03,-2.108795597450807691e-04
1.756054610013961792e-01,1.767334938049316406e+00,-5.088181495666503906e-01,3.122090129181742668e-03,-1.468379341531544924e-04,-2.621731022372841835e-03
-3.566667139530181885e-01,1.239373326301574707e+00,-1.330819875001907349e-01,-4.575541970552876592e-05,-2.556612016633152962e-03,-4.634688608348369598e-03
8.784651160240173340e-01,2.651640176773071289e+00,3.285575509071350098e-01,2.300908556208014488e-03,2.601679181680083275e-03,-1.107179909013211727e-03
1.168128371238708496e+00,2.964183330535888672e+00,4.005398154258728027e-01,2.207134617492556572e-03,4.346136469393968582e-03,9.934437694028019905e-04
1.144890546798706055e+00,2.680811643600463867e+00,6.173250675201416016e-01,6.470126099884510040e-03,2.691599540412425995e-03,3.339387476444244385e-03
4.210744202136993408e-01,4.042052745819091797e+00,-4.355269968509674072e-01,1.185423578135669231e-03,-8.737634052522480488e-04,-7.034342270344495773e-04
5.192203074693679810e-02,2.652345865499228239e-04,3.911423385143280029e-01,6.472048815339803696e-03,1.375587453367188573e-04,-2.277857856824994087e-03
1.379795789718627930e+00,1.983686685562133789e+00,6.232624053955078125e-01,5.760057363659143448e-03,-1.288536237552762032e-03,-4.297576379030942917e-03
1.733784794807434082e+00,2.196019172668457031e+00,-1.567221432924270630e-01,1.684841117821633816e-03,2.204233780503273010e-03,6.779293529689311981e-03
-5.251289606094360352e-01,3.378449976444244385e-01,-1.072007566690444946e-01,1.159258303232491016e-03,-2.272100187838077545e-03,-5.491801071912050247e-03
8.573113083839416504e-01,9.487798213958740234e-01,-4.830260872840881348e-01,2.830281620845198631e-03,-2.513824030756950378e-03,4.043329972773790359e-03
1.610435843467712402e+00,2.823520183563232422e+00,-6.325579285621643066e-01,3.067012177780270576e-03,5.507950671017169952e-03,2.701216610148549080e-03
6.418008804321289062e-01,4.130103588104248047e+00,-2.137764394283294678e-01,1.026160665787756443e-03,4.729256907012313604e-04,2.850892487913370132e-03
1.787334442138671875e+00,2.385672807693481445e+00,-6.330170482397079468e-02,7.387211662717163563e-04,2.460536314174532890e-03,4.952026531100273132e-03
-5.859543383121490479e-02,6.093825101852416992e-01,6.156189441680908203e-01,3.195313038304448128e-03,-1.570019288919866085e-03,7.714604726061224937e-04
3.559722900390625000e-01,3.289018571376800537e-01,-4.913369119167327881e-01,-2.812729449942708015e-03,-3.447708440944552422e-04,-1.642926596105098724e-03
4.979291558265686035e-02,3.812533378601074219e+00,1.669786721467971802e-01,5.007596686482429504e-03,-1.046075019985437393e-03,-1.780045800842344761e-03
-3.403581380844116211e-01,4.591530561447143555e-02,3.203150331974029541e-01,1.035807770676910877e-03,3.084594383835792542e-03,4.217984620481729507e-03
3.815093263983726501e-02,6.153863072395324707e-01,-1.059352830052375793e-01,-4.780312592629343271e-04,2.307739807292819023e-03,8.361153304576873779e-04
-9.354225397109985352e-01,3.901604413986206055e+00,5.575716868042945862e-02,1.920770737342536449e-03,1.425593858584761620e-03,-1.747669652104377747e-03
1.135861158370971680e+00,3.009564399719238281e+00,2.034383863210678101e-01,1.196193625219166279e-03,3.598929382860660553e-03,-1.469447888666763902e-04
-2.797024697065353394e-02,9.076164364814758301e-01,6.294038295745849609e-01,1.582971541211009026e-03,-3.969176323153078556e-04,6.150444387458264828e-04
1.326969504356384277e+00,2.165179252624511719e+00,-6.972548365592956543e-01,3.224849468097090721e-03,4.134889226406812668e-03,4.152581677772104740e-04
9.197764396667480469e-01,1.810071825981140137e+00,7.301716804504394531e-01,4.648999776691198349e-03,-3.053184133023023605e-03,-4.498905909713357687e-04
-2.071357667446136475e-01,3.810947179794311523e+00,7.638873159885406494e-02,5.729760043323040009e-03,1.036178509821183980e-04,-2.782719093374907970e-04
4.600023385137319565e-03,1.138813018798828125e+00,6.188088059425354004e-01,1.285071950405836105e-03,6.487094215117394924e-04,4.959991783834993839e-04
2.506996095180511475e-01,4.008485317230224609e+00,4.386630654335021973e-01,2.544857328757643700e-03,1.555979833938181400e-03,-2.305090856680180877e-05
7.160023450851440430e-01,1.561249256134033203e+00,7.247905135154724121e-01,3.922052681446075439e-03,-3.270100103691220284e-03,-3.291683970019221306e-04
1.034790992736816406e+00,1.456667900085449219e+00,6.268106698989868164e-01,6.634043995290994644e-03,-9.904108010232448578e-04,-3.611397696658968925e-03
1.372353434562683105e+00,3.272245645523071289e+00,-6.513476371765136719e-01,7.067225407809019089e-03,3.921045921742916107e-03,-1.834856811910867691e-03
-1.120559573173522949e+00,3.554732561111450195e+00,1.491204053163528442e-01,3.316452726721763611e-03,2.466803183779120445e-03,3.256178169976919889e-04
6.704192757606506348e-01,4.625564515590667725e-01,2.222704589366912842e-01,1.801480888389050961e-03,3.319978481158614159e-03,1.394342165440320969e-03
1.759368538856506348e+00,2.606479644775390625e+00,-3.659303188323974609e-01,3.230749629437923431e-03,1.860879710875451565e-03,8.660546503961086273e-03
1.337049365043640137e+00,2.971212148666381836e+00,6.477710008621215820e-01,3.966730553656816483e-03,4.213587380945682526e-03,2.023779321461915970e-03
-2.294360101222991943e-01,4.107168674468994141e+00,2.745012640953063965e-01,6.342099513858556747e-03,1.835965318605303764e-03,-6.456509581767022610e-04
-1.100656539201736450e-01,1.496316909790039062e+00,3.966716527938842773e-01,5.332574364729225636e-04,2.169070532545447350e-03,-8.606069022789597511e-04
9.191980361938476562e-01,2.454243898391723633e+00,-5.974644422531127930e-01,5.892611574381589890e-03,2.884124405682086945e-03,-2.089327666908502579e-03
1.128997802734375000e+00,3.036169528961181641e+00,2.397968806326389313e-02,9.375555091537535191e-04,3.659975714981555939e-03,1.665848889388144016e-03
-1.461237907409667969e+00,2.861054658889770508e+00,-9.693115204572677612e-02,-1.602253760211169720e-04,2.091455273330211639e-03,-2.361807564739137888e-04
1.636631011962890625e+00,2.067184686660766602e+00,3.534175455570220947e-01,9.370701736770570278e-04,5.621898919343948364e-03,2.482458017766475677e-03
2.176801264286041260e-01,3.833548307418823242e+00,-3.145453333854675293e-01,1.549330540001392365e-03,-1.246276544407010078e-03,1.625176053494215012e-03
8.204435706138610840e-01,3.682711124420166016e+00,-4.862508773803710938e-01,7.120472844690084457e-03,2.619818318635225296e-03,-6.722724996507167816e-03
-6.441449522972106934e-01,3.921985626220703125e+00,2.887668311595916748e-01,8.963829604908823967e-04,4.500730428844690323e-03,-1.132108387537300587e-03
-1.407184481620788574e+00,2.973968505859375000e+00,2.405164204537868500e-02,-2.129219683411065489e-05,2.807875280268490314e-04,1.489944552304223180e-04
9.760348200798034668e-01,1.392730116844177246e+00,-6.311923265457153320e-01,-2.746123354882001877e-04,3.115591127425432205e-03,-1.251454581506550312e-03
6.962937712669372559e-01,1.029089689254760742e+00,-6.190583109855651855e-01,-1.873968401923775673e-03,2.807368524372577667e-03,-1.805549371056258678e-03
-1.458482027053833008e+00,3.325728416442871094e+00,-1.352495048195123672e-02,8.566480246372520924e-04,1.772871240973472595e-03,-3.555191680788993835e-03
4.775519371032714844e-01,9.585146903991699219e-01,-6.654533743858337402e-01,-2.603820757940411568e-03,3.885396989062428474e-03,-1.431657234206795692e-03
-7.370685935020446777e-01,1.604865312576293945e+00,6.347081810235977173e-02,-4.568055446725338697e-04,-5.948839825578033924e-04,-4.055380995851010084e-04
-4.469186365604400635e-01,4.309034049510955811e-01,-3.205842971801757812e-01,3.231385024264454842e-03,-4.147177562117576599e-03,-5.022065714001655579e-03
7.443395853042602539e-01,3.656820535659790039e+00,3.955754041671752930e-01,-1.365988864563405514e-03,-1.489342888817191124e-03,-3.688305383548140526e-03
-1.372929811477661133e+00,2.756747007369995117e+00,2.422595582902431488e-02,5.282650454319082201e-05,-2.517999564588535577e-05,-2.697361633181571960e-04
9.799464344978332520e-01,3.620693445205688477e+00,-5.395205616950988770e-01,8.088341914117336273e-03,3.063044976443052292e-03,-6.153452675789594650e-03
-8.213896751403808594e-01,3.964492082595825195e+00,-7.291215658187866211e-02,-2.614075317978858948e-03,-8.681934559717774391e-04,3.249388653784990311e-03
8.117498755455017090e-01,4.076861381530761719e+00,-2.444695681333541870e-01,1.167161040939390659e-03,2.841142122633755207e-04,2.346827881410717964e-03
1.763979792594909668e+00,2.977193593978881836e+00,-3.402186632156372070e-01,1.706748036667704582e-03,1.976331230252981186e-03,6.902934517711400986e-03
1.360136508941650391e+00,3.762486696243286133e+00,2.972914576530456543e-01,9.864113526418805122e-04,-1.128565287217497826e-03,7.629528990946710110e-04
9.436746239662170410e-01,3.460482597351074219e+00,2.815832793712615967e-01,-1.032202853821218014e-03,7.673850632272660732e-04,-3.313636116217821836e-04
1.787045747041702271e-01,1.138304352760314941e+00,6.780670285224914551e-01,1.555751194246113300e-03,-1.674750936217606068e-03,4.350964736659079790e-04
1.672482967376708984e+00,3.410391569137573242e+00,-1.091371253132820129e-01,8.839482325129210949e-04,-1.366126351058483124e-03,2.225766424089670181e-03
1.711507558822631836e+00,3.010562181472778320e+00,4.700448215007781982e-01,5.806637345813214779e-04,1.187701127491891384e-04,-1.282854587770998478e-03
4.362114965915679932e-01,4.045827865600585938e+00,4.323990345001220703e-01,4.445685539394617081e-03,1.571692700963467360e-05,-5.682771006831899285e-05
1.462906002998352051e+00,3.438013076782226562e+00,-5.837065577507019043e-01,7.151666795834898949e-04,4.705660510808229446e-03,3.464487614110112190e-03
1.686141133308410645e+00,3.323376178741455078e+00,-2.788415849208831787e-01,7.748617790639400482e-04,6.007475894875824451e-04,4.427646752446889877e-03
1.305961132049560547e+00,3.240936994552612305e+00,6.133947372436523438e-01,5.798625643365085125e-04,4.145937506109476089e-03,1.175626995973289013e-03
1.628666043281555176e+00,2.927660942077636719e+00,6.110851764678955078e-01,3.808215260505676270e-03,-1.599303097464144230e-03,-3.873140318319201469e-03
8.252120763063430786e-02,3.967551708221435547e+00,4.093857705593109131e-01,1.232326496392488480e-03,1.497706514783203602e-03,6.643084343522787094e-04
7.008478641510009766e-01,4.422861635684967041e-01,2.559769712388515472e-02,1.038023270666599274e-03,1.533586881123483181e-03,1.203947467729449272e-03
6.783871054649353027e-01,3.966051578521728516e+00,4.831052124500274658e-01,3.739908803254365921e-03,-2.395922492723912001e-04,-8.731105481274425983e-05
-6.574059277772903442e-02,1.184930443763732910e+00,-5.710099935531616211e-01,8.073386852629482746e-04,-1.459060120396316051e-03,-8.714868454262614250e-04
1.001021862030029297e+00,1.979564309120178223e+00,-7.331784367561340332e-01,2.800353802740573883e-03,2.959738951176404953e-03,7.307741270778933540e-06
-1.580137312412261963e-01,4.891952499747276306e-02,2.841514647006988525e-01,6.508675869554281235e-03,6.147967651486396790e-03,-1.693119062110781670e-03
1.312674403190612793e+00,2.851124286651611328e+00,-6.618044376373291016e-01,6.542618386447429657e-03,2.414548071101307869e-03,-3.286620602011680603e-03
1.003794670104980469e+00,2.836798429489135742e+00,4.066925495862960815e-02,3.386978060007095337e-03,3.526923712342977524e-03,4.592176410369575024e-04
7.335174083709716797e-01,2.232403039932250977e+00,6.131765246391296387e-01,5.101550370454788208e-03,7.625039434060454369e-04,2.403383841738104820e-03
-1.489542841911315918e+00,3.136830091476440430e+00,-9.177339822053909302e-02,-2.408014552202075720e-05,4.349193535745143890e-03,1.027862308546900749e-03
1.402120232582092285e+00,3.765418767929077148e+00,-1.305582821369171143e-01,2.128332387655973434e-03,-1.752751646563410759e-03,1.567101920954883099e-03
3.112818598747253418e-01,3.752266168594360352e+00,1.308128535747528076e-01,4.189205355942249298e-03,-1.174238394014537334e-03,6.190326530486345291e-05
1.656802654266357422e+00,2.991744756698608398e+00,-5.686811208724975586e-01,2.024161163717508316e-03,5.260474514216184616e-03,3.760796273127198219e-03
1.389207720756530762e+00,3.723628282546997070e+00,-3.303626477718353271e-01,6.330276373773813248e-04,6.710312445648014545e-04,3.030190709978342056e-03
3.379444777965545654e-01,7.048363089561462402e-01,-6.344440579414367676e-01,-3.868667175993323326e-03,3.224472748115658760e-03,-1.731319818645715714e-03
1.707391977310180664e+00,3.260773420333862305e+00,2.934207022190093994e-01,-1.871007843874394894e-04,-2.326313006051350385e-05,8.087633177638053894e-04
1.219908833503723145e+00,3.656020164489746094e+00,5.781633853912353516e-01,3.339961171150207520e-03,-5.550885107368230820e-04,-6.630372372455894947e-04
6.507272720336914062e-01,3.914364337921142578e+00,-5.055050849914550781e-01,6.061684805899858475e-03,1.679440611042082310e-03,-1.935791369760408998e-04
-2.090967595577239990e-01,1.971136182546615601e-01,4.925712943077087402e-01,4.122903104871511459e-03,2.506201155483722687e-03,2.759305760264396667e-03
1.412611365318298340e+00,1.472578525543212891e+00,2.097589373588562012e-01,3.162463661283254623e-03,7.379957940429449081e-03,3.426319221034646034e-03
-1.062151312828063965e+00,3.790388822555541992e+00,1.377882063388824463e-01,3.551084781065583229e-03,4.731032066047191620e-03,-4.050640854984521866e-03
8.690208196640014648e-01,6.913078427314758301e-01,-1.694498062133789062e-01,1.447796006686985493e-03,-9.797596430871635675e-05,4.735942464321851730e-03
1.167333245277404785e+00,3.938892364501953125e+00,-1.448519676923751831e-01,2.615740289911627769e-03,-1.321432180702686310e-03,1.663340488448739052e-03
1.761403203010559082e+00,3.172587633132934570e+00,-1.421036124229431152e-01,4.713570524472743273e-04,-3.984800132457166910e-04,3.408075775951147079e-03
1.260121941566467285e+00,1.208053469657897949e+00,1.681890636682510376e-01,3.799535566940903664e-03,7.079330272972583771e-03,3.424276132136583328e-03
-4.013070166110992432e-01,6.498403549194335938e-01,3.775545656681060791e-01,7.108832942321896553e-04,3.269593697041273117e-03,5.406232667155563831e-04
1.127482533454895020e+00,2.996491670608520508e+00,-1.784490644931793213e-01,1.359093468636274338e-03,4.777717869728803635e-03,3.881772281602025032e-03
2.794162333011627197e-01,1.060373067855834961e+00,-6.928055286407470703e-01,-2.000377280637621880e-03,3.113099141046404839e-03,-1.530416375317145139e-05
1.500365257263183594e+00,1.626846671104431152e+00,-1.965136975049972534e-01,2.979660872370004654e-03,1.590155996382236481e-03,7.955018430948257446e-03
1.055755689740180969e-01,1.165255784988403320e+00,-6.554929614067077637e-01,-8.158106356859207153e-04,8.629926014691591263e-04,3.672133898362517357e-04
-4.782970547676086426e-01,3.896726608276367188e+00,-3.062502741813659668e-01,2.575680147856473923e-03,9.520198800601065159e-04,-6.352709606289863586e-04
9.309622049331665039e-01,2.298134565353393555e+00,-6.765195727348327637e-01,4.738706629723310471e-03,2.159826457500457764e-03,-1.066838623955845833e-03
-1.121890768408775330e-01,5.455307364463806152e-01,-1.638217121362686157e-01,-4.894063458777964115e-04,2.619903534650802612e-04,1.725686597637832165e-04
6.066610217094421387e-01,5.116125941276550293e-01,3.827779889106750488e-01,9.511649841442704201e-04,3.852206282317638397e-03,2.253801561892032623e-03
1.593982219696044922e+00,3.389839649200439453e+00,-4.520637094974517822e-01,8.264702628366649151e-04,3.570115193724632263e-03,5.529201123863458633e-03
1.405153393745422363e+00,2.326757192611694336e+00,-6.950508952140808105e-01,3.837360767647624016e-03,4.279072862118482590e-03,8.436175994575023651e-04
1.196295619010925293e+00,1.618020176887512207e+00,6.010748744010925293e-01,6.274914834648370743e-03,1.374397743347799405e-05,-3.925889730453491211e-03
-1.271721959114074707e+00,3.612776517868041992e+00,8.222128450870513916e-02,2.027130918577313423e-03,3.718811785802245140e-03,-3.872196655720472336e-03
1.898736357688903809e-01,1.518857598304748535e+00,6.220967769622802734e-01,1.892873551696538925e-03,8.627725765109062195e-04,6.664528627879917622e-04
3.209427595138549805e-01,1.572145372629165649e-01,-4.291619062423706055e-01,-2.577935811132192612e-03,-1.404837123118340969e-03,-1.088496414013206959e-03
4.609736502170562744e-01,2.185096025466918945e+00,4.435891211032867432e-01,1.902528805658221245e-03,1.725504640489816666e-03,2.154229150619357824e-04
8.338419198989868164e-01,2.554543018341064453e+00,-4.248742759227752686e-01,5.172375123947858810e-03,4.889134317636489868e-03,1.428268296876922250e-04
1.804222822189331055e+00,2.947484254837036133e+00,-1.524442881345748901e-01,4.517464258242398500e-04,4.321254673413932323e-04,4.389685112982988358e-03
7.961077690124511719e-01,5.785319805145263672e-01,9.847687929868698120e-02,2.377006923779845238e-03,3.376623382791876793e-03,1.661062589846551418e-03
1.025122523307800293e+00,2.850037097930908203e+00,-1.378427445888519287e-01,3.895083907991647720e-03,4.709822591394186020e-03,2.369212917983531952e-03
-4.861871898174285889e-01,7.303143143653869629e-01,-1.841062456369400024e-01,8.651242242194712162e-04,-3.720791311934590340e-03,-4.881809931248426437e-03
2.756281793117523193e-01,4.125546455383300781e+00,-3.379947245121002197e-01,-1.951476908288896084e-03,-1.102511188946664333e-03,-1.904860022477805614e-03
-3.069208934903144836e-02,6.102532744407653809e-01,-6.228395700454711914e-01,-2.734824782237410545e-03,2.023334527621045709e-04,6.204915116541087627e-04
-6.637516617774963379e-01,4.030463218688964844e+00,-1.176863014698028564e-01,-3.950610291212797165e-03,-5.092332721687853336e-04,4.967283457517623901e-03
6.196895837783813477e-01,2.351937532424926758e+00,-4.308891296386718750e-01,4.951175767928361893e-03,3.739128587767481804e-03,-1.083942945115268230e-03
-4.415526092052459717e-01,9.134944081306457520e-01,-2.088255584239959717e-01,6.142455385997891426e-04,-3.834618488326668739e-03,-4.615287296473979950e-03
1.106362700462341309e+00,3.285522937774658203e+00,2.955887913703918457e-01,-1.558418385684490204e-03,2.483044285327196121e-03,5.540334313991479576e-05
5.496676564216613770e-01,6.404228210449218750e-01,-5.202331542968750000e-01,-1.044638338498771191e-03,-1.397626474499702454e-04,-6.071946700103580952e-04
-2.014205604791641235e-01,1.559171319007873535e+00,-1.324112266302108765e-01,1.261916331714019179e-04,-1.322582247667014599e-03,-3.979297820478677750e-03
1.583223700523376465e+00,2.543662309646606445e+00,-6.279738545417785645e-01,3.223887877538800240e-03,4.890758544206619263e-03,1.882203039713203907e-03
-3.554825484752655029e-01,2.061570137739181519e-01,3.927478492259979248e-01,2.226309850811958313e-03,3.798603080213069916e-03,3.426070325076580048e-03
7.145268321037292480e-01,2.522603034973144531e+00,-2.961719334125518799e-01,4.971325863152742386e-03,4.590219818055629730e-03,6.414574454538524151e-04
-3.798691630363464355e-01,1.079957246780395508e+00,-2.466217726469039917e-01,5.291945999488234520e-04,-3.724464680999517441e-03,-4.277609754353761673e-03
1.122408151626586914e+00,3.287015914916992188e+00,-3.483161032199859619e-01,-1.989647513255476952e-03,-2.467378508299589157e-04,6.021781824529170990e-03
-2.771915793418884277e-01,8.854574561119079590e-01,1.030563190579414368e-01,5.701885675080120564e-04,4.245568125043064356e-04,4.105998377781361341e-04
1.059472560882568359e+00,3.474856376647949219e+00,4.918653368949890137e-01,-2.337793586775660515e-03,1.972433645278215408e-03,-6.213676533661782742e-04
1.005788087844848633e+00,3.920994281768798828e+00,4.322613179683685303e-01,2.679587574675679207e-03,-1.601746538653969765e-03,6.603023502975702286e-04
-4.689121842384338379e-01,3.872237920761108398e+00,2.870239913463592529e-01,3.084014402702450752e-03,1.695690676569938660e-03,1.495835604146122932e-03
1.072197556495666504e+00,3.275407791137695312e+00,3.309557447209954262e-03,-4.676744283642619848e-04,6.908694049343466759e-04,2.871859353035688400e-03
8.665185570716857910e-01,1.441934108734130859e+00,6.851204037666320801e-01,5.889703985303640366e-03,-3.218435915187001228e-03,-2.346311230212450027e-03
3.772977888584136963e-01,2.278299570083618164e+00,-1.378339231014251709e-01,3.053530119359493256e-03,2.571787219494581223e-03,-1.317139598540961742e-03
1.058980345726013184e+00,2.847748279571533203e+00,2.947909235954284668e-01,2.400277415290474892e-03,3.213220508769154549e-03,-7.536638877354562283e-04
-1.988764256238937378e-01,1.465059995651245117e+00,-2.839460670948028564e-01,6.289338343776762486e-04,-2.247366355732083321e-03,-3.606607671827077866e-03
8.156965374946594238e-01,2.523586034774780273e+00,4.435839951038360596e-01,3.138008527457714081e-03,2.123789628967642784e-03,1.008458551950752735e-03
1.407163739204406738e+00,1.410193681716918945e+00,-5.120035633444786072e-02,2.819887828081846237e-03,4.081044346094131470e-03,5.760754458606243134e-03
-8.439453691244125366e-02,1.519098877906799316e+00,-4.124827980995178223e-01,1.886804704554378986e-03,-1.982430694624781609e-03,-3.618207061663269997e-03
1.398481488227844238e+00,1.511679887771606445e+00,-3.027556240558624268e-01,3.988771699368953705e-03,-5.952384672127664089e-04,9.086811915040016174e-03
1.151176929473876953e+00,1.019112348556518555e+00,-1.532313786447048187e-02,3.071912564337253571e-03,4.036077298223972321e-03,4.486062098294496536e-03
5.852847099304199219e-01,3.711155652999877930e+00,3.367421627044677734e-01,1.083378447219729424e-04,-2.315156860277056694e-03,-4.621193278580904007e-03
7.817603945732116699e-01,7.392762303352355957e-01,3.892497718334197998e-01,2.724340651184320450e-03,6.009511649608612061e-03,2.528399694710969925e-03
1.487755894660949707e+00,3.589531898498535156e+00,-3.917455673217773438e-01,3.739190578926354647e-04,2.018842613324522972e-03,4.272222518920898438e-03
1.247508525848388672e+00,3.069250583648681641e+00,5.194235444068908691e-01,2.370527479797601700e-03,5.595954135060310364e-03,3.367264289408922195e-03
5.354759693145751953e-01,2.362604618072509766e+00,3.002892434597015381e-01,1.244205399416387081e-03,2.183650154620409012e-03,-2.004154957830905914e-03
1.278965473175048828e+00,3.419892787933349609e+00,-6.247233152389526367e-01,7.361828349530696869e-03,3.869900247082114220e-03,-2.637769328430294991e-03
1.757457703351974487e-01,4.265399277210235596e-02,-4.351993501186370850e-01,-7.925175130367279053e-03,-2.832229714840650558e-03,-6.802332354709506035e-04
1.061243534088134766e+00,9.442430734634399414e-01,-1.955109536647796631e-01,2.414676593616604805e-03,1.407914969604462385e-04,6.407990120351314545e-03
-5.713370442390441895e-01,1.564305424690246582e+00,2.399401739239692688e-02,-1.485718530602753162e-04,5.815851618535816669e-04,-7.868664106354117393e-04
4.846225678920745850e-01,2.328409433364868164e+00,-2.757972180843353271e-01,4.048658534884452820e-03,3.441481152549386024e-03,-6.084109190851449966e-04
1.727429032325744629e+00,2.850845813751220703e+00,-4.672543406486511230e-01,3.657268127426505089e-03,3.451353171840310097e-03,7.989994250237941742e-03
2.988875508308410645e-01,1.677979588508605957e+00,6.257304549217224121e-01,2.413785317912697792e-03,8.074216311797499657e-04,8.823353564366698265e-04
6.399704217910766602e-01,1.368278026580810547e+00,7.123180031776428223e-01,4.155838396400213242e-03,-3.816353389993309975e-03,-8.184064063243567944e-04
1.478122830390930176e+00,3.230277061462402344e+00,6.555033326148986816e-01,4.097725730389356613e-03,-4.183544369880110025e-04,-1.186250359751284122e-03
-5.847723484039306641e-01,3.783356666564941406e+00,1.663829386234283447e-01,5.835813935846090317e-03,-3.334543362143449485e-05,-3.776205237954854965e-03
1.126554727554321289e+00,3.189023256301879883e+00,1.466819792985916138e-01,-7.381962495855987072e-04,2.313395030796527863e-03,8.707711240276694298e-04
-1.419395804405212402e-01,1.034091114997863770e+00,5.549463629722595215e-01,1.595267443917691708e-03,1.679259003140032291e-03,7.438910542987287045e-04
-1.692755818367004395e-01,3.823387324810028076e-01,-1.386580914258956909e-01,1.313287415541708469e-03,-4.143638943787664175e-04,-1.490058144554495811e-03
1.397397756576538086e+00,3.388187885284423828e+00,6.369338035583496094e-01,3.500675084069371223e-03,-8.113453077385202050e-06,-6.997279706411063671e-04
7.413455843925476074e-01,3.558979988098144531e+00,8.876783773303031921e-03,2.308892318978905678e-03,-1.340838964097201824e-03,3.117894520983099937e-03
1.159375756978988647e-01,2.470045387744903564e-01,2.061556428670883179e-01,5.123331677168607712e-03,3.372522303834557533e-03,-4.484662786126136780e-03
1.221994962543249130e-02,4.227050244808197021e-01,-1.904821246862411499e-01,1.555046648718416691e-03,1.361833186820149422e-03,7.168151205405592918e-04
-3.829145133495330811e-01,4.952148348093032837e-02,-2.710790038108825684e-01,6.161558441817760468e-03,-2.653173403814435005e-03,-5.902871489524841309e-03
-7.440399527549743652e-01,1.773228406906127930e+00,1.942284405231475830e-02,-1.732029486447572708e-04,5.671867402270436287e-04,-8.264572825282812119e-04
1.082413196563720703e+00,9.544897675514221191e-01,1.535417437553405762e-01,3.956788685172796249e-03,6.296374835073947906e-03,2.992257708683609962e-03
1.036783814430236816e+00,3.985965251922607422e+00,-2.533592581748962402e-01,1.470639603212475777e-03,-1.138585357693955302e-04,2.092700218781828880e-03
1.736606836318969727e+00,2.510435342788696289e+00,3.929379284381866455e-01,-9.415013482794165611e-05,3.112505888566374779e-03,1.449670759029686451e-03
-3.132655024528503418e-01,1.069246053695678711e+00,3.754550218582153320e-01,4.107082204427570105e-04,2.695346251130104065e-03,-6.683756364509463310e-04
1.203170180320739746e+00,1.290433526039123535e+00,-3.940126299858093262e-01,4.751936066895723343e-03,-2.725574886426329613e-03,8.754218928515911102e-03
1.234441399574279785e+00,2.482313156127929688e+00,-7.178783416748046875e-01,5.741327535361051559e-03,2.102046972140669823e-03,-6.015535327605903149e-04
1.547475457191467285e+00,1.812086462974548340e+00,-3.177533149719238281e-01,4.110953770577907562e-03,1.446818168915342540e-05,9.409533813595771790e-03
1.028009414672851562e+00,2.262195348739624023e+00,7.141350507736206055e-01,5.239933263510465622e-03,-1.994356898649130017e-05,1.106195617467164993e-03
1.611479759216308594e+00,1.815999031066894531e+00,-6.352066993713378906e-02,2.058471320196986198e-03,3.760607913136482239e-03,5.952510982751846313e-03
1.294756531715393066e-01,2.451292127370834351e-01,-1.981096416711807251e-01,2.003517467528581619e-03,-1.819738681660965085e-04,1.325736404396593571e-03
-5.842754244804382324e-01,3.790429353713989258e+00,-1.848761439323425293e-01,8.962171850726008415e-04,-1.748561742715537548e-03,4.760506097227334976e-03
-3.154062330722808838e-01,3.837645053863525391e+00,2.122870236635208130e-01,5.742533132433891296e-03,-1.606594421900808811e-03,-4.973649047315120697e-03
3.565382659435272217e-01,1.520640373229980469e+00,6.840835809707641602e-01,1.931688631884753704e-03,-3.164116642437875271e-04,5.857014912180602551e-04
-2.387654185295104980e-01,3.812382698059082031e+00,-9.607789665460586548e-02,2.638526726514101028e-03,-4.195818910375237465e-04,3.749516792595386505e-03
1.366042196750640869e-01,2.019018173217773438e+00,1.684801578521728516e-01,4.315760743338614702e-04,1.646834425628185272e-03,-3.221137216314673424e-03
4.973557889461517334e-01,4.176390171051025391e+00,-1.019136682152748108e-01,2.074040472507476807e-03,3.984470095019787550e-05,3.146901028230786324e-03
1.173064708709716797e+00,3.034229040145874023e+00,-3.457194864749908447e-01,-3.744361165445297956e-04,4.592901095747947693e-03,4.908927716314792633e-03
1.683516979217529297e+00,2.660809278488159180e+00,-5.336980223655700684e-01,3.810368478298187256e-03,3.858736017718911171e-03,5.156888160854578018e-03
1.693927884101867676e+00,2.028625488281250000e+00,-4.808834940195083618e-02,1.502849743701517582e-03,3.588391002267599106e-03,5.477815400809049606e-03
2.287757694721221924e-01,2.244566679000854492e-01,7.365123182535171509e-02,1.057518893503583968e-04,-4.346725530922412872e-03,5.536566022783517838e-03
9.829383492469787598e-01,8.116658926010131836e-01,-1.031757965683937073e-01,2.138542942702770233e-03,1.583691686391830444e-03,4.629124887287616730e-03
-5.225959047675132751e-02,3.878459453582763672e+00,3.070785105228424072e-01,3.850217908620834351e-03,-2.381866099312901497e-03,-3.063934156671166420e-03
5.376638174057006836e-01,1.122182250022888184e+00,-6.881017684936523438e-01,-1.817391370423138142e-03,4.092986695468425751e-03,-1.024916651658713818e-03
2.757374048233032227e-01,4.197982788085937500e+00,-1.014336198568344116e-01,1.130885910242795944e-03,3.965746436733752489e-04,3.800339763984084129e-03
1.481469631195068359e+00,2.095175504684448242e+00,-5.861571431159973145e-01,3.180144121870398521e-03,3.009637119248509407e-03,1.641360693611204624e-03
3.236250579357147217e-01,2.122289657592773438e+00,3.529459834098815918e-01,7.128021679818630219e-04,2.064917702227830887e-03,-1.719790394417941570e-03
1.146945238113403320e+00,1.442220568656921387e+00,-5.526493191719055176e-01,2.236179774627089500e-03,4.013399884570389986e-04,1.442160108126699924e-03
-5.474023222923278809e-01,1.394342899322509766e+00,8.118799328804016113e-02,3.706819843500852585e-03,-1.957286847755312920e-03,4.120392550248652697e-04
3.207412064075469971e-01,2.048554420471191406e+00,-4.313726425170898438e-01,3.699829569086432457e-03,1.650055288337171078e-03,-2.337385434657335281e-03
6.797397732734680176e-01,1.516318678855895996e+00,-7.231814265251159668e-01,1.755828416207805276e-04,3.593298140913248062e-03,-2.168585924664512277e-04
-1.471532434225082397e-01,4.909582063555717468e-02,-2.899357676506042480e-01,-1.129123615100979805e-03,2.438492607325315475e-03,2.682452788576483727e-03
8.623219728469848633e-01,3.699592351913452148e+00,5.211630463600158691e-01,-9.225003886967897415e-04,1.110615085053723305e-05,-4.385405045468360186e-04
1.381706476211547852e+00,3.665717840194702148e+00,4.502602219581604004e-01,1.426054863259196281e-03,-1.297890674322843552e-03,-6.493635737570002675e-05
1.607558727264404297e+00,1.897508144378662109e+00,2.571864426136016846e-01,1.669639488682150841e-03,6.412796676158905029e-03,3.040789393708109856e-03
8.244309425354003906e-01,3.869407176971435547e+00,-5.274234414100646973e-01,4.655962809920310974e-03,1.768677728250622749e-03,6.700443336740136147e-04
1.624968886375427246e+00,3.129203081130981445e+00,5.735700130462646484e-01,2.957107033580541611e-03,-1.169859780929982662e-03,-3.372960491105914116e-03
1.590466022491455078e+00,2.565109729766845703e+00,6.255015134811401367e-01,4.556328989565372467e-03,-1.877629081718623638e-03,-4.367996007204055786e-03
8.957470059394836426e-01,3.517325162887573242e+00,-3.276741206645965576e-01,-2.469322862452827394e-05,-2.826649928465485573e-03,6.608735304325819016e-03
-2.081263214349746704e-01,1.190759301185607910e+00,4.515976607799530029e-01,1.406537136062979698e-03,2.185928402468562126e-03,5.865996936336159706e-04
3.130095079541206360e-02,4.791409522294998169e-02,-3.261650204658508301e-01,-1.704064314253628254e-03,-8.197409915737807751e-04,-7.673750515095889568e-04
4.936673343181610107e-01,7.872223258018493652e-01,-6.119262576103210449e-01,-3.011673688888549805e-03,2.719941781833767891e-03,-2.064823638647794724e-03
-4.601423144340515137e-01,9.115091562271118164e-01,1.444214880466461182e-01,-7.979483343660831451e-04,9.291562600992619991e-04,-4.522473085671663284e-03
1.598244756460189819e-01,3.788543045520782471e-01,-8.873002231121063232e-02,1.630064216442406178e-03,-1.419631880708038807e-03,2.201198600232601166e-03
1.200320005416870117e+00,3.295442819595336914e+00,-5.147512555122375488e-01,3.225436201319098473e-03,1.806151936762034893e-03,-5.951321218162775040e-03
-2.435256540775299072e-01,1.010599493980407715e+00,-4.783845245838165283e-01,2.629820024594664574e-03,-3.881656331941485405e-03,-3.618683200329542160e-03
-3.755593001842498779e-01,4.040790081024169922e+00,-3.049081265926361084e-01,-2.039720537140965462e-03,-3.199785482138395309e-03,-2.264729235321283340e-03
-2.696039676666259766e-01,1.404116749763488770e+00,1.855276077985763550e-01,-5.569499335251748562e-04,1.345531665720045567e-03,-3.938645124435424805e-03
-5.179066061973571777e-01,1.985393166542053223e-01,1.460489444434642792e-02,-4.753540997626259923e-05,-5.119744455441832542e-04,-5.486366804689168930e-03
-9.679061919450759888e-02,9.235527515411376953e-01,4.204632341861724854e-02,1.037606343743391335e-04,-1.263348851352930069e-03,1.658256631344556808e-03
4.034902155399322510e-01,2.196111917495727539e+00,-3.641922175884246826e-01,3.816039301455020905e-03,2.779728500172495842e-03,-1.408957410603761673e-03
5.891214609146118164e-01,4.075321674346923828e+00,-3.779724538326263428e-01,-1.054318738169968128e-03,-6.042961031198501587e-04,-1.273460220545530319e-03
1.885799467563629150e-01,1.997097134590148926e+00,-3.206104934215545654e-01,2.476010704413056374e-03,1.294115209020674229e-03,-2.145495964214205742e-03
5.447649955749511719e-01,1.865469813346862793e+00,6.701958179473876953e-01,3.258162178099155426e-03,4.467008984647691250e-04,1.024667057208716869e-03
1.632291674613952637e+00,2.247583627700805664e+00,-4.757410883903503418e-01,5.775017198175191879e-03,8.878058870323002338e-04,8.631534874439239502e-03
4.261941313743591309e-01,4.988587498664855957e-01,-5.266267657279968262e-01,-2.505199750885367393e-03,3.978653112426400185e-04,-1.669764867983758450e-03
1.062114953994750977e+00,3.783228635787963867e+00,-5.460380911827087402e-01,2.148304367437958717e-03,2.250955672934651375e-03,1.863422687165439129e-03
-4.177760779857635498e-01,3.801211118698120117e+00,-1.225760877132415771e-01,1.774767064489424229e-03,-5.983589799143373966e-04,4.078550264239311218e-03
8.963222503662109375e-01,2.723833799362182617e+00,-1.463091820478439331e-01,4.741248209029436111e-03,4.444214981049299240e-03,1.500505255535244942e-03
1.249587349593639374e-02,5.972212553024291992e-01,1.363871395587921143e-01,2.940560458227992058e-03,3.220817772671580315e-03,-3.156932536512613297e-03
1.761669516563415527e+00,3.170873403549194336e+00,1.441076248884201050e-01,-7.624184218002483249e-05,-1.337206922471523285e-04,1.060891197994351387e-03
1.459384679794311523e+00,2.413267135620117188e+00,6.852327585220336914e-01,5.526778288185596466e-03,-2.985822502523660660e-03,-3.059460548684000969e-03
1.469849705696105957e+00,2.693166971206665039e+00,7.042583227157592773e-01,5.376252811402082443e-03,-1.926866010762751102e-03,-1.364733907394111156e-03
1.805249691009521484e+00,2.930604696273803711e+00,1.595688760280609131e-01,-2.916840021498501301e-04,1.032337197102606297e-03,1.525101368315517902e-03
-7.932375669479370117e-01,3.846197605133056641e+00,-2.669907212257385254e-01,6.344423745758831501e-04,-2.285033930093050003e-03,-3.307081060484051704e-04
1.202992439270019531e+00,3.657335996627807617e+00,-5.818302035331726074e-01,2.893283963203430176e-03,3.456992330029606819e-03,2.283229259774088860e-03
4.388329982757568359e-01,3.863719940185546875e+00,-4.451604485511779785e-01,7.377186790108680725e-03,3.136622020974755287e-03,-4.786121658980846405e-03
6.748231649398803711e-01,4.391712248325347900e-01,-1.640412658452987671e-01,4.662515711970627308e-04,-6.763880955986678600e-04,3.119382541626691818e-03
1.782302141189575195e+00,2.455610990524291992e+00,2.045689374208450317e-01,1.419417385477572680e-04,3.628721227869391441e-03,2.366028027608990669e-03
1.576200008392333984e+00,2.039006710052490234e+00,-4.468706548213958740e-01,5.906851030886173248e-03,-2.809003926813602448e-04,9.441095404326915741e-03
-8.883229494094848633e-01,1.949224114418029785e+00,1.997504942119121552e-02,-1.057083863997831941e-04,6.192213622853159904e-04,-1.070835161954164505e-03
-2.643262147903442383e-01,4.132611751556396484e+00,-2.011376619338989258e-01,-4.168503917753696442e-03,7.658060058020055294e-04,4.848182201385498047e-03
1.669265925884246826e-01,7.387289404869079590e-02,2.622876763343811035e-01,6.211985368281602859e-03,2.515329280868172646e-03,-5.738799460232257843e-03
3.898423165082931519e-02,1.843737959861755371e+00,-2.759436964988708496e-01,1.499777426943182945e-03,1.386590156471356750e-04,-2.685501240193843842e-03
-1.111983418464660645e+00,2.248959064483642578e+00,1.579359360039234161e-02,-2.359517202421557158e-05,1.477495825383812189e-04,-3.376558015588670969e-04
1.546466499567031860e-01,4.200194358825683594e+00,1.015943512320518494e-01,3.625636221840977669e-03,-1.539577206131070852e-04,1.509688212536275387e-03
-4.614377617835998535e-01,1.188138961791992188e+00,7.055668532848358154e-02,-1.916819252073764801e-03,4.892857978120446205e-04,-1.227075816132128239e-03
3.279667198657989502e-01,3.457797467708587646e-01,5.154296159744262695e-01,3.673151601105928421e-03,-2.336509292945265770e-03,-3.000034019351005554e-03
9.745831489562988281e-01,9.382212162017822266e-01,-3.497945666313171387e-01,3.267428372055292130e-03,-2.764517907053232193e-03,7.542945444583892822e-03
1.754060387611389160e+00,2.281101465225219727e+00,1.664660871028900146e-01,5.730199627578258514e-04,4.359921906143426895e-03,2.868415089324116707e-03
-3.517035245895385742e-01,8.969359993934631348e-01,3.891153335571289062e-01,6.989308167248964310e-04,2.909387461841106415e-03,2.475128167134243995e-05
-5.063647031784057617e-01,4.070226192474365234e+00,-1.857600957155227661e-01,-5.023488309234380722e-03,1.637619716348126531e-04,5.063479766249656677e-03
9.689210057258605957e-01,8.637328147888183594e-01,2.629979848861694336e-01,3.992450889199972153e-03,6.761861965060234070e-03,2.700342563912272453e-03
1.481188416481018066e+00,1.893080353736877441e+00,-4.894529283046722412e-01,5.859210621565580368e-03,-6.296862266026437283e-04,7.547988090664148331e-03
1.307118177413940430e+00,1.353656888008117676e+00,2.934215068817138672e-01,3.441472770646214485e-03,7.884552702307701111e-03,3.197114216163754463e-03
6.483800411224365234e-01,2.096216917037963867e+00,-6.335111856460571289e-01,3.802911844104528427e-03,2.179226838052272797e-03,-8.817412308417260647e-04
-2.267839908599853516e-01,5.236169099807739258e-01,-4.196539521217346191e-02,5.184404435567557812e-04,-7.008362445048987865e-04,-1.694200793281197548e-03
1.663057088851928711e+00,3.157406330108642578e+00,-5.028361678123474121e-01,1.689444528892636299e-03,4.526617936789989471e-03,5.474166478961706161e-03
2.518882416188716888e-02,1.470080256462097168e+00,5.406181216239929199e-01,2.053457777947187424e-03,1.304266974329948425e-03,9.690896258689463139e-04
1.075440049171447754e+00,1.279983043670654297e+00,-5.173735022544860840e-01,3.137952182441949844e-03,-1.346737728454172611e-03,3.329042345285415649e-03
1.959626823663711548e-01,5.077353492379188538e-02,-2.604625821113586426e-01,3.328866325318813324e-03,-2.667239634320139885e-03,1.020150593831203878e-04
-3.580813705921173096e-01,8.914104700088500977e-01,-3.820924758911132812e-01,2.238254062831401825e-03,-4.473275505006313324e-03,-4.575417842715978622e-03
-1.402196288108825684e-01,7.733952403068542480e-01,1.367664635181427002e-01,3.638547379523515701e-03,2.383317332714796066e-03,-5.031626205891370773e-04
1.093579292297363281e+00,2.832148790359497070e+00,-4.117546379566192627e-01,3.154099220409989357e-03,5.662618670612573624e-03,2.351116854697465897e-03
-3.073689639568328857e-01,4.483608156442642212e-02,-1.086230725049972534e-01,-2.158215502277016640e-04,-1.133913174271583557e-03,-2.298768842592835426e-03
-1.000817775726318359e+00,2.094269275665283203e+00,1.816292852163314819e-02,-6.335833313642069697e-05,4.133142647333443165e-04,-8.147353655658662319e-04
-3.834373084828257561e-03,1.687212109565734863e+00,-3.830089271068572998e-01,1.851580804213881493e-03,-8.871313766576349735e-04,-3.181242384016513824e-03
-2.434313297271728516e-01,5.899669528007507324e-01,-5.311288237571716309e-01,1.473337877541780472e-03,-3.180510364472866058e-03,-9.313219925388693810e-04
1.029767394065856934e+00,1.799131035804748535e+00,-7.154835462570190430e-01,1.662156195379793644e-03,3.839751938357949257e-03,-2.448319282848387957e-04
3.071326613426208496e-01,5.490085482597351074e-02,9.887634962797164917e-02,8.586652693338692188e-04,-3.713169833645224571e-03,5.862562451511621475e-03
1.722534070722758770e-03,7.600630521774291992e-01,3.396961465477943420e-02,6.398746627382934093e-04,-2.559544285759329796e-03,2.824310213327407837e-03
6.070608496665954590e-01,3.644498109817504883e+00,1.579049974679946899e-01,2.328278496861457825e-03,-1.042938791215419769e-03,4.532813327386975288e-04
8.767309784889221191e-01,2.168332338333129883e+00,6.962443590164184570e-01,4.865326918661594391e-03,3.597557952161878347e-04,1.319662900641560555e-03
4.827512800693511963e-01,1.977474093437194824e+00,-6.019735336303710938e-01,3.355379216372966766e-03,1.784769236110150814e-03,-1.005705096758902073e-03
8.719161748886108398e-01,7.053298950195312500e-01,1.938618272542953491e-01,3.493977710604667664e-03,5.297712981700897217e-03,2.161090262234210968e-03
-9.638029932975769043e-01,3.639166355133056641e+00,1.336214840412139893e-01,4.640669561922550201e-03,1.222500111907720566e-03,-2.848752541467547417e-03
-3.146443665027618408e-01,3.857060194015502930e+00,-2.541524469852447510e-01,6.632952135987579823e-04,-1.127499039284884930e-03,2.119549550116062164e-03
3.604270517826080322e-01,1.587453782558441162e-01,3.980800211429595947e-01,-1.778500591171905398e-04,-1.467967522330582142e-03,-7.592168985866010189e-04
1.788313269615173340e+00,2.630918979644775391e+00,2.749147415161132812e-01,-2.257105370517820120e-04,2.829678822308778763e-03,1.850075786933302879e-03
-6.836154460906982422e-01,4.031704425811767578e+00,6.215957552194595337e-02,2.373752649873495102e-03,1.073982100933790207e-03,-4.616196674760431051e-04
1.115581154823303223e+00,3.225869417190551758e+00,-1.823584288358688354e-01,-1.385139185003936291e-03,1.197943580336868763e-03,5.317549686878919601e-03
1.557565331459045410e+00,3.273396492004394531e+00,-5.897926688194274902e-01,1.052870531566441059e-03,5.323040764778852463e-03,3.614612156525254250e-03
-9.241482615470886230e-01,3.769876718521118164e+00,2.445407509803771973e-01,-1.959471264854073524e-03,4.648444242775440216e-03,1.713352685328572989e-05
1.080416202545166016e+00,1.718963623046875000e+00,6.872674822807312012e-01,6.099533755332231522e-03,-3.136458341032266617e-03,-2.703790320083498955e-03
7.249412536621093750e-01,3.584580659866333008e+00,-1.715063452720642090e-01,1.439937506802380085e-03,-2.074152231216430664e-03,6.443687248975038528e-03
-9.538950771093368530e-02,7.276683449745178223e-01,-1.398884356021881104e-01,1.101963338442146778e-03,2.668908098712563515e-03,8.180770673789083958e-04
1.647625446319580078e+00,2.421688079833984375e+00,5.249644517898559570e-01,2.475524321198463440e-03,1.039071357809007168e-03,-3.130857832729816437e-03
5.813284516334533691e-01,4.160517692565917969e+00,1.151855438947677612e-01,3.379439003765583038e-03,-8.192450623027980328e-04,1.388844917528331280e-03
-5.435224771499633789e-01,4.047961711883544922e+00,2.068188935518264771e-01,5.830394104123115540e-03,3.231024835258722305e-03,-2.200531307607889175e-03
-5.356007218360900879e-01,5.015555024147033691e-01,2.609231695532798767e-02,-2.626121276989579201e-04,-7.774051628075540066e-04,-5.508721340447664261e-03
1.067955613136291504e+00,2.411134719848632812e+00,-6.905257105827331543e-01,5.325385835021734238e-03,2.018852159380912781e-03,-1.238488359376788139e-03
1.131574392318725586e+00,3.496552705764770508e+00,-5.692549347877502441e-01,7.484215311706066132e-03,2.930440939962863922e-03,-6.203154567629098892e-03
7.873012423515319824e-01,1.279609084129333496e+00,6.666765809059143066e-01,6.052908021956682205e-03,-2.800643909722566605e-03,-2.615612931549549103e-03
-2.116498202085494995e-01,1.562989711761474609e+00,5.105269700288772583e-02,-2.943997678812593222e-04,1.336256973445415497e-04,-4.400297999382019043e-03
1.950663626194000244e-01,2.112721204757690430e+00,3.680308116599917412e-03,1.417441875673830509e-03,1.538703683763742447e-03,-2.736355876550078392e-03
8.425132036209106445e-01,2.690127849578857422e+00,1.692369021475315094e-02,3.871695371344685555e-03,3.257542615756392479e-03,-1.201249833684414625e-04
1.464033573865890503e-01,1.669629573822021484e+00,5.391876101493835449e-01,2.418546937406063080e-03,1.055613625794649124e-03,1.235572970472276211e-03
1.007970929145812988e+00,2.727391242980957031e+00,4.198009073734283447e-01,3.308111103251576424e-03,2.920421771705150604e-03,9.038632269948720932e-04
1.165765166282653809e+00,3.893684148788452148e+00,3.229917883872985840e-01,1.500917947851121426e-03,-1.356937456876039505e-03,1.180995721369981766e-03
1.145740821957588196e-01,4.164087772369384766e+00,-2.505422830581665039e-01,-2.438963158056139946e-03,9.976888541132211685e-04,2.956154989078640938e-03
1.529780030250549316e+00,3.106874465942382812e+00,-6.602699160575866699e-01,4.132138565182685852e-03,5.453783087432384491e-03,2.940260339528322220e-03
1.428844332695007324e+00,1.726501464843750000e+00,-4.484257400035858154e-01,5.922117270529270172e-03,-1.674909726716578007e-03,8.995356038212776184e-03
2.560796737670898438e-01,2.147621870040893555e+00,1.745454072952270508e-01,8.044907590374350548e-04,1.827282248996198177e-03,-2.925602020695805550e-03
1.399526357650756836e+00,2.168759346008300781e+00,6.660966873168945312e-01,5.754035897552967072e-03,-2.718983683735132217e-03,-3.710613353177905083e-03
2.647587060928344727e-01,5.260534286499023438e-01,-6.039799451828002930e-01,-4.826555494219064713e-03,2.280733082443475723e-03,-1.918365363962948322e-03
1.826219819486141205e-02,1.873302221298217773e+00,1.707109957933425903e-01,7.002762868069112301e-05,1.488133450038731098e-03,-3.491652896627783775e-03
1.843671053647994995e-01,1.969207644462585449e+00,3.497741520404815674e-01,4.205754958093166351e-04,2.041069325059652328e-03,-1.842255471274256706e-03
4.974640011787414551e-01,1.497987627983093262e+00,-7.144337892532348633e-01,6.248469617275986820e-06,2.789506921544671059e-03,1.277627161471173167e-04
-2.111203670501708984e-01,1.359328269958496094e+00,3.546430468559265137e-01,1.254069793503731489e-04,2.355966717004776001e-03,-1.516927615739405155e-03
4.650981128215789795e-01,1.118619680404663086e+00,6.962518692016601562e-01,3.863113466650247574e-03,-4.237268585711717606e-03,-8.997082477435469627e-04
-8.223582804203033447e-02,4.611619189381599426e-02,-4.632533192634582520e-01,-4.706508945673704147e-03,-3.972722217440605164e-03,3.895726986229419708e-03
9.972877502441406250e-01,2.441482782363891602e+00,6.496812701225280762e-01,6.109293084591627121e-03,1.374394167214632034e-03,2.455934649333357811e-03
5.902532935142517090e-01,2.465740203857421875e+00,-1.493541300296783447e-01,4.205418750643730164e-03,3.530233399942517281e-03,-2.173476968891918659e-04
1.779029667377471924e-01,1.720994710922241211e-01,5.098220705986022949e-01,5.843856371939182281e-03,-3.667593002319335938e-03,-3.501941217109560966e-03
1.359520316123962402e+00,1.341437339782714844e+00,1.057190597057342529e-01,3.339179325848817825e-03,6.476882379502058029e-03,3.957257606089115143e-03
-3.497949540615081787e-01,9.279994368553161621e-01,-4.360644146800041199e-02,3.152773133479058743e-04,1.086249481886625290e-03,-1.773136085830628872e-03
9.677531123161315918e-01,9.790562987327575684e-01,3.991938829421997070e-01,3.448619041591882706e-03,7.217709440737962723e-03,2.618027385324239731e-03
3.863581717014312744e-01,4.136665537953376770e-02,2.648735344409942627e-01,-1.187734189443290234e-03,-3.203506057616323233e-04,1.261706696823239326e-03
1.305530667304992676e+00,1.249777078628540039e+00,-7.875262200832366943e-02,2.912092488259077072e-03,3.359515685588121414e-03,5.893524270504713058e-03
9.145035743713378906e-01,3.556926965713500977e+00,4.264415204524993896e-01,-2.227270044386386871e-03,2.190104860346764326e-04,-2.261318732053041458e-03
6.431772112846374512e-01,1.154842019081115723e+00,6.740556955337524414e-01,5.437396932393312454e-03,-3.431779099628329277e-03,-2.133158035576343536e-03
4.997977614402770996e-01,1.241288408637046814e-01,1.442904472351074219e-01,2.411888272035866976e-04,6.971635739319026470e-04,4.773748223669826984e-04
-1.089153662323951721e-01,4.331855103373527527e-02,4.552904069423675537e-01,6.153683643788099289e-03,1.504237181507050991e-03,2.716161776334047318e-03
6.871356368064880371e-01,2.561674594879150391e+00,3.212362527847290039e-02,3.430295502766966820e-03,2.853667596355080605e-03,-9.173753205686807632e-04
5.435197949409484863e-01,2.442347526550292969e+00,1.995713077485561371e-02,2.980994759127497673e-03,2.587994327768683434e-03,-1.417208346538245678e-03
-3.057671487331390381e-01,4.316132068634033203e-01,-4.788357615470886230e-01,3.255946096032857895e-03,-3.984932322055101395e-03,-2.188330749049782753e-03
-2.437094151973724365e-01,1.052160024642944336e+00,-9.687284380197525024e-02,-1.228934735991060734e-03,3.623855300247669220e-03,7.272892398759722710e-04
-2.239052057266235352e-01,3.924330711364746094e+00,3.391050696372985840e-01,2.161538694053888321e-03,1.261418336071074009e-03,1.155999256297945976e-03
-8.025755286216735840e-01,3.947730302810668945e+00,1.671231538057327271e-01,4.849839955568313599e-03,4.040939733386039734e-03,-3.212916199117898941e-03
6.071702018380165100e-02,4.161322593688964844e+00,2.497866898775100708e-01,5.499000661075115204e-03,2.252653212053701282e-04,4.084396059624850750e-04
-1.302604794502258301e+00,2.573437213897705078e+00,2.021840959787368774e-02,7.532117888331413269e-05,-4.491016443353146315e-05,-2.834165061358362436e-04
4.785037338733673096e-01,1.679045319557189941e+00,6.911391019821166992e-01,2.521572634577751160e-03,-1.891027350211516023e-04,7.082177908159792423e-04
-1.308781281113624573e-02,1.408999443054199219e+00,-5.367194414138793945e-01,1.806109212338924408e-03,-1.468768343329429626e-03,-1.921323128044605255e-03
-9.474976658821105957e-01,3.856213092803955078e+00,-1.733131706714630127e-01,-4.154232796281576157e-03,-1.395327155478298664e-03,2.480610972270369530e-03
-2.571612298488616943e-01,1.171819567680358887e+00,-4.026517570018768311e-01,1.840541255660355091e-03,-3.717217594385147095e-03,-4.196256399154663086e-03
-5.221660733222961426e-01,4.095251560211181641e+00,3.505098447203636169e-02,1.713630743324756622e-03,5.071634659543633461e-04,1.037892070598900318e-03
1.539052486419677734e+00,3.613120794296264648e+00,-1.518302261829376221e-01,1.483280910179018974e-03,-1.521279918961226940e-03,2.017946681007742882e-03
-1.209020137786865234e+00,2.397896051406860352e+00,2.063523419201374054e-02,9.141871123574674129e-05,1.570779859321191907e-04,-7.224334985949099064e-04
-1.069304227828979492e+00,3.810913085937500000e+00,-4.240413755178451538e-02,-1.223493251018226147e-03,-8.465956780128180981e-04,7.734373211860656738e-04
1.940273642539978027e-01,3.770956277847290039e+00,2.143560675904154778e-03,4.544715397059917450e-03,-9.379305993206799030e-04,2.348537323996424675e-03
3.882843255996704102e-01,3.777626276016235352e+00,-3.046365380287170410e-01,1.128476113080978394e-03,-2.740189898759126663e-03,5.248097237199544907e-03
1.605860471725463867e+00,3.483289241790771484e+00,-2.699955701828002930e-01,8.207433857023715973e-04,1.136030987254343927e-04,3.588449209928512573e-03
-3.531085848808288574e-01,1.992151886224746704e-01,-3.927754759788513184e-01,6.077037658542394638e-03,-4.086297936737537384e-03,-4.547736607491970062e-03
-1.497543454170227051e-01,1.588873624801635742e+00,2.397393137216567993e-01,-3.396800311747938395e-04,1.765024266205728054e-03,-3.291693516075611115e-03
8.999876976013183594e-01,1.991580247879028320e+00,7.285106778144836426e-01,4.379795398563146591e-03,-1.347311539575457573e-03,5.448698648251593113e-04
5.121547728776931763e-02,1.576143145561218262e+00,-5.125367641448974609e-01,2.502898918464779854e-03,-1.145172049291431904e-03,-2.615727717056870461e-03
3.012089803814888000e-02,4.219239652156829834e-01,1.856948137283325195e-01,4.749368410557508469e-03,4.583325702697038651e-03,-2.921019913628697395e-03
-1.493674069643020630e-01,4.394766390323638916e-01,-5.685548782348632812e-01,-1.222300808876752853e-03,-2.004377078264951706e-03,7.340292795561254025e-04
-1.609671115875244141e-01,1.331670284271240234e+00,-4.367699623107910156e-01,2.122995676472783089e-03,-3.006543265655636787e-03,-3.955475520342588425e-03
1.238051056861877441e+00,3.086489439010620117e+00,-4.995937943458557129e-01,1.621993025764822960e-03,3.335974644869565964e-03,-2.901032567024230957e-03
1.212497234344482422e+00,2.909204721450805664e+00,-5.365865826606750488e-01,4.232781939208507538e-03,4.098854959011077881e-03,-3.394919913262128830e-03
1.126110255718231201e-01,9.678494334220886230e-01,-6.682175993919372559e-01,-1.932746730744838715e-03,1.667365781031548977e-03,4.087435954716056585e-04
8.380048274993896484e-01,2.088356256484985352e+00,-7.040980458259582520e-01,3.360000438988208771e-03,2.152387285605072975e-03,-3.928176884073764086e-04
1.397773504257202148e+00,1.681160807609558105e+00,4.565453529357910156e-01,2.470605773851275444e-03,6.020541768521070480e-03,1.100570661947131157e-03
1.085632443428039551e+00,3.792963981628417969e+00,5.327849388122558594e-01,3.376038977876305580e-03,-8.672721451148390770e-04,-4.718277486972510815e-04
4.646451175212860107e-01,3.766476362943649292e-02,-1.983716525137424469e-02,1.367081073112785816e-03,1.489935093559324741e-03,1.638560905121266842e-03
1.337936401367187500e+00,1.520584225654602051e+00,4.129046797752380371e-01,2.646470908075571060e-03,7.246790919452905655e-03,2.372593851760029793e-03
6.179053187370300293e-01,2.329306602478027344e+00,4.542625844478607178e-01,2.606832655146718025e-03,1.723485649563372135e-03,8.182799210771918297e-04
4.959514737129211426e-01,4.137274265289306641e+00,2.765708565711975098e-01,3.956259693950414658e-03,-1.027227845042943954e-03,1.346586737781763077e-03
7.242617011070251465e-01,1.931738376617431641e+00,7.070900201797485352e-01,3.776571014896035194e-03,-2.622051688376814127e-04,9.015477844513952732e-04
9.394108653068542480e-01,4.055297851562500000e+00,-1.205261647701263428e-01,2.873123157769441605e-03,-9.213628945872187614e-04,1.955905929207801819e-03
2.802780866622924805e-01,1.668832540512084961e+00,-6.197608113288879395e-01,1.532083959318697453e-03,1.052182866260409355e-03,-4.012656863778829575e-04
1.717683076858520508e+00,2.824959516525268555e+00,4.881985485553741455e-01,9.811779018491506577e-04,5.013274494558572769e-04,-1.912933192215859890e-03
1.532459974288940430e+00,2.072709083557128906e+00,5.245649814605712891e-01,3.220817307010293007e-03,2.245898358523845673e-03,-2.668817061930894852e-03
2.032942324876785278e-01,3.813790321350097656e+00,2.629365622997283936e-01,3.364185336977243423e-03,-2.639067592099308968e-03,-4.843494389206171036e-03
-3.067255318164825439e-01,1.226742506027221680e+00,2.899018526077270508e-01,-3.487681970000267029e-04,2.284486312419176102e-03,-2.533686347305774689e-03
5.168392658233642578e-01,3.884314298629760742e+00,4.796106517314910889e-01,6.689542788080871105e-04,5.736686216550879180e-05,1.945730618899688125e-04
2.671406269073486328e-01,1.365308284759521484e+00,6.809331774711608887e-01,1.576065435074269772e-03,-6.827603210695087910e-04,5.042989505454897881e-04
1.355832219123840332e+00,2.554599523544311523e+00,7.201158404350280762e-01,5.515526980161666870e-03,-1.246206345967948437e-03,-1.416492741554975510e-04
8.672343492507934570e-01,3.483671188354492188e+00,1.210329532623291016e-01,8.992132497951388359e-04,-4.652919596992433071e-04,1.494781463406980038e-03
-2.585275471210479736e-01,6.796709299087524414e-01,4.354281723499298096e-02,-9.224998066201806068e-04,1.255354145541787148e-03,-1.785752130672335625e-03
-5.344929546117782593e-02,1.802864313125610352e+00,-8.461548388004302979e-02,5.457827355712652206e-04,4.753277971758507192e-05,-3.483521752059459686e-03
1.262776553630828857e-01,4.931358993053436279e-01,5.007095634937286377e-02,3.759658720809966326e-04,-3.720848122611641884e-03,4.298164974898099899e-03
-1.364356398582458496e+00,3.504023075103759766e+00,-2.657841518521308899e-02,4.709863860625773668e-04,4.219400580041110516e-04,-2.197892172262072563e-03
1.180893182754516602e+00,2.064676284790039062e+00,-7.213125824928283691e-01,3.142159897834062576e-03,3.602125216275453568e-03,1.800213940441608429e-04
4.183078408241271973e-01,3.760008335113525391e+00,2.882885336875915527e-01,1.813158858567476273e-03,-2.394404029473662376e-03,-4.311463329941034317e-03
-9.717215597629547119e-02,1.012235641479492188e+00,-5.865586400032043457e-01,2.584532194305211306e-04,-1.452601747587323189e-03,-3.689663717523217201e-04
1.888769418001174927e-01,3.593482673168182373e-01,-5.742833018302917480e-01,-5.964427720755338669e-03,9.243157110176980495e-04,-1.741150394082069397e-03
1.140812411904335022e-01,3.802922487258911133e+00,-1.664404273033142090e-01,1.422028406523168087e-03,-1.589780906215310097e-03,6.233721971511840820e-03
6.202362775802612305e-01,2.483354091644287109e+00,1.811818480491638184e-01,2.062802901491522789e-03,2.290396485477685928e-03,-1.994709018617868423e-03
3.407382406294345856e-03,1.669755727052688599e-01,5.333202481269836426e-01,7.377245929092168808e-03,-1.985190901905298233e-03,-5.783133092336356640e-04
1.468715310096740723e+00,2.932839632034301758e+00,-6.945055723190307617e-01,6.594398524612188339e-03,3.896273206919431686e-03,7.247022003866732121e-04
7.816485315561294556e-02,7.162505984306335449e-01,6.512531638145446777e-01,3.356742439791560173e-03,-3.698482876643538475e-03,6.002342342981137335e-05
1.066746473312377930e+00,2.596495628356933594e+00,-6.099483966827392578e-01,6.165341008454561234e-03,2.926077693700790405e-03,-2.616557059809565544e-03
9.809062480926513672e-01,1.134087085723876953e+00,5.037823915481567383e-01,4.645045846700668335e-03,4.750405903905630112e-03,-7.404515054076910019e-04
-2.587549090385437012e-01,7.842202782630920410e-01,-9.304314851760864258e-02,1.361505943350493908e-03,3.973844286520034075e-04,-1.429637777619063854e-03
4.340377449989318848e-01,3.703203439712524414e+00,2.843548776581883430e-03,3.840405726805329323e-03,-1.370100188069045544e-03,2.842723624780774117e-03
-5.167641639709472656e-01,5.128986239433288574e-01,-1.525752991437911987e-01,1.162672066129744053e-03,-3.176274709403514862e-03,-5.175240337848663330e-03
8.266355395317077637e-01,1.121500253677368164e+00,5.961558222770690918e-01,6.460092961788177490e-03,7.183817797340452671e-05,-3.235970856621861458e-03
3.430147171020507812e-01,8.218718767166137695e-01,6.604437828063964844e-01,4.520596470683813095e-03,-4.587399773299694061e-03,-1.624044496566057205e-03
1.410083025693893433e-01,5.190424919128417969e-01,6.229740381240844727e-01,5.308910738676786423e-03,-4.864844027906656265e-03,-1.412541838362812996e-03
7.776707410812377930e-01,1.719088912010192871e+00,-7.299568057060241699e-01,1.253394759260118008e-03,3.144877729937434196e-03,-5.518673788174055517e-05
1.135699033737182617e+00,2.819404363632202148e+00,5.005171298980712891e-01,5.233560223132371902e-03,3.500780789181590080e-03,4.128003958612680435e-03
1.346859812736511230e+00,1.976307034492492676e+00,-6.414528489112854004e-01,2.144056372344493866e-03,3.848320106044411659e-03,3.914338230970315635e-05
1.188074111938476562e+00,3.225617647171020508e+00,4.391401708126068115e-01,-9.849522029981017113e-04,4.540096037089824677e-03,1.490572001785039902e-03
1.254828453063964844e+00,1.602814674377441406e+00,-5.525453686714172363e-01,2.934350166469812393e-03,6.243029492907226086e-04,2.027445007115602493e-03
1.554905056953430176e+00,1.737229585647583008e+00,1.949753463268280029e-01,2.269759774208068848e-03,6.706314627081155777e-03,3.414000850170850754e-03
1.563126802444458008e+00,2.366661310195922852e+00,-6.044033765792846680e-01,3.200420876964926720e-03,4.163092467933893204e-03,1.773655530996620655e-03
-2.568539679050445557e-01,1.740005016326904297e-01,1.702753128483891487e-03,-1.192815761896781623e-04,-2.934996446128934622e-04,-3.091342747211456299e-03
3.280755579471588135e-01,1.975502967834472656e+00,4.983053803443908691e-01,2.576620783656835556e-03,1.095653860829770565e-03,1.367690507322549820e-03
-1.530558913946151733e-01,7.791348695755004883e-01,5.800243020057678223e-01,1.762299099937081337e-03,1.070564263500273228e-03,8.847821154631674290e-04
1.679305195808410645e+00,2.019212484359741211e+00,1.520116627216339111e-01,1.333243330009281635e-03,5.444825626909732819e-03,3.372032660990953445e-03
5.575106739997863770e-01,2.495704591274261475e-01,-1.679983586072921753e-01,5.618322757072746754e-04,-4.712067311629652977e-04,2.605369547381997108e-03
2.485973834991455078e-01,1.454596668481826782e-01,-1.145377010107040405e-01,2.557520521804690361e-03,-2.832045312970876694e-03,2.575014485046267509e-03
-1.073696557432413101e-02,1.754209756851196289e+00,3.041287660598754883e-01,-2.699664946703705937e-05,2.011692151427268982e-03,-2.497859299182891846e-03
-2.783049643039703369e-01,1.307662487030029297e+00,-2.780146896839141846e-01,5.274876602925360203e-04,-3.015536814928054810e-03,-3.884234931319952011e-03
8.963916301727294922e-01,6.920052766799926758e-01,9.476976469159126282e-03,2.363326493650674820e-03,2.977950731292366982e-03,2.779387170448899269e-03
2.454002797603607178e-01,1.297919511795043945e+00,-6.824796795845031738e-01,-7.051847060211002827e-04,1.819429104216396809e-03,3.465526679065078497e-04
1.594065070152282715e+00,3.306908845901489258e+00,5.247973799705505371e-01,2.033960074186325073e-03,-9.268294088542461395e-04,-2.411260269582271576e-03
2.815077900886535645e-01,8.787221312522888184e-01,-6.760649085044860840e-01,-3.004865720868110657e-03,3.564792452380061150e-03,-6.153681315481662750e-04
-3.000751435756683350e-01,7.513417005538940430e-01,-4.779751896858215332e-01,3.125852206721901894e-03,-4.210597369819879532e-03,-3.433847334235906601e-03
6.689348816871643066e-01,1.257682442665100098e+00,-6.908953189849853516e-01,-1.163094071671366692e-03,4.101126920431852341e-03,-1.035587047226727009e-03
1.497025847434997559e+00,3.489989995956420898e+00,5.068485140800476074e-01,1.955794868990778923e-03,-1.068594167008996010e-03,-1.556182163767516613e-03
-4.595095217227935791e-01,4.993702843785285950e-02,8.954496681690216064e-02,-1.110069220885634422e-03,4.669161571655422449e-04,-4.283257294446229935e-03
1.474319815635681152e+00,2.871144056320190430e+00,6.984608769416809082e-01,5.037315189838409424e-03,-6.355735240504145622e-04,-5.901838303543627262e-04
1.284486055374145508e+00,3.839727640151977539e+00,-2.447773963212966919e-01,1.542982994578778744e-03,-5.594932008534669876e-04,2.157130045816302299e-03
1.244256496429443359e+00,3.779510736465454102e+00,4.465320408344268799e-01,1.871705520898103714e-03,-1.473306445404887199e-03,2.549739147070795298e-04
5.697708725929260254e-01,3.696208477020263672e+00,-2.848225533962249756e-01,8.598418207839131355e-04,-3.141540568321943283e-03,7.331650238484144211e-03
8.547874093055725098e-01,4.080974102020263672e+00,1.618672162294387817e-01,2.842102432623505592e-03,-1.148130744695663452e-03,9.600861812941730022e-04
6.262589693069458008e-01,6.627790331840515137e-01,4.780239760875701904e-01,2.884438261389732361e-03,3.285753540694713593e-03,-1.639557740418240428e-04
-2.163870036602020264e-01,3.745342195034027100e-01,5.188799276947975159e-02,-7.260895799845457077e-04,1.480862032622098923e-03,-3.030632622539997101e-03
9.910711050033569336e-01,4.004814147949218750e+00,2.607963979244232178e-01,2.149657346308231354e-03,-1.246555941179394722e-03,1.021132338792085648e-03
1.248701214790344238e+00,3.774609565734863281e+00,-4.491880536079406738e-01,-5.116526735946536064e-04,1.813866896554827690e-03,2.138556214049458504e-03
7.660752534866333008e-01,2.386037349700927734e+00,-5.348581075668334961e-01,5.781656131148338318e-03,3.174992045387625694e-03,-2.047254238277673721e-03
1.225735425949096680e+00,1.183802604675292969e+00,-2.225244045257568359e-01,3.035215660929679871e-03,1.842051715357229114e-04,7.606029510498046875e-03
1.475772738456726074e+00,1.899374961853027344e+00,4.996062815189361572e-01,2.844720380380749702e-03,3.856485011056065559e-03,-1.159039908088743687e-03
1.822198748588562012e+00,2.832043886184692383e+00,-4.740085569210350513e-04,-4.020988490083254874e-05,8.962316205725073814e-04,2.927829511463642120e-03
-1.327224969863891602e+00,3.323795080184936523e+00,1.058182939887046814e-01,1.907136058434844017e-03,2.126374281942844391e-03,-9.151147678494453430e-04
1.459417700767517090e+00,1.618951082229614258e+00,2.998143136501312256e-01,2.569246804341673851e-03,7.438350468873977661e-03,3.135239006951451302e-03
1.109396815299987793e+00,1.065053939819335938e+00,2.905413508415222168e-01,4.012821707874536514e-03,7.640549447387456894e-03,3.025942016392946243e-03
-5.082334876060485840e-01,6.536879539489746094e-01,1.398086994886398315e-01,-8.823110838420689106e-04,9.888777276501059532e-04,-4.485534504055976868e-03
1.549051403999328613e-01,9.098266959190368652e-01,6.739494800567626953e-01,2.483337651938199997e-03,-3.434205427765846252e-03,1.439105253666639328e-04
9.648287892341613770e-01,3.949093103408813477e+00,-4.151789844036102295e-01,-5.893823690712451935e-04,4.812632105313241482e-04,3.938836744055151939e-04
1.795867323875427246e+00,3.057208776473999023e+00,-1.197490189224481583e-02,5.307179162628017366e-05,-1.694274687906727195e-04,2.372432034462690353e-03
-1.383089303970336914e+00,3.166286230087280273e+00,4.419154673814773560e-02,3.996829618699848652e-04,8.679304155521094799e-04,-7.399073801934719086e-04
1.734420299530029297e+00,3.278692960739135742e+00,-3.188194474205374718e-03,4.080115468241274357e-04,-1.090356730856001377e-03,1.660070498473942280e-03
-8.541594445705413818e-02,4.135710239410400391e+00,-2.720590531826019287e-01,-3.528373083099722862e-03,-5.314572481438517570e-04,-6.667429715889738873e-06
9.027733802795410156e-01,1.555884242057800293e+00,-7.005347609519958496e-01,3.217964549548923969e-04,4.034303594380617142e-03,-7.094814791344106197e-04
-3.742847144603729248e-01,4.017756938934326172e+00,3.228418529033660889e-01,3.471882315352559090e-03,3.446327755227684975e-03,-1.092453952878713608e-03
6.472778320312500000e-01,2.080858707427978516e+00,6.393426060676574707e-01,4.337295424193143845e-03,7.001605117693543434e-04,1.698778243735432625e-03
-1.100425362586975098e+00,3.546887636184692383e+00,-1.031597331166267395e-01,2.487335586920380592e-03,1.085390336811542511e-03,1.879432587884366512e-03
-8.324472308158874512e-01,3.710584878921508789e+00,-1.664906144142150879e-01,1.433523138985037804e-03,-9.999530157074332237e-04,3.333403263241052628e-03
1.192881107330322266e+00,3.366155862808227539e+00,5.509862303733825684e-01,-1.466350397095084190e-03,3.550310386344790459e-03,5.371663719415664673e-04
-2.301059365272521973e-01,4.247155785560607910e-01,5.287045836448669434e-01,2.892975928261876106e-03,2.041928237304091454e-03,1.868909224867820740e-03
1.490840196609497070e+00,2.696211099624633789e+00,-6.982292532920837402e-01,5.293773487210273743e-03,4.375488962978124619e-03,1.632536645047366619e-03
1.189776420593261719e+00,1.884034395217895508e+00,-6.886404156684875488e-01,1.863198122009634972e-03,4.055996891111135483e-03,-2.642095205374062061e-04
1.784210681915283203e+00,2.806343317031860352e+00,3.123057484626770020e-01,-4.256400861777365208e-04,1.914117368869483471e-03,1.467993599362671375e-03
3.736438974738121033e-02,1.737460494041442871e-01,-5.356280207633972168e-01,-6.838888861238956451e-03,-1.891165506094694138e-03,4.486512625589966774e-04
7.595807313919067383e-01,7.472987174987792969e-01,-4.203244149684906006e-01,3.086857497692108154e-03,-3.246077103540301323e-03,5.865733604878187180e-03
1.297994732856750488e+00,2.739452123641967773e+00,6.847875118255615234e-01,5.584644619375467300e-03,2.306426642462611198e-03,1.746082212775945663e-03
-3.737088143825531006e-01,4.618121087551116943e-01,4.183487892150878906e-01,1.903759548440575600e-03,3.446344286203384399e-03,2.220039488747715950e-03
1.210422068834304810e-01,4.051706314086914062e+00,-4.048210084438323975e-01,1.924221520312130451e-03,-1.207173918373882771e-03,-9.304770501330494881e-04
1.536523818969726562e+00,2.272873163223266602e+00,6.002212762832641602e-01,4.720525350421667099e-03,-9.350675391033291817e-04,-4.554127342998981476e-03
1.619588136672973633e+00,3.404615402221679688e+00,3.734841644763946533e-01,6.344790017465129495e-05,-5.647616926580667496e-04,6.583374924957752228e-04
-4.071711897850036621e-01,6.544502973556518555e-01,-3.687043488025665283e-01,3.001075703650712967e-03,-4.614514298737049103e-03,-4.946700762957334518e-03
5.945689678192138672e-01,1.741951227188110352e+00,-7.086183428764343262e-01,1.271468354389071465e-03,2.354561118409037590e-03,5.795103788841515779e-05
1.641686081886291504e+00,1.951729774475097656e+00,-2.134441733360290527e-01,2.669158391654491425e-03,1.662240712903439999e-03,8.039522916078567505e-03
-4.817030727863311768e-01,5.093247294425964355e-01,2.544288933277130127e-01,-8.472248446196317673e-04,2.670899732038378716e-03,-2.091194968670606613e-03
8.533726334571838379e-01,1.110551834106445312e+00,-5.769837498664855957e-01,-4.839554603677242994e-04,1.375614083372056484e-03,-9.169662953354418278e-04
9.666454195976257324e-01,2.741446256637573242e+00,-3.123426437377929688e-01,4.575734026730060577e-03,5.488833412528038025e-03,2.408051397651433945e-03
5.279967784881591797e-01,1.504726052284240723e+00,7.176085114479064941e-01,2.666880842298269272e-03,-2.182193333283066750e-03,3.340207040309906006e-04
1.636160492897033691e+00,2.221756219863891602e+00,4.562588632106781006e-01,9.830030612647533417e-04,3.758710110560059547e-03,3.603605146054178476e-04
2.003208734095096588e-03,1.626472115516662598e+00,4.368433058261871338e-01,1.055260654538869858e-03,1.861173775978386402e-03,-1.427231181878596544e-04
-5.258788540959358215e-02,4.224875867366790771e-01,5.939978957176208496e-01,4.901846405118703842e-03,-2.010518684983253479e-03,6.260597729124128819e-04
-2.187411300837993622e-02,4.192654609680175781e+00,9.340148419141769409e-02,3.555105766281485558e-03,1.476997422287240624e-04,1.363046350888907909e-03
1.118256211280822754e+00,3.969511747360229492e+00,1.278012245893478394e-01,2.511816564947366714e-03,-1.470479415729641914e-03,6.577636231668293476e-04
1.562398433685302734e+00,3.584739685058593750e+00,1.383718699216842651e-01,9.926082566380500793e-04,-1.427373499609529972e-03,4.350313975010067225e-04
3.463959395885467529e-01,3.863306522369384766e+00,4.109162688255310059e-01,9.520537569187581539e-04,-1.614050939679145813e-03,-1.190380426123738289e-03
3.552126288414001465e-01,1.958892098627984524e-04,-1.735396534204483032e-01,2.796034794300794601e-03,-5.332497676135972142e-05,4.278559237718582153e-03
-3.825488984584808350e-01,4.133635997772216797e+00,-6.800566613674163818e-02,-1.311857369728386402e-03,9.364767902297899127e-05,4.119681194424629211e-03
-4.990553855895996094e-02,4.001079559326171875e+00,-3.916747272014617920e-01,4.643201362341642380e-03,5.464971764013171196e-04,-7.675446686334908009e-04
6.047707796096801758e-01,2.901011705398559570e-01,-3.248808672651648521e-03,3.022462187800556421e-04,5.373798194341361523e-04,7.450713310390710831e-04
1.319352984428405762e+00,1.778686881065368652e+00,-5.858226418495178223e-01,2.358434256166219711e-03,2.231358550488948822e-03,7.809654925949871540e-04
1.009913325309753418e+00,2.691116809844970703e+00,-4.725100100040435791e-01,4.916755016893148422e-03,5.032792221754789352e-03,-2.830736339092254639e-04
4.469039440155029297e-01,4.141322612762451172e+00,-2.820619046688079834e-01,-8.759830961935222149e-04,8.358170744031667709e-04,1.945816096849739552e-03
1.414170861244201660e+00,2.502017021179199219e+00,-7.110920548439025879e-01,5.066886078566312790e-03,3.836636897176504135e-03,1.027616555802524090e-03
1.348471403121948242e+00,3.097615003585815430e+00,-6.396226286888122559e-01,6.369003094732761383e-03,2.754293847829103470e-03,-4.590305499732494354e-03
1.161583423614501953e+00,2.495970726013183594e+00,6.983320713043212891e-01,5.871810484677553177e-03,1.058060675859451294e-03,1.567397732287645340e-03
4.374950230121612549e-01,1.803159713745117188e+00,-6.473301649093627930e-01,1.957352040335536003e-03,1.718935673125088215e-03,-2.767931728158146143e-04
5.916006565093994141e-01,5.012750029563903809e-01,-3.913167715072631836e-01,2.570253331214189529e-03,-2.650855109095573425e-03,5.139635875821113586e-03
-2.898096740245819092e-01,4.787599667906761169e-02,1.443739086389541626e-01,1.380881149088963866e-04,2.679492346942424774e-03,-4.670299589633941650e-03
-1.888747811317443848e-01,2.280691564083099365e-01,1.534417271614074707e-01,-1.349788391962647438e-03,4.187122453004121780e-03,-3.466411028057336807e-03
-6.386795639991760254e-02,4.080233573913574219e+00,3.543229997158050537e-01,5.135197658091783524e-03,1.747183036059141159e-03,-5.443572881631553173e-04
3.785348534584045410e-01,1.836000084877014160e+00,6.078312397003173828e-01,3.073897445574402809e-03,7.820989703759551048e-04,1.300118048675358295e-03
3.008002936840057373e-01,3.759113073348999023e+00,-1.538635343313217163e-01,1.951024052686989307e-03,-1.678381348028779030e-03,6.133410613983869553e-03
-4.476427435874938965e-01,7.822687625885009766e-01,2.648838758468627930e-01,-6.367231835611164570e-04,2.550058765336871147e-03,-2.457773312926292419e-03
1.816110610961914062e+00,2.610424518585205078e+00,-7.812669873237609863e-02,4.121999663766473532e-04,1.607769750989973545e-03,4.529934376478195190e-03
-3.531252741813659668e-01,1.043138384819030762e+00,9.306833148002624512e-02,1.028750790283083916e-03,-2.078539691865444183e-04,4.607563605532050133e-04
-9.974178671836853027e-01,3.686980724334716797e+00,-2.184284329414367676e-01,4.616160586010664701e-04,-7.563341641798615456e-04,5.536117241717875004e-04
8.151275664567947388e-02,1.299135684967041016e+00,6.249488592147827148e-01,1.400154200382530689e-03,7.275866228155791759e-04,4.958300851285457611e-04
1.202944517135620117e+00,1.923221111297607422e+00,6.927222609519958496e-01,5.984197370707988739e-03,-3.255510935559868813e-03,-2.724576741456985474e-03
-1.205762028694152832e+00,3.445312500000000000e+00,4.372970759868621826e-02,1.907528610900044441e-03,1.771712908521294594e-03,-4.865947994403541088e-04
7.339283227920532227e-01,3.634834289550781250e+00,-3.443432450294494629e-01,1.084224320948123932e-03,-2.910418901592493057e-03,4.687345121055841446e-03
1.788173556327819824e+00,2.789600133895874023e+00,-2.978936135768890381e-01,1.757001271471381187e-03,1.605433179065585136e-03,7.069966290146112442e-03
3.169828653335571289e-01,2.236289978027343750e+00,3.085095621645450592e-02,1.861975179053843021e-03,1.943354145623743534e-03,-2.370419679209589958e-03
-5.859752297401428223e-01,3.756866216659545898e+00,-1.253722608089447021e-02,4.470783285796642303e-03,1.059795380569994450e-03,9.728442528285086155e-04
1.785622954368591309e+00,2.488569498062133789e+00,-2.136584073305130005e-01,1.554350368678569794e-03,1.582012046128511429e-03,6.880589295178651810e-03
1.513856887817382812e+00,1.786367654800415039e+00,3.624985516071319580e-01,1.832235604524612427e-03,6.807197351008653641e-03,2.739379182457923889e-03
9.829569458961486816e-01,2.600907564163208008e+00,5.372759103775024414e-01,6.023148074746131897e-03,1.764050102792680264e-03,4.145539831370115280e-03
1.222665309906005859e+00,2.136086940765380859e+00,7.211378812789916992e-01,5.548018030822277069e-03,-3.182382788509130478e-03,-1.360688707791268826e-03
-1.917394250631332397e-01,1.868250221014022827e-01,-4.971483349800109863e-01,-3.565615334082394838e-04,-3.676555585116147995e-03,1.368095516227185726e-03
-7.343330234289169312e-02,1.287844181060791016e+00,5.356861948966979980e-01,1.844646758399903774e-03,1.561101875267922878e-03,8.596742409281432629e-04
1.161072969436645508e+00,2.747125864028930664e+00,-5.901041626930236816e-01,5.977036897093057632e-03,3.341257572174072266e-03,-3.373970510438084602e-03
-2.860816121101379395e-01,1.402905464172363281e+00,-1.229449138045310974e-01,-5.918742317589931190e-05,-1.922198338434100151e-03,-4.377383273094892502e-03
6.777052283287048340e-01,3.791831970214843750e+00,4.908322095870971680e-01,-3.250974114052951336e-04,-5.554591771215200424e-04,-4.479670897126197815e-04
8.972105979919433594e-01,3.455623626708984375e+00,-6.929270178079605103e-02,1.094958977773785591e-03,-1.183515065349638462e-03,4.403520375490188599e-03
7.365850806236267090e-01,2.590755939483642578e+00,-1.356624662876129150e-01,4.650727380067110062e-03,3.937453497201204300e-03,4.942450323142111301e-04
4.649740159511566162e-01,1.317332983016967773e+00,7.128869891166687012e-01,2.777032321318984032e-03,-3.217692952603101730e-03,7.643649951205588877e-06
2.751951217651367188e-01,2.141492128372192383e+00,-2.386945933103561401e-01,2.761365612968802452e-03,2.115063834935426712e-03,-1.614905078895390034e-03
4.798116087913513184e-01,2.015072584152221680e+00,5.816568136215209961e-01,3.823644481599330902e-03,6.581106572411954403e-04,1.959307119250297546e-03
-7.498174905776977539e-01,3.771183490753173828e+00,2.235025167465209961e-01,4.048847127705812454e-03,2.062655752524733543e-03,1.279207295738160610e-03
7.695540189743041992e-01,2.605031251907348633e+00,1.952489316463470459e-01,2.435536589473485947e-03,2.468471881002187729e-03,-1.612916588783264160e-03
1.017975330352783203e+00,3.630124092102050781e+00,5.622073411941528320e-01,-4.828092933166772127e-04,7.576564094051718712e-04,4.309639189159497619e-05
-3.711551725864410400e-01,4.122868061065673828e+00,1.474134325981140137e-01,4.749478772282600403e-03,1.391506753861904144e-03,-6.037185667082667351e-04
3.956356048583984375e-01,2.272655010223388672e+00,2.122929692268371582e-01,1.099045970477163792e-03,2.025849884375929832e-03,-2.576675033196806908e-03
7.612793892621994019e-02,1.978091359138488770e+00,4.085341934114694595e-03,8.540123817510902882e-04,1.050979830324649811e-03,-3.219771897420287132e-03
-1.084801480174064636e-01,7.707155942916870117e-01,-6.020604968070983887e-01,-6.818480324000120163e-04,-1.154019846580922604e-03,2.719340845942497253e-04
-4.620326757431030273e-01,1.863452792167663574e-01,2.360550612211227417e-01,-1.219495316036045551e-03,2.487086690962314606e-03,-1.257099909707903862e-03
1.502266049385070801e+00,1.579319000244140625e+00,-4.841519985347986221e-03,2.550346078351140022e-03,4.856526851654052734e-03,5.239663645625114441e-03
-1.262354493141174316e+00,3.546057701110839844e+00,-1.747912168502807617e-01,6.992889684624969959e-04,-1.688582589849829674e-03,-1.093206694349646568e-03
1.674964189529418945e+00,3.390190362930297852e+00,1.752187907695770264e-01,2.961878199130296707e-04,-7.850967231206595898e-04,6.094397976994514465e-04
5.632725358009338379e-01,2.961736321449279785e-01,2.220943719148635864e-01,4.864334769081324339e-04,1.546887215226888657e-03,9.313155314885079861e-04
8.271374702453613281e-01,3.881869316101074219e+00,5.221419334411621094e-01,3.152505494654178619e-03,-1.337913417955860496e-04,-7.077909685904160142e-05
1.671230196952819824e+00,2.119767904281616211e+00,-3.121981918811798096e-01,3.594133537262678146e-03,8.770717540755867958e-04,9.119354188442230225e-03
-7.447369396686553955e-02,3.823281764984130859e+00,-1.630176752805709839e-01,1.157856779173016548e-03,-1.429116469807922840e-03,5.868264008313417435e-03
6.651883125305175781e-01,8.272760510444641113e-01,-5.464343428611755371e-01,-9.756137733347713947e-04,4.486512916628271341e-04,-8.150050416588783264e-04
-4.973033443093299866e-02,1.838004291057586670e-01,2.552838325500488281e-01,5.538997706025838852e-03,5.598801653832197189e-03,-8.584774332121014595e-04
6.633931994438171387e-01,8.308690190315246582e-01,5.493360757827758789e-01,5.305653437972068787e-03,1.249990309588611126e-03,-2.500651637092232704e-03
7.562028169631958008e-01,3.577390909194946289e+00,2.221654802560806274e-01,6.926889764145016670e-04,-4.683523438870906830e-04,-1.771628740243613720e-04
4.778911173343658447e-01,2.958916425704956055e-01,-3.637854754924774170e-01,2.727658487856388092e-03,-1.768594258464872837e-03,4.640005528926849365e-03
6.757106781005859375e-01,2.460996389389038086e+00,3.495105803012847900e-01,1.706763287074863911e-03,2.292159944772720337e-03,-1.322313677519559860e-03
1.732503294944763184e+00,3.158598184585571289e+00,-3.225873112678527832e-01,1.113780424930155277e-03,1.574661233462393284e-03,5.803093779832124710e-03
4.620981216430664062e-01,1.282668709754943848e+00,-7.113949060440063477e-01,-1.015522633679211140e-03,3.506143577396869659e-03,-1.487462141085416079e-04
6.688279099762439728e-03,3.469300270080566406e-01,-5.866925716400146484e-01,-5.109793972223997116e-03,-3.110612160526216030e-04,4.260644782334566116e-04
1.270079493522644043e+00,3.866271734237670898e+00,1.746999174356460571e-01,1.836701994761824608e-03,-1.412584446370601654e-03,4.735514812637120485e-04
-4.037129878997802734e-02,1.941004842519760132e-01,-2.534203231334686279e-01,-1.144996262155473232e-03,1.123133581131696701e-03,5.804831744171679020e-04
8.829745054244995117e-01,1.618010997772216797e+00,7.147990465164184570e-01,5.121045745909214020e-03,-3.617295995354652405e-03,-1.330302562564611435e-03
1.294387936592102051e+00,3.863992452621459961e+00,-2.318858169019222260e-02,2.704740036278963089e-03,-2.007291186600923538e-03,9.395824163220822811e-04
1.723974585533142090e+00,2.354120492935180664e+00,-3.471063971519470215e-01,3.637640736997127533e-03,1.256793970242142677e-03,9.095803834497928619e-03
4.918278157711029053e-01,9.154947996139526367e-01,6.515311002731323242e-01,5.227839108556509018e-03,-3.520792117342352867e-03,-2.279835287481546402e-03
-4.166104197502136230e-01,1.089261651039123535e+00,-6.265548616647720337e-02,1.200520317070186138e-03,2.464818768203258514e-03,-2.729302970692515373e-03
-2.390570938587188721e-01,4.168179988861083984e+00,3.103695437312126160e-02,2.097541000694036484e-03,3.012913221027702093e-04,2.053593518212437630e-03
1.028230071067810059e+00,3.459796428680419922e+00,-4.352706372737884521e-01,1.984722213819622993e-03,-3.352368657942861319e-04,-2.351186471059918404e-03
1.106812477111816406e+00,1.619964361190795898e+00,-6.495877504348754883e-01,6.236276822164654732e-04,3.597789909690618515e-03,-8.798171766102313995e-04
9.901357293128967285e-01,8.179948925971984863e-01,9.101887792348861694e-02,3.415982006117701530e-03,4.894112702459096909e-03,2.818673150613903999e-03
5.926182866096496582e-01,3.638985872268676758e+00,-4.985194653272628784e-02,2.939214929938316345e-03,-1.601984258741140366e-03,4.095342941582202911e-03
4.950489401817321777e-01,7.394641637802124023e-01,5.940414667129516602e-01,5.306090693920850754e-03,-1.692509511485695839e-03,-2.891996176913380623e-03
1.210172414779663086e+00,2.294274806976318359e+00,-7.296414375305175781e-01,4.650627262890338898e-03,2.698384225368499756e-03,1.213107389048673213e-04
2.881030440330505371e-01,4.136530876159667969e+00,3.175188004970550537e-01,5.180575884878635406e-03,-6.331340991891920567e-04,1.010767184197902679e-03
1.342611551284790039e+00,1.807189822196960449e+00,5.806665420532226562e-01,5.517228506505489349e-03,6.055466365069150925e-04,-4.008744377642869949e-03
1.200263619422912598e+00,1.439106702804565430e+00,5.073794126510620117e-01,4.312228411436080933e-03,4.677074030041694641e-03,-1.029967446811497211e-03
1.234799474477767944e-01,1.809561252593994141e+00,4.310185015201568604e-01,1.050982391461730003e-03,1.812080736272037029e-03,-3.291504399385303259e-04
-5.111429095268249512e-01,3.462220430374145508e-01,1.680666506290435791e-01,-1.155549776740372181e-03,1.564615406095981598e-03,-3.570898436009883881e-03
1.067108273506164551e+00,1.288782596588134766e+00,5.290628671646118164e-01,5.267677363008260727e-03,3.640754148364067078e-03,-1.957704778760671616e-03
-9.578327089548110962e-02,1.684411644935607910e+00,-2.262685298919677734e-01,7.203831919468939304e-04,-9.163131471723318100e-04,-3.269704990088939667e-03
1.063494563102722168e+00,2.055604934692382812e+00,7.328560352325439453e-01,5.004940554499626160e-03,-2.442327560856938362e-03,-1.850641710916534066e-04
-2.980732023715972900e-01,7.512879371643066406e-01,4.798295199871063232e-01,1.981690991669893265e-03,2.659856807440519333e-03,1.486366149038076401e-03
-1.349857687950134277e+00,3.376603364944458008e+00,-1.582046747207641602e-01,3.869469510391354561e-04,-2.150446176528930664e-03,4.553673206828534603e-04
1.324405521154403687e-01,3.466219007968902588e-01,5.816225409507751465e-01,6.302461959421634674e-03,-4.474182613193988800e-03,-2.209091093391180038e-03
-1.358650326728820801e-01,4.958094954490661621e-01,1.573256850242614746e-01,1.634978572838008404e-03,2.510896883904933929e-03,7.655191002413630486e-04
6.920353174209594727e-01,9.957393407821655273e-01,6.082308292388916016e-01,6.171538494527339935e-03,-9.025399922393262386e-04,-3.064442425966262817e-03
1.151296377182006836e+00,3.891716718673706055e+00,-3.487536311149597168e-01,3.590979322325438261e-04,7.116596098057925701e-04,2.128935186192393303e-03
1.191559791564941406e+00,1.213936567306518555e+00,3.336283564567565918e-01,3.645138349384069443e-03,7.937245070934295654e-03,3.078286536037921906e-03
1.019438028335571289e+00,2.155495405197143555e+00,-7.272309660911560059e-01,3.824172774329781532e-03,2.291937125846743584e-03,-2.127496991306543350e-04
8.384584188461303711e-01,1.273540973663330078e+00,-6.475352644920349121e-01,-1.004542922601103783e-03,3.470649477094411850e-03,-1.488080481067299843e-03
1.697189450263977051e+00,2.647444963455200195e+00,5.097096562385559082e-01,1.692280638962984085e-03,6.902312161400914192e-04,-2.701120218262076378e-03
