0.000000000000000000e+00,3.089214324951171875e+00,1.533686399459838867e+00,0.000000000000000000e+00,-4.358728915576648433e-07,1.948170165633200668e-06
0.000000000000000000e+00,-1.766383171081542969e+00,-1.421796530485153198e-01,0.000000000000000000e+00,2.070701681077480316e-03,-6.402330473065376282e-04
0.000000000000000000e+00,1.585136413574218750e+00,-1.421446055173873901e-01,0.000000000000000000e+00,3.739949315786361694e-04,5.230193957686424255e-03
0.000000000000000000e+00,-1.451225042343139648e+00,5.548519492149353027e-01,0.000000000000000000e+00,-4.323323722928762436e-03,-2.412207424640655518e-03
0.000000000000000000e+00,1.081901669502258301e+00,-1.455839127302169800e-01,0.000000000000000000e+00,-2.692633122205734253e-02,4.170972108840942383e-02
0.000000000000000000e+00,1.190073490142822266e+00,-6.706249117851257324e-01,0.000000000000000000e+00,1.458527147769927979e-02,1.084760725498199463e-01
0.000000000000000000e+00,2.545668184757232666e-01,7.428712248802185059e-01,0.000000000000000000e+00,1.553175210952758789e+00,4.282089471817016602e-01
0.000000000000000000e+00,-2.928943395614624023e+00,1.525188237428665161e-01,0.000000000000000000e+00,7.295894622802734375e-01,6.400737762451171875e-01
0.000000000000000000e+00,-1.661848664283752441e+00,-7.746588587760925293e-01,0.000000000000000000e+00,2.245559357106685638e-03,9.498831350356340408e-04
0.000000000000000000e+00,1.080657124519348145e+00,1.060684680938720703e+00,0.000000000000000000e+00,9.367410093545913696e-03,2.163116820156574249e-03
0.000000000000000000e+00,-1.536065578460693359e+00,6.745620071887969971e-02,0.000000000000000000e+00,-6.678099744021892548e-04,-9.148865938186645508e-04
0.000000000000000000e+00,-2.049146652221679688e+00,-6.718434691429138184e-01,0.000000000000000000e+00,2.761976793408393860e-02,2.157293260097503662e-03
0.000000000000000000e+00,-1.570137500762939453e+00,4.455713927745819092e-01,0.000000000000000000e+00,-3.972079604864120483e-03,-3.678510896861553192e-03
0.000000000000000000e+00,-2.915290355682373047e+00,4.530032575130462646e-01,0.000000000000000000e+00,-2.155949592590332031e+00,-8.921861648559570312e-01
0.000000000000000000e+00,-6.629979014396667480e-01,1.437974691390991211e+00,0.000000000000000000e+00,-1.284964323043823242e+00,9.213438630104064941e-02
0.000000000000000000e+00,2.980019152164459229e-01,-2.436365336179733276e-01,0.000000000000000000e+00,2.728407382965087891e-01,2.517099142074584961e+00
0.000000000000000000e+00,-1.238154292106628418e+00,-8.996979594230651855e-01,0.000000000000000000e+00,-8.786502294242382050e-04,1.211060443893074989e-03
0.000000000000000000e+00,-2.696442842483520508e+00,-1.193900465965270996e+00,0.000000000000000000e+00,-1.667678356170654297e-02,1.529138088226318359e+00
0.000000000000000000e+00,6.913422942161560059e-01,-1.757512539625167847e-01,0.000000000000000000e+00,-1.515046954154968262e-01,3.747140169143676758e-01
0.000000000000000000e+00,-2.647430658340454102e+00,9.110738635063171387e-01,0.000000000000000000e+00,-1.573776245117187500e+00,-1.459363222122192383e+00
0.000000000000000000e+00,-2.132342338562011719e+00,5.484135448932647705e-02,0.000000000000000000e+00,-8.945167064666748047e-04,-2.056032419204711914e-03
0.000000000000000000e+00,-2.233995437622070312e+00,-2.238092869520187378e-01,0.000000000000000000e+00,6.196090951561927795e-02,1.425355672836303711e-03
0.000000000000000000e+00,-7.759312987327575684e-01,6.415107846260070801e-01,0.000000000000000000e+00,2.832823991775512695e-02,-8.250027894973754883e-03
0.000000000000000000e+00,6.234855055809020996e-01,4.607625901699066162e-01,0.000000000000000000e+00,-1.161533594131469727e-02,-1.719098389148712158e-01
0.000000000000000000e+00,2.380863904953002930e+00,1.136078476905822754e+00,0.000000000000000000e+00,-2.314642188139259815e-06,1.494421667302958667e-05
0.000000000000000000e+00,-2.146599769592285156e+00,1.032539129257202148e+00,0.000000000000000000e+00,-2.951282262802124023e-01,-2.063782960176467896e-01
0.000000000000000000e+00,-1.554127097129821777e+00,-6.229612231254577637e-01,0.000000000000000000e+00,1.069201854988932610e-03,3.444743342697620392e-04
0.000000000000000000e+00,-1.236479997634887695e+00,1.498714238405227661e-01,0.000000000000000000e+00,-9.272610768675804138e-04,-1.074891071766614914e-03
0.000000000000000000e+00,2.803747892379760742e+00,-1.945859640836715698e-01,0.000000000000000000e+00,-2.803527563810348511e-02,1.231627464294433594e-01
0.000000000000000000e+00,3.100129842758178711e+00,-4.150657951831817627e-01,0.000000000000000000e+00,-1.226748824119567871e-01,5.762508511543273926e-01
0.000000000000000000e+00,3.168942034244537354e-01,-4.393343031406402588e-01,0.000000000000000000e+00,-4.070973396301269531e-01,2.852725267410278320e+00
0.000000000000000000e+00,-2.056419372558593750e+00,3.465705811977386475e-01,0.000000000000000000e+00,-3.462794423103332520e-02,-4.150982201099395752e-02
0.000000000000000000e+00,5.974516272544860840e-01,-6.328918337821960449e-01,0.000000000000000000e+00,-1.098907709121704102e+00,8.019131422042846680e-01
0.000000000000000000e+00,2.761604547500610352e+00,7.979070544242858887e-01,0.000000000000000000e+00,-5.226421126280911267e-05,2.253683633171021938e-04
0.000000000000000000e+00,4.545268118381500244e-01,-9.930570377036929131e-04,0.000000000000000000e+00,-8.844314813613891602e-01,3.514026105403900146e-01
0.000000000000000000e+00,-1.653609633445739746e+00,-4.018060863018035889e-02,0.000000000000000000e+00,6.372295320034027100e-05,-8.483845740556716919e-04
0.000000000000000000e+00,-1.371797680854797363e+00,9.337669610977172852e-01,0.000000000000000000e+00,-1.808218657970428467e-02,-1.424801070243120193e-03
0.000000000000000000e+00,3.136545181274414062e+00,-2.379167526960372925e-01,0.000000000000000000e+00,-4.249422997236251831e-02,1.966251283884048462e-01
0.000000000000000000e+00,-2.608384370803833008e+00,9.086973965167999268e-02,0.000000000000000000e+00,2.904031276702880859e-01,3.113819360733032227e-01
0.000000000000000000e+00,-1.955813765525817871e+00,-3.435758650302886963e-01,0.000000000000000000e+00,1.342052128165960312e-02,-1.491380855441093445e-03
0.000000000000000000e+00,2.754789829254150391e+00,-4.871027171611785889e-02,0.000000000000000000e+00,-1.101630926132202148e-02,4.749360308051109314e-02
0.000000000000000000e+00,9.327792525291442871e-01,5.418316721916198730e-01,0.000000000000000000e+00,2.435803413391113281e-03,-1.813609898090362549e-02
0.000000000000000000e+00,3.103245019912719727e+00,8.349975943565368652e-01,0.000000000000000000e+00,-4.614678255165927112e-05,2.047348971245810390e-04
0.000000000000000000e+00,1.009118676185607910e+00,-7.357425093650817871e-01,0.000000000000000000e+00,-1.112373471260070801e-01,2.174208611249923706e-01
0.000000000000000000e+00,2.187123298645019531e+00,-1.124734044075012207e+00,0.000000000000000000e+00,-7.414634227752685547e-01,1.355789661407470703e+00
0.000000000000000000e+00,1.240640044212341309e+00,-3.805733025074005127e-01,0.000000000000000000e+00,-9.093046188354492188e-03,3.522446379065513611e-02
0.000000000000000000e+00,6.897060275077819824e-01,-8.763341307640075684e-01,0.000000000000000000e+00,-1.012378096580505371e+00,5.432652235031127930e-01
0.000000000000000000e+00,-1.795787334442138672e+00,8.464951813220977783e-02,0.000000000000000000e+00,-1.945925876498222351e-03,-3.110514953732490540e-03
0.000000000000000000e+00,-3.515080511569976807e-01,1.499011069536209106e-01,0.000000000000000000e+00,-4.193193912506103516e-01,-3.127898573875427246e-01
0.000000000000000000e+00,-1.832338869571685791e-01,2.467394620180130005e-01,0.000000000000000000e+00,-4.722940921783447266e-01,-9.832823276519775391e-01
0.000000000000000000e+00,2.974179744720458984e+00,-5.193008780479431152e-01,0.000000000000000000e+00,-2.143932431936264038e-01,1.013723373413085938e+00
0.000000000000000000e+00,4.007562696933746338e-01,-1.074006915092468262e+00,0.000000000000000000e+00,-1.468188285827636719e+00,2.797164916992187500e-01
0.000000000000000000e+00,7.250527739524841309e-01,-5.251132845878601074e-01,0.000000000000000000e+00,-4.281833767890930176e-01,4.706341326236724854e-01
0.000000000000000000e+00,9.840098023414611816e-02,4.421182572841644287e-01,0.000000000000000000e+00,1.707985877990722656e+00,-2.831253051757812500e+00
0.000000000000000000e+00,-1.937741279602050781e+00,4.498285949230194092e-01,0.000000000000000000e+00,-2.278442680835723877e-02,-2.950229495763778687e-02
0.000000000000000000e+00,-3.205956518650054932e-01,-2.035952061414718628e-01,0.000000000000000000e+00,-3.089557886123657227e-01,3.301785290241241455e-01
0.000000000000000000e+00,3.057938814163208008e+00,-1.219658017158508301e+00,0.000000000000000000e+00,-1.437467575073242188e+00,1.459532546997070312e+01
0.000000000000000000e+00,-4.816571772098541260e-01,2.475209981203079224e-01,0.000000000000000000e+00,-3.320032358169555664e-02,-1.903154551982879639e-01
0.000000000000000000e+00,-1.277760565280914307e-01,-4.772929251194000244e-01,0.000000000000000000e+00,-1.894798278808593750e-01,1.299703598022460938e+00
0.000000000000000000e+00,-2.809168338775634766e+00,1.032323241233825684e+00,0.000000000000000000e+00,-1.375255584716796875e+00,-1.120970964431762695e+00
0.000000000000000000e+00,-1.954070448875427246e+00,-1.040690541267395020e+00,0.000000000000000000e+00,9.024411439895629883e-03,1.358879078179597855e-02
0.000000000000000000e+00,-1.148772716522216797e+00,-5.379146933555603027e-01,0.000000000000000000e+00,-2.060708589851856232e-03,2.701887395232915878e-03
0.000000000000000000e+00,3.090296983718872070e+00,4.558845460414886475e-01,0.000000000000000000e+00,-5.489793838933110237e-04,2.456027548760175705e-03
0.000000000000000000e+00,1.711024761199951172e+00,-2.023772709071636200e-02,0.000000000000000000e+00,-1.811455003917217255e-04,2.877011895179748535e-03
0.000000000000000000e+00,3.097738325595855713e-01,-4.545371234416961670e-02,0.000000000000000000e+00,-1.346471548080444336e+00,8.279291391372680664e-01
0.000000000000000000e+00,-1.134849190711975098e+00,-7.269183993339538574e-01,0.000000000000000000e+00,-2.027332782745361328e-03,2.754973713308572769e-03
0.000000000000000000e+00,-1.860525131225585938e+00,-7.323462367057800293e-01,0.000000000000000000e+00,8.362546563148498535e-03,2.145403996109962463e-03
0.000000000000000000e+00,1.084630608558654785e+00,-3.422439396381378174e-01,0.000000000000000000e+00,-3.649264574050903320e-02,6.532628834247589111e-02
0.000000000000000000e+00,-2.747271776199340820e+00,-5.979163050651550293e-01,0.000000000000000000e+00,1.174340367317199707e+00,-5.487272739410400391e-01
0.000000000000000000e+00,-2.488542318344116211e+00,1.953256875276565552e-01,0.000000000000000000e+00,-1.830434799194335938e-01,1.943874359130859375e-02
0.000000000000000000e+00,3.060197591781616211e+00,-1.530423760414123535e+00,0.000000000000000000e+00,-1.185051918029785156e+00,5.311404228210449219e+00
0.000000000000000000e+00,-2.845226287841796875e+00,-7.860082983970642090e-01,0.000000000000000000e+00,2.109519958496093750e+00,8.245792388916015625e-01
0.000000000000000000e+00,-7.706834673881530762e-01,-1.119865059852600098e+00,0.000000000000000000e+00,-1.479286793619394302e-02,1.022119633853435516e-02
0.000000000000000000e+00,-2.206731557846069336e+00,8.829538226127624512e-01,0.000000000000000000e+00,-3.118306994438171387e-01,-2.542451322078704834e-01
0.000000000000000000e+00,1.277491807937622070e+00,-5.388271212577819824e-01,0.000000000000000000e+00,9.905073791742324829e-03,5.138650536537170410e-02
0.000000000000000000e+00,-4.352368414402008057e-01,4.938093125820159912e-01,0.000000000000000000e+00,4.493573904037475586e-01,-1.065570712089538574e-01
0.000000000000000000e+00,1.351480484008789062e+00,9.857695698738098145e-01,0.000000000000000000e+00,1.653143670409917831e-03,1.295475522056221962e-04
0.000000000000000000e+00,2.452985346317291260e-01,1.142324924468994141e+00,0.000000000000000000e+00,4.859498143196105957e-01,2.252518236637115479e-01
0.000000000000000000e+00,-1.759750366210937500e+00,1.402804136276245117e+00,0.000000000000000000e+00,-2.270832657814025879e-02,-1.215901970863342285e-02
0.000000000000000000e+00,2.170505762100219727e+00,3.517599999904632568e-01,0.000000000000000000e+00,-3.045315388590097427e-04,1.144689042121171951e-03
0.000000000000000000e+00,5.959007143974304199e-01,5.416412651538848877e-02,0.000000000000000000e+00,-4.493939876556396484e-01,1.200061514973640442e-01
0.000000000000000000e+00,3.074799776077270508e+00,-8.155042529106140137e-01,0.000000000000000000e+00,-1.034844875335693359e+00,5.239604949951171875e+00
0.000000000000000000e+00,-2.234172105789184570e+00,-7.316798567771911621e-01,0.000000000000000000e+00,8.202194422483444214e-02,1.417541131377220154e-02
0.000000000000000000e+00,8.154367804527282715e-01,-1.365440726280212402e+00,0.000000000000000000e+00,-1.534333229064941406e-01,2.406387329101562500e+00
0.000000000000000000e+00,-2.445821046829223633e+00,5.131776630878448486e-02,0.000000000000000000e+00,9.425920248031616211e-02,1.004341244697570801e-01
0.000000000000000000e+00,-2.460327930748462677e-02,3.132180310785770416e-03,0.000000000000000000e+00,-3.180250644683837891e+00,-3.665366470813751221e-01
0.000000000000000000e+00,2.455194234848022461e+00,4.665437638759613037e-01,0.000000000000000000e+00,-2.889283350668847561e-04,1.161919906735420227e-03
0.000000000000000000e+00,1.377083063125610352e+00,-4.853110015392303467e-02,0.000000000000000000e+00,-3.621829673647880554e-03,6.856913678348064423e-03
0.000000000000000000e+00,4.911822378635406494e-01,-4.396828711032867432e-01,0.000000000000000000e+00,-5.614022016525268555e-01,1.449040651321411133e+00
0.000000000000000000e+00,-2.869348764419555664e+00,-1.060608506202697754e+00,0.000000000000000000e+00,3.740358352661132812e-02,4.078226566314697266e+00
0.000000000000000000e+00,1.225289702415466309e+00,-2.013354748487472534e-01,0.000000000000000000e+00,-1.154207438230514526e-02,2.320732548832893372e-02
0.000000000000000000e+00,-2.582042694091796875e+00,4.945054948329925537e-01,0.000000000000000000e+00,-7.281975746154785156e-01,-1.248418331146240234e+00
0.000000000000000000e+00,-3.614100515842437744e-01,3.572908341884613037e-01,0.000000000000000000e+00,2.409182786941528320e-01,-4.241559505462646484e-01
0.000000000000000000e+00,5.185043215751647949e-01,-1.219266772270202637e+00,0.000000000000000000e+00,-2.600764751434326172e+00,4.809937477111816406e-01
0.000000000000000000e+00,1.181433916091918945e+00,-8.700448870658874512e-01,0.000000000000000000e+00,1.373283118009567261e-01,2.603285312652587891e-01
0.000000000000000000e+00,-1.543972849845886230e+00,-9.193438887596130371e-01,0.000000000000000000e+00,7.888723630458116531e-04,8.513262146152555943e-04
0.000000000000000000e+00,-2.550347328186035156e+00,-1.052390217781066895e+00,0.000000000000000000e+00,1.827003955841064453e-01,6.494491100311279297e-01
0.000000000000000000e+00,5.528764128684997559e-01,2.006425410509109497e-01,0.000000000000000000e+00,-5.480649471282958984e-01,-1.494914293289184570e-01
0.000000000000000000e+00,7.956611514091491699e-01,-7.287999987602233887e-01,0.000000000000000000e+00,-5.071525573730468750e-01,3.738952875137329102e-01
0.000000000000000000e+00,-1.490454554557800293e+00,-7.826201617717742920e-02,0.000000000000000000e+00,-1.814248971641063690e-04,-3.320644609630107880e-04
0.000000000000000000e+00,-2.705348491668701172e+00,7.526379823684692383e-01,0.000000000000000000e+00,1.617280006408691406e+00,1.079186916351318359e+00
0.000000000000000000e+00,-2.598126649856567383e+00,-2.959111034870147705e-01,0.000000000000000000e+00,3.679828047752380371e-01,-1.212679743766784668e-01
0.000000000000000000e+00,1.572375535964965820e+00,-8.815025687217712402e-01,0.000000000000000000e+00,2.571064829826354980e-01,1.251386553049087524e-01
0.000000000000000000e+00,1.812555670738220215e+00,3.825127780437469482e-01,0.000000000000000000e+00,-1.577304792590439320e-04,3.889276995323598385e-04
0.000000000000000000e+00,3.098615646362304688e+00,1.378467679023742676e+00,0.000000000000000000e+00,-1.244905661224038340e-06,5.513469659490510821e-06
0.000000000000000000e+00,1.774604558944702148e+00,-5.365757346153259277e-01,0.000000000000000000e+00,1.249507907778024673e-02,3.497696667909622192e-02
0.000000000000000000e+00,2.761276483535766602e+00,2.490124255418777466e-01,0.000000000000000000e+00,-1.765726832672953606e-03,7.617298979312181473e-03
0.000000000000000000e+00,-1.458467483520507812e+00,-2.325849980115890503e-01,0.000000000000000000e+00,9.241048246622085571e-06,2.396130003035068512e-05
0.000000000000000000e+00,-5.697399973869323730e-01,4.031270444393157959e-01,0.000000000000000000e+00,1.318445801734924316e-01,-8.458709716796875000e-02
0.000000000000000000e+00,2.308595418930053711e+00,-2.387031763792037964e-01,0.000000000000000000e+00,-1.374472957104444504e-02,4.494089260697364807e-02
0.000000000000000000e+00,9.905421137809753418e-01,8.914561271667480469e-01,0.000000000000000000e+00,1.908514276146888733e-02,1.582881435751914978e-03
0.000000000000000000e+00,9.824370741844177246e-01,1.432721138000488281e+00,0.000000000000000000e+00,5.028152372688055038e-03,8.935024961829185486e-04
0.000000000000000000e+00,2.566559076309204102e+00,1.593545228242874146e-01,0.000000000000000000e+00,-2.346768975257873535e-03,9.528232738375663757e-03
0.000000000000000000e+00,-1.946292757987976074e+00,6.184442341327667236e-02,0.000000000000000000e+00,-2.338066697120666504e-03,-4.321061074733734131e-03
0.000000000000000000e+00,-1.864155650138854980e+00,1.096841812133789062e+00,0.000000000000000000e+00,-5.802462249994277954e-02,-3.893052786588668823e-02
0.000000000000000000e+00,3.014239370822906494e-01,9.334410429000854492e-01,0.000000000000000000e+00,1.101242899894714355e+00,6.419733762741088867e-01
0.000000000000000000e+00,2.596700906753540039e+00,1.264435529708862305e+00,0.000000000000000000e+00,-1.812357368180528283e-06,8.906158655008766800e-06
0.000000000000000000e+00,1.870537042617797852e+00,5.456810593605041504e-01,0.000000000000000000e+00,-6.061763269826769829e-05,1.648355973884463310e-04
0.000000000000000000e+00,9.217233061790466309e-01,-2.372645586729049683e-01,0.000000000000000000e+00,-6.804151833057403564e-02,1.258737146854400635e-01
0.000000000000000000e+00,1.712931990623474121e+00,6.495467424392700195e-01,0.000000000000000000e+00,-4.960806109011173248e-06,3.118778113275766373e-05
0.000000000000000000e+00,1.229447126388549805e+00,-1.060013379901647568e-02,0.000000000000000000e+00,-1.008621603250503540e-02,1.191687397658824921e-02
0.000000000000000000e+00,7.965933680534362793e-01,-4.176466166973114014e-02,0.000000000000000000e+00,-1.203503608703613281e-01,1.269528865814208984e-01
0.000000000000000000e+00,7.859169840812683105e-01,6.298704147338867188e-01,0.000000000000000000e+00,4.453542828559875488e-02,-3.423589468002319336e-02
0.000000000000000000e+00,-2.143903493881225586e+00,-5.307697653770446777e-01,0.000000000000000000e+00,4.790142923593521118e-02,-8.079245686531066895e-03
0.000000000000000000e+00,9.882110953330993652e-01,3.476803004741668701e-01,0.000000000000000000e+00,-2.200046181678771973e-02,-9.403236210346221924e-03
0.000000000000000000e+00,-5.027023330330848694e-02,5.432360768318176270e-01,0.000000000000000000e+00,1.552011489868164062e+00,-1.236871719360351562e+00
0.000000000000000000e+00,-2.882436513900756836e+00,6.672790050506591797e-01,0.000000000000000000e+00,7.633829116821289062e-01,-1.404122591018676758e+00
0.000000000000000000e+00,2.782673358917236328e+00,4.422900378704071045e-01,0.000000000000000000e+00,-5.296674789860844612e-04,2.292161108925938606e-03
0.000000000000000000e+00,2.574434757232666016e+00,-5.395686030387878418e-01,0.000000000000000000e+00,-1.336713433265686035e-01,4.789516925811767578e-01
0.000000000000000000e+00,-5.446931719779968262e-01,-1.014688134193420410e+00,0.000000000000000000e+00,-6.712323427200317383e-02,4.675003141164779663e-02
0.000000000000000000e+00,-3.715733587741851807e-01,1.044381260871887207e+00,0.000000000000000000e+00,-8.942462205886840820e-01,-1.328743696212768555e+00
0.000000000000000000e+00,-1.258547425270080566e+00,5.425376296043395996e-01,0.000000000000000000e+00,-4.445847123861312866e-03,-1.636106055229902267e-03
0.000000000000000000e+00,-2.443523883819580078e+00,-7.309073805809020996e-01,0.000000000000000000e+00,2.767663002014160156e-01,3.362971544265747070e-02
0.000000000000000000e+00,3.176537528634071350e-02,1.336233139038085938e+00,0.000000000000000000e+00,-6.074721217155456543e-01,-1.119106173515319824e+00
0.000000000000000000e+00,-1.361453771591186523e+00,4.930491745471954346e-02,0.000000000000000000e+00,-6.907130591571331024e-04,-5.220419261604547501e-04
0.000000000000000000e+00,1.377791762351989746e+00,-7.795962691307067871e-01,0.000000000000000000e+00,1.451788097620010376e-01,1.092522814869880676e-01
0.000000000000000000e+00,1.399486541748046875e+00,8.368960618972778320e-01,0.000000000000000000e+00,1.027611084282398224e-03,-1.470679417252540588e-04
0.000000000000000000e+00,2.173781156539916992e+00,-5.342890620231628418e-01,0.000000000000000000e+00,-4.455395042896270752e-02,1.200166791677474976e-01
0.000000000000000000e+00,-1.167466640472412109e+00,-3.354425728321075439e-01,0.000000000000000000e+00,-2.173758577555418015e-03,1.814425224438309669e-03
0.000000000000000000e+00,2.463284969329833984e+00,-1.433212012052536011e-01,0.000000000000000000e+00,-1.164772920310497284e-02,4.300548881292343140e-02
0.000000000000000000e+00,1.573585033416748047e+00,1.325624704360961914e+00,0.000000000000000000e+00,2.477007219567894936e-04,4.922377411276102066e-05
0.000000000000000000e+00,-1.941938996315002441e+00,-5.286051630973815918e-01,0.000000000000000000e+00,1.421575434505939484e-02,-1.073978841304779053e-03
0.000000000000000000e+00,1.375773429870605469e+00,1.496847420930862427e-01,0.000000000000000000e+00,-3.314350731670856476e-03,2.699086908251047134e-03
0.000000000000000000e+00,7.855777144432067871e-01,9.848061800003051758e-01,0.000000000000000000e+00,6.643054634332656860e-02,2.006879076361656189e-02
0.000000000000000000e+00,2.082128763198852539e+00,1.246548295021057129e+00,0.000000000000000000e+00,8.819846698315814137e-06,5.115394742460921407e-06
0.000000000000000000e+00,-1.368833184242248535e+00,1.156502962112426758e+00,0.000000000000000000e+00,-2.825508080422878265e-02,6.371289491653442383e-04
0.000000000000000000e+00,1.885362148284912109e+00,9.479793906211853027e-01,0.000000000000000000e+00,3.340510011184960604e-05,1.443320797989144921e-05
0.000000000000000000e+00,3.942957893013954163e-02,-5.291015505790710449e-01,0.000000000000000000e+00,-6.684936881065368652e-01,2.326744556427001953e+00
0.000000000000000000e+00,1.385836720466613770e+00,1.138273954391479492e+00,0.000000000000000000e+00,1.167253241874277592e-03,2.130846260115504265e-04
0.000000000000000000e+00,2.356313467025756836e+00,3.436450660228729248e-01,0.000000000000000000e+00,-5.045476136729121208e-04,1.953848870471119881e-03
0.000000000000000000e+00,2.857302904129028320e+00,6.982536613941192627e-02,0.000000000000000000e+00,-5.926459096372127533e-03,2.618101984262466431e-02
0.000000000000000000e+00,-5.678302645683288574e-01,5.934476852416992188e-01,0.000000000000000000e+00,2.558140456676483154e-01,1.733119785785675049e-02
0.000000000000000000e+00,-2.122557640075683594e+00,5.694682002067565918e-01,0.000000000000000000e+00,-6.410640478134155273e-02,-1.009671986103057861e-01
0.000000000000000000e+00,-2.453287363052368164e+00,1.031847238540649414e+00,0.000000000000000000e+00,-1.408107161521911621e+00,-9.870988130569458008e-01
0.000000000000000000e+00,-1.623860239982604980e+00,8.785772919654846191e-01,0.000000000000000000e+00,-1.461724936962127686e-02,-8.926320821046829224e-03
0.000000000000000000e+00,7.859792113304138184e-01,1.137731909751892090e+00,0.000000000000000000e+00,4.682055860757827759e-02,1.789988391101360321e-02
0.000000000000000000e+00,1.110553383827209473e+00,4.729834496974945068e-01,0.000000000000000000e+00,-3.984168171882629395e-03,-4.868641495704650879e-03
0.000000000000000000e+00,-4.407583773136138916e-01,-3.255983889102935791e-01,0.000000000000000000e+00,-1.103695333003997803e-01,2.236281186342239380e-01
0.000000000000000000e+00,2.364176988601684570e+00,8.382424116134643555e-01,0.000000000000000000e+00,-2.272108395118266344e-05,9.558170859236270189e-05
0.000000000000000000e+00,-2.873967885971069336e+00,8.486551642417907715e-01,0.000000000000000000e+00,3.727002143859863281e-01,1.204123497009277344e-01
0.000000000000000000e+00,-2.396991729736328125e+00,-1.318709015846252441e+00,0.000000000000000000e+00,7.791519165039062500e-03,2.305281162261962891e-01
0.000000000000000000e+00,-2.548691749572753906e+00,-1.463176459074020386e-01,0.000000000000000000e+00,3.305999040603637695e-01,9.639650583267211914e-02
0.000000000000000000e+00,-1.226381182670593262e+00,-1.794044487178325653e-02,0.000000000000000000e+00,-1.408029347658157349e-03,-3.457318525761365891e-04
0.000000000000000000e+00,1.053195595741271973e+00,2.068924456834793091e-01,0.000000000000000000e+00,-2.373903244733810425e-02,4.089242778718471527e-03
0.000000000000000000e+00,-9.162393212318420410e-02,-6.345593333244323730e-01,0.000000000000000000e+00,-7.459696531295776367e-01,1.130369186401367188e+00
0.000000000000000000e+00,1.510773539543151855e+00,4.512117803096771240e-01,0.000000000000000000e+00,-5.185585469007492065e-04,6.934383418411016464e-05
0.000000000000000000e+00,-1.345028281211853027e+00,-1.240597218275070190e-01,0.000000000000000000e+00,-6.589069962501525879e-04,-4.818313755095005035e-06
0.000000000000000000e+00,6.789757609367370605e-01,3.158881366252899170e-01,0.000000000000000000e+00,-1.598619818687438965e-01,-1.065335869789123535e-01
0.000000000000000000e+00,4.106558859348297119e-01,-6.353556513786315918e-01,0.000000000000000000e+00,-2.206529140472412109e+00,1.576728940010070801e+00
0.000000000000000000e+00,2.232819080352783203e+00,1.391856074333190918e+00,0.000000000000000000e+00,2.459466031723422930e-06,2.570577180449618027e-06
0.000000000000000000e+00,2.958574295043945312e+00,5.531607270240783691e-01,0.000000000000000000e+00,-2.885975118260830641e-04,1.275504706427454948e-03
0.000000000000000000e+00,-1.472036838531494141e+00,7.454602122306823730e-01,0.000000000000000000e+00,-8.410342037677764893e-03,-3.243272192776203156e-03
0.000000000000000000e+00,-2.729703903198242188e+00,4.213784635066986084e-01,0.000000000000000000e+00,-2.546901941299438477e+00,-9.601149559020996094e-01
0.000000000000000000e+00,-2.988839387893676758e+00,-3.637771308422088623e-02,0.000000000000000000e+00,1.003223180770874023e+00,5.173686742782592773e-01
0.000000000000000000e+00,-1.324989795684814453e+00,-3.107346594333648682e-01,0.000000000000000000e+00,-6.486007478088140488e-04,5.289724795147776604e-04
0.000000000000000000e+00,2.787199497222900391e+00,-5.053555369377136230e-01,0.000000000000000000e+00,-1.604171097278594971e-01,7.054299712181091309e-01
0.000000000000000000e+00,-7.694465517997741699e-01,-4.716186225414276123e-02,0.000000000000000000e+00,-3.323419392108917236e-02,-1.588432118296623230e-03
0.000000000000000000e+00,5.062462687492370605e-01,1.038573980331420898e+00,0.000000000000000000e+00,2.912361025810241699e-01,1.452722847461700439e-01
0.000000000000000000e+00,4.686434986069798470e-04,-1.469477862119674683e-01,0.000000000000000000e+00,-7.124071121215820312e-01,1.562203168869018555e+00
0.000000000000000000e+00,1.486745357513427734e+00,2.548823058605194092e-01,0.000000000000000000e+00,-1.305210404098033905e-03,9.330683387815952301e-04
0.000000000000000000e+00,-5.705706477165222168e-01,-8.312050700187683105e-01,0.000000000000000000e+00,-6.394807994365692139e-02,6.776036322116851807e-02
0.000000000000000000e+00,-1.624131083488464355e+00,6.416550874710083008e-01,0.000000000000000000e+00,-8.702611550688743591e-03,-7.116817869246006012e-03
0.000000000000000000e+00,1.210419416427612305e+00,1.752255707979202271e-01,0.000000000000000000e+00,-9.331218898296356201e-03,4.281018860638141632e-03
0.000000000000000000e+00,-9.597470164299011230e-01,-4.379972517490386963e-01,0.000000000000000000e+00,-7.038414478302001953e-03,8.925374597311019897e-03
0.000000000000000000e+00,-1.570642232894897461e+00,1.037613272666931152e+00,0.000000000000000000e+00,-1.555491052567958832e-02,-6.157201249152421951e-03
0.000000000000000000e+00,-2.348862409591674805e+00,6.427605152130126953e-01,0.000000000000000000e+00,-7.749974727630615234e-02,-2.974932193756103516e-01
0.000000000000000000e+00,-3.035733938217163086e+00,3.494933545589447021e-01,0.000000000000000000e+00,-7.455149888992309570e-01,-2.191019058227539062e-02
0.000000000000000000e+00,-2.431684255599975586e+00,8.365395069122314453e-01,0.000000000000000000e+00,-5.892078876495361328e-01,-5.461428165435791016e-01
0.000000000000000000e+00,-1.152765154838562012e+00,1.314983248710632324e+00,0.000000000000000000e+00,-1.076805591583251953e-01,1.182599551975727081e-02
0.000000000000000000e+00,-2.742340564727783203e+00,-2.392186373472213745e-01,0.000000000000000000e+00,4.837595224380493164e-01,-1.262024044990539551e-01
0.000000000000000000e+00,1.397061944007873535e+00,-4.301365911960601807e-01,0.000000000000000000e+00,8.758608251810073853e-03,2.429438568651676178e-02
0.000000000000000000e+00,-2.255718231201171875e+00,-4.145802557468414307e-01,0.000000000000000000e+00,8.353602886199951172e-02,-2.178759872913360596e-02
0.000000000000000000e+00,-6.407000422477722168e-01,2.521198689937591553e-01,0.000000000000000000e+00,2.375066280364990234e-03,-6.542621552944183350e-02
0.000000000000000000e+00,-2.999966382980346680e+00,-8.954147696495056152e-01,0.000000000000000000e+00,1.868291378021240234e+00,4.457601547241210938e+00
0.000000000000000000e+00,2.577857732772827148e+00,-4.505138099193572998e-02,0.000000000000000000e+00,-8.213575929403305054e-03,3.288177028298377991e-02
0.000000000000000000e+00,-8.058297038078308105e-01,1.661849766969680786e-01,0.000000000000000000e+00,-9.413048624992370605e-03,-1.818095520138740540e-02
0.000000000000000000e+00,2.569915771484375000e+00,-7.321802973747253418e-01,0.000000000000000000e+00,-3.577011823654174805e-01,1.142944812774658203e+00
0.000000000000000000e+00,-1.923089504241943359e+00,6.499943137168884277e-01,0.000000000000000000e+00,-3.639379143714904785e-02,-4.005338251590728760e-02
0.000000000000000000e+00,2.850245714187622070e+00,-8.325104117393493652e-01,0.000000000000000000e+00,-8.639196753501892090e-01,4.101115226745605469e+00
0.000000000000000000e+00,-1.555330753326416016e+00,2.722190320491790771e-01,0.000000000000000000e+00,-2.033411525189876556e-03,-2.168319188058376312e-03
0.000000000000000000e+00,9.273533225059509277e-01,7.369931340217590332e-01,0.000000000000000000e+00,2.447669208049774170e-02,-6.323188543319702148e-03
0.000000000000000000e+00,2.971803247928619385e-01,-7.963277697563171387e-01,0.000000000000000000e+00,-3.991689682006835938e+00,1.494165301322937012e+00
0.000000000000000000e+00,1.112812638282775879e+00,6.442966461181640625e-01,0.000000000000000000e+00,3.648027777671813965e-03,-3.763651475310325623e-03
0.000000000000000000e+00,-1.076145291328430176e+00,4.652386605739593506e-01,0.000000000000000000e+00,-5.303062498569488525e-04,-3.273861482739448547e-03
0.000000000000000000e+00,-5.713621973991394043e-01,9.391557574272155762e-01,0.000000000000000000e+00,-3.221427798271179199e-01,-2.473637759685516357e-01
0.000000000000000000e+00,-1.791934728622436523e+00,-3.234358131885528564e-01,0.000000000000000000e+00,4.547954536974430084e-03,-4.638032987713813782e-04
0.000000000000000000e+00,1.775169849395751953e+00,1.493836194276809692e-01,0.000000000000000000e+00,-3.043783362954854965e-04,1.319003989920020103e-03
0.000000000000000000e+00,-9.690729975700378418e-01,-6.370138525962829590e-01,0.000000000000000000e+00,-5.823967047035694122e-03,8.506283164024353027e-03
0.000000000000000000e+00,2.162746906280517578e+00,7.363799810409545898e-01,0.000000000000000000e+00,-2.724448131630197167e-05,1.141783141065388918e-04
0.000000000000000000e+00,8.889587596058845520e-03,-3.375102579593658447e-01,0.000000000000000000e+00,2.814707756042480469e-01,2.424213647842407227e+00
0.000000000000000000e+00,4.505938589572906494e-01,-2.898150980472564697e-01,0.000000000000000000e+00,-7.548916339874267578e-02,1.571941018104553223e+00
0.000000000000000000e+00,-2.047387838363647461e+00,-8.283993601799011230e-01,0.000000000000000000e+00,2.430493012070655823e-02,1.234131120145320892e-02
0.000000000000000000e+00,2.011059820652008057e-01,-9.355322718620300293e-01,0.000000000000000000e+00,-2.976278066635131836e+00,1.215718984603881836e+00
0.000000000000000000e+00,1.579190969467163086e+00,-7.305483222007751465e-01,0.000000000000000000e+00,1.007217019796371460e-01,6.686080992221832275e-02
0.000000000000000000e+00,2.396844863891601562e+00,6.493774056434631348e-01,0.000000000000000000e+00,-8.242577314376831055e-05,3.324693243484944105e-04
0.000000000000000000e+00,2.289134740829467773e+00,-2.908031456172466278e-02,0.000000000000000000e+00,-3.920566290616989136e-03,1.379252970218658447e-02
0.000000000000000000e+00,-1.763603091239929199e+00,7.479147911071777344e-01,0.000000000000000000e+00,-2.150855213403701782e-02,-1.867828890681266785e-02
0.000000000000000000e+00,1.712555885314941406e+00,-2.271883934736251831e-01,0.000000000000000000e+00,1.377184409648180008e-03,7.539900019764900208e-03
0.000000000000000000e+00,1.692935109138488770e+00,-1.015665650367736816e+00,0.000000000000000000e+00,3.773740828037261963e-01,2.163091599941253662e-01
0.000000000000000000e+00,1.530934870243072510e-01,-4.064574539661407471e-01,0.000000000000000000e+00,3.912466764450073242e-01,3.513435363769531250e+00
0.000000000000000000e+00,-2.934909582138061523e+00,-2.438061684370040894e-01,0.000000000000000000e+00,4.727970659732818604e-01,-3.454303145408630371e-01
0.000000000000000000e+00,-2.834606647491455078e+00,3.278787434101104736e-02,0.000000000000000000e+00,1.395369052886962891e+00,8.894126415252685547e-01
0.000000000000000000e+00,2.188448190689086914e+00,-7.283644080162048340e-01,0.000000000000000000e+00,-1.281954646110534668e-01,2.975804507732391357e-01
0.000000000000000000e+00,-3.673826754093170166e-01,-7.727941870689392090e-01,0.000000000000000000e+00,-2.111181914806365967e-01,2.272949069738388062e-01
0.000000000000000000e+00,-2.117496013641357422e+00,-3.299908936023712158e-01,0.000000000000000000e+00,3.533624857664108276e-02,-4.626031965017318726e-03
0.000000000000000000e+00,-1.952499449253082275e-01,6.341556906700134277e-01,0.000000000000000000e+00,2.086760044097900391e+00,5.495301485061645508e-01
0.000000000000000000e+00,2.655565977096557617e+00,-2.450839728116989136e-01,0.000000000000000000e+00,-3.037363477051258087e-02,1.243374496698379517e-01
0.000000000000000000e+00,2.261097431182861328e+00,5.413866639137268066e-01,0.000000000000000000e+00,-1.220390258822590113e-04,4.734575923066586256e-04
0.000000000000000000e+00,1.871262669563293457e+00,-1.226624846458435059e+00,0.000000000000000000e+00,1.640012860298156738e-01,6.370906829833984375e-01
0.000000000000000000e+00,-2.032692432403564453e+00,1.969694644212722778e-01,0.000000000000000000e+00,-1.742446422576904297e-02,-1.711229979991912842e-02
0.000000000000000000e+00,-9.260899424552917480e-01,5.470539927482604980e-01,0.000000000000000000e+00,5.518861114978790283e-03,-6.358176469802856445e-03
0.000000000000000000e+00,8.941251635551452637e-01,-4.329845011234283447e-01,0.000000000000000000e+00,-1.373575031757354736e-01,1.944972276687622070e-01
0.000000000000000000e+00,-5.601763129234313965e-01,7.455980181694030762e-01,0.000000000000000000e+00,2.056179642677307129e-01,3.460530936717987061e-02
0.000000000000000000e+00,2.953494071960449219e+00,3.462511003017425537e-01,0.000000000000000000e+00,-1.094227889552712440e-03,4.859758540987968445e-03
0.000000000000000000e+00,-3.828770220279693604e-01,8.360012173652648926e-01,0.000000000000000000e+00,7.102224826812744141e-01,2.811656594276428223e-01
0.000000000000000000e+00,-1.643551707267761230e+00,-2.354921549558639526e-01,0.000000000000000000e+00,1.257625874131917953e-03,-2.556797116994857788e-04
0.000000000000000000e+00,2.981572151184082031e+00,1.835391074419021606e-01,0.000000000000000000e+00,-3.114864462986588478e-03,1.395283266901969910e-02
0.000000000000000000e+00,-3.036041259765625000e+00,-5.099493861198425293e-01,0.000000000000000000e+00,1.604828238487243652e+00,-1.191221594810485840e+00
0.000000000000000000e+00,-7.493230700492858887e-01,-4.120900928974151611e-01,0.000000000000000000e+00,-2.299951761960983276e-02,3.479900211095809937e-02
0.000000000000000000e+00,1.833258032798767090e+00,-8.829528689384460449e-01,0.000000000000000000e+00,6.704191118478775024e-02,1.801725924015045166e-01
0.000000000000000000e+00,1.789500951766967773e+00,-7.330572009086608887e-01,0.000000000000000000e+00,4.241671040654182434e-02,8.641188591718673706e-02
0.000000000000000000e+00,-1.607607901096343994e-01,-3.140765726566314697e-01,0.000000000000000000e+00,-1.085411310195922852e-01,1.120773315429687500e+00
0.000000000000000000e+00,-2.397554397583007812e+00,-1.143510788679122925e-01,0.000000000000000000e+00,1.439014971256256104e-01,5.024552345275878906e-02
0.000000000000000000e+00,1.202274858951568604e-01,-1.172438025474548340e+00,0.000000000000000000e+00,-9.239578247070312500e-01,2.708254456520080566e-01
0.000000000000000000e+00,-4.722363054752349854e-01,-1.395748108625411987e-01,0.000000000000000000e+00,-1.980822682380676270e-01,7.826022058725357056e-02
0.000000000000000000e+00,-2.824510097503662109e+00,2.874978482723236084e-01,0.000000000000000000e+00,-8.606543540954589844e-01,3.020458221435546875e-01
0.000000000000000000e+00,2.566185951232910156e+00,7.376055717468261719e-01,0.000000000000000000e+00,-6.202603253768756986e-05,2.595556725282222033e-04
0.000000000000000000e+00,1.975267052650451660e+00,6.690926551818847656e-01,0.000000000000000000e+00,-2.502019924577325583e-05,1.039382914314046502e-04
0.000000000000000000e+00,3.118521213531494141e+00,-1.376179099082946777e+00,0.000000000000000000e+00,-1.083779811859130859e+00,9.056736946105957031e+00
0.000000000000000000e+00,2.120368480682373047e+00,7.943705655634403229e-03,0.000000000000000000e+00,-1.851612585596740246e-03,6.687950808554887772e-03
0.000000000000000000e+00,2.945521116256713867e+00,-6.941787600517272949e-01,0.000000000000000000e+00,-5.244430303573608398e-01,2.552148103713989258e+00
0.000000000000000000e+00,-2.924567759037017822e-01,-9.320685267448425293e-01,0.000000000000000000e+00,-3.230139613151550293e-01,2.065630257129669189e-01
0.000000000000000000e+00,-9.360613226890563965e-01,5.644769966602325439e-02,0.000000000000000000e+00,-8.090067654848098755e-03,-4.426876083016395569e-03
0.000000000000000000e+00,2.946553230285644531e+00,7.266056537628173828e-01,0.000000000000000000e+00,-9.284054976888000965e-05,4.084947868250310421e-04
0.000000000000000000e+00,2.584475755691528320e+00,-1.202376723289489746e+00,0.000000000000000000e+00,-2.991193056106567383e+00,5.422527313232421875e+00
0.000000000000000000e+00,-1.852888464927673340e+00,9.429520964622497559e-01,0.000000000000000000e+00,-5.024924874305725098e-02,-3.732744231820106506e-02
0.000000000000000000e+00,1.253954410552978516e+00,-1.252936959266662598e+00,0.000000000000000000e+00,1.464814305305480957e+00,8.672670125961303711e-01
0.000000000000000000e+00,4.976467192173004150e-01,7.841231226921081543e-01,0.000000000000000000e+00,4.321774244308471680e-01,6.891676783561706543e-02
0.000000000000000000e+00,1.375157594680786133e+00,3.652757108211517334e-01,0.000000000000000000e+00,-1.884845085442066193e-03,1.886852551251649857e-04
0.000000000000000000e+00,-9.517666697502136230e-01,7.613892555236816406e-01,0.000000000000000000e+00,-4.234803467988967896e-02,-9.733989834785461426e-03
0.000000000000000000e+00,1.377039194107055664e+00,-9.770442843437194824e-01,0.000000000000000000e+00,4.915160536766052246e-01,2.507659792900085449e-01
0.000000000000000000e+00,2.388154506683349609e+00,-8.080002665519714355e-01,0.000000000000000000e+00,-3.541789054870605469e-01,8.259594440460205078e-01
0.000000000000000000e+00,2.358446598052978516e+00,-4.402929842472076416e-01,0.000000000000000000e+00,-4.821235314011573792e-02,1.462644040584564209e-01
0.000000000000000000e+00,8.946744799613952637e-01,1.504303961992263794e-01,0.000000000000000000e+00,-7.035395503044128418e-02,1.393411308526992798e-02
0.000000000000000000e+00,-7.434195876121520996e-01,-2.186508625745773315e-01,0.000000000000000000e+00,-3.423291444778442383e-02,2.153620310127735138e-02
0.000000000000000000e+00,5.988375544548034668e-01,6.473712921142578125e-01,0.000000000000000000e+00,1.844327449798583984e-01,-8.567717671394348145e-02
0.000000000000000000e+00,1.183732271194458008e+00,7.949323058128356934e-01,0.000000000000000000e+00,4.481552168726921082e-03,-8.457694202661514282e-04
0.000000000000000000e+00,1.613460302352905273e+00,7.797787189483642578e-01,0.000000000000000000e+00,1.659985864534974098e-04,-3.280199598520994186e-05
0.000000000000000000e+00,1.593210101127624512e+00,-5.262290835380554199e-01,0.000000000000000000e+00,2.486049756407737732e-02,2.727812901139259338e-02
0.000000000000000000e+00,9.893336892127990723e-02,1.473397761583328247e-01,0.000000000000000000e+00,-5.234076976776123047e+00,-1.252809166908264160e+00
0.000000000000000000e+00,-2.346074104309082031e+00,3.438130319118499756e-01,0.000000000000000000e+00,-2.100298404693603516e-01,-1.823903322219848633e-01
0.000000000000000000e+00,4.991165697574615479e-01,3.480795323848724365e-01,0.000000000000000000e+00,-2.882163524627685547e-01,-3.823307156562805176e-01
0.000000000000000000e+00,-9.718504548072814941e-02,3.795811831951141357e-01,0.000000000000000000e+00,1.067339897155761719e+00,-1.994619846343994141e+00
0.000000000000000000e+00,-4.828635230660438538e-02,-9.931141734123229980e-01,0.000000000000000000e+00,-1.032458543777465820e+00,4.625807404518127441e-01
0.000000000000000000e+00,-7.773692011833190918e-01,-7.826718688011169434e-01,0.000000000000000000e+00,-1.810226216912269592e-02,2.305291593074798584e-02
0.000000000000000000e+00,2.708436727523803711e+00,1.009842902421951294e-01,0.000000000000000000e+00,-4.162290133535861969e-03,1.769556105136871338e-02
0.000000000000000000e+00,-5.738701224327087402e-01,-4.143452942371368408e-01,0.000000000000000000e+00,-5.261315405368804932e-02,1.072265952825546265e-01
0.000000000000000000e+00,-8.764314055442810059e-01,-3.018350899219512939e-01,0.000000000000000000e+00,-1.363042369484901428e-02,1.213795691728591919e-02
0.000000000000000000e+00,-1.829625666141510010e-01,9.180587530136108398e-01,0.000000000000000000e+00,2.087513685226440430e+00,1.526797056198120117e+00
0.000000000000000000e+00,-2.246479749679565430e+00,-4.581885039806365967e-02,0.000000000000000000e+00,3.997142612934112549e-02,1.747673749923706055e-02
0.000000000000000000e+00,-9.692966341972351074e-01,1.173870682716369629e+00,0.000000000000000000e+00,-2.615230083465576172e-01,7.071752101182937622e-03
0.000000000000000000e+00,-2.157939195632934570e+00,7.369000315666198730e-01,0.000000000000000000e+00,-1.356035470962524414e-01,-1.527465879917144775e-01
0.000000000000000000e+00,2.657695770263671875e+00,-4.078775942325592041e-01,0.000000000000000000e+00,-7.646839320659637451e-02,3.077397942543029785e-01
0.000000000000000000e+00,3.334869444370269775e-01,3.767476975917816162e-01,0.000000000000000000e+00,-1.023638248443603516e-01,-1.000035285949707031e+00
0.000000000000000000e+00,-6.281366944313049316e-02,1.510146409273147583e-01,0.000000000000000000e+00,-2.816440582275390625e+00,-9.661952257156372070e-01
0.000000000000000000e+00,6.627383828163146973e-02,6.673656105995178223e-01,0.000000000000000000e+00,2.574686050415039062e+00,5.754097700119018555e-01
0.000000000000000000e+00,-1.952701807022094727e+00,-1.461904495954513550e-01,0.000000000000000000e+00,8.132094517350196838e-03,-3.454200923442840576e-04
0.000000000000000000e+00,2.102653026580810547e+00,1.804419308900833130e-01,0.000000000000000000e+00,-6.623278022743761539e-04,2.481358591467142105e-03
0.000000000000000000e+00,-9.166398644447326660e-02,7.684867382049560547e-01,0.000000000000000000e+00,4.021185398101806641e+00,2.400738716125488281e+00
0.000000000000000000e+00,-1.143905282020568848e+00,8.670870661735534668e-01,0.000000000000000000e+00,-4.036994278430938721e-02,-2.532714977860450745e-03
0.000000000000000000e+00,1.429403305053710938e+00,-6.314973235130310059e-01,0.000000000000000000e+00,5.509214103221893311e-02,5.156017839908599854e-02
0.000000000000000000e+00,9.052240252494812012e-01,-6.029660105705261230e-01,0.000000000000000000e+00,-2.106527686119079590e-01,2.204707115888595581e-01
0.000000000000000000e+00,6.974183917045593262e-01,-1.030626654624938965e+00,0.000000000000000000e+00,-1.111992120742797852e+00,6.632752418518066406e-01
0.000000000000000000e+00,-2.897529363632202148e+00,-4.032701551914215088e-01,0.000000000000000000e+00,1.238574266433715820e+00,-9.113753437995910645e-01
0.000000000000000000e+00,-2.905911505222320557e-01,-4.201451838016510010e-01,0.000000000000000000e+00,-1.178201138973236084e-01,5.828624963760375977e-01
0.000000000000000000e+00,-2.393742561340332031e+00,4.918280541896820068e-01,0.000000000000000000e+00,-2.003154754638671875e-01,-4.033290147781372070e-01
0.000000000000000000e+00,-9.657780528068542480e-01,2.456956654787063599e-01,0.000000000000000000e+00,6.199479103088378906e-04,-6.855959072709083557e-03
0.000000000000000000e+00,-5.551216006278991699e-01,1.242366194725036621e+00,0.000000000000000000e+00,-1.837835669517517090e+00,-3.556745052337646484e-01
0.000000000000000000e+00,-6.803802847862243652e-01,1.083230018615722656e+00,0.000000000000000000e+00,-7.291404604911804199e-01,-1.856691986322402954e-01
0.000000000000000000e+00,3.092493295669555664e+00,1.231915950775146484e+00,0.000000000000000000e+00,-3.326244268464506604e-06,1.469435846956912428e-05
0.000000000000000000e+00,-1.640066623687744141e+00,-4.259254038333892822e-01,0.000000000000000000e+00,1.856679795309901237e-03,-3.778794780373573303e-05
0.000000000000000000e+00,-2.649101018905639648e+00,-7.340342402458190918e-01,0.000000000000000000e+00,8.460550308227539062e-01,8.067995309829711914e-02
0.000000000000000000e+00,-2.539504289627075195e+00,-4.413470327854156494e-01,0.000000000000000000e+00,3.591721057891845703e-01,-1.865729838609695435e-01
0.000000000000000000e+00,-2.105247735977172852e+00,-1.060647219419479370e-01,0.000000000000000000e+00,1.971615105867385864e-02,2.958618104457855225e-03
0.000000000000000000e+00,-1.658427000045776367e+00,1.574813872575759888e-01,0.000000000000000000e+00,-1.882063224911689758e-03,-2.389919944107532501e-03
0.000000000000000000e+00,-8.817376494407653809e-01,9.725468754768371582e-01,0.000000000000000000e+00,-2.058644890785217285e-01,-2.897807955741882324e-02
0.000000000000000000e+00,-1.731648206710815430e+00,1.241632819175720215e+00,0.000000000000000000e+00,-2.581836842000484467e-02,-1.454069186002016068e-02
0.000000000000000000e+00,2.862258434295654297e+00,9.448660612106323242e-01,0.000000000000000000e+00,-2.134626083716284484e-05,9.307810978498309851e-05
0.000000000000000000e+00,1.866763591766357422e+00,-4.098583757877349854e-01,0.000000000000000000e+00,-2.963654696941375732e-04,2.452610991895198822e-02
0.000000000000000000e+00,-7.852084040641784668e-01,3.188177049160003662e-01,0.000000000000000000e+00,1.642274856567382812e-02,-2.347054332494735718e-02
0.000000000000000000e+00,1.670854926109313965e+00,2.913622558116912842e-01,0.000000000000000000e+00,-3.720073727890849113e-04,5.812085000798106194e-04
0.000000000000000000e+00,-2.228940963745117188e+00,-1.120762705802917480e+00,0.000000000000000000e+00,3.031952679157257080e-02,9.017416834831237793e-02
0.000000000000000000e+00,8.351013064384460449e-01,2.897678315639495850e-01,0.000000000000000000e+00,-7.278867065906524658e-02,-2.627343684434890747e-02
0.000000000000000000e+00,1.182016432285308838e-01,-4.528300464153289795e-02,0.000000000000000000e+00,-2.275251865386962891e+00,6.871168613433837891e-01
0.000000000000000000e+00,-2.329698324203491211e+00,1.504555493593215942e-01,0.000000000000000000e+00,-5.260092020034790039e-02,-6.141781806945800781e-03
0.000000000000000000e+00,-1.168726682662963867e+00,1.034609198570251465e+00,0.000000000000000000e+00,-6.455609947443008423e-02,8.110152557492256165e-04
0.000000000000000000e+00,-5.744759440422058105e-01,-6.325961947441101074e-01,0.000000000000000000e+00,-5.382876843214035034e-02,9.658955037593841553e-02
0.000000000000000000e+00,9.949436783790588379e-02,-7.461604475975036621e-01,0.000000000000000000e+00,-2.483548164367675781e+00,1.427273273468017578e+00
0.000000000000000000e+00,2.585242033004760742e+00,3.519588410854339600e-01,0.000000000000000000e+00,-7.357537979260087013e-04,3.040823619812726974e-03
0.000000000000000000e+00,-3.761986792087554932e-01,-1.443806290626525879e+00,0.000000000000000000e+00,-5.276202410459518433e-02,1.589709147810935974e-02
0.000000000000000000e+00,2.411838054656982422e+00,1.953818351030349731e-01,0.000000000000000000e+00,-1.399265835061669350e-03,5.393538624048233032e-03
0.000000000000000000e+00,-2.153585195541381836e+00,1.193439364433288574e+00,0.000000000000000000e+00,-2.774376571178436279e-01,-1.778486967086791992e-01
0.000000000000000000e+00,-1.406650304794311523e+00,-7.956513762474060059e-01,0.000000000000000000e+00,6.580795161426067352e-05,6.327396258711814880e-04
0.000000000000000000e+00,1.431507170200347900e-01,-2.238432615995407104e-01,0.000000000000000000e+00,4.040918350219726562e-01,3.002685070037841797e+00
0.000000000000000000e+00,1.684090971946716309e+00,4.909162223339080811e-01,0.000000000000000000e+00,-1.518763601779937744e-04,1.390179386362433434e-04
0.000000000000000000e+00,-1.862376928329467773e+00,2.470402270555496216e-01,0.000000000000000000e+00,-8.507579565048217773e-03,-9.944170713424682617e-03
0.000000000000000000e+00,2.486614286899566650e-01,9.219022095203399658e-02,0.000000000000000000e+00,-3.594915390014648438e+00,-7.096984386444091797e-01
0.000000000000000000e+00,-4.686860144138336182e-01,5.015321075916290283e-02,0.000000000000000000e+00,-2.481369972229003906e-01,-8.436821401119232178e-02
0.000000000000000000e+00,-2.722241878509521484e+00,5.879749059677124023e-01,0.000000000000000000e+00,1.462430953979492188e-01,-2.788400173187255859e+00
0.000000000000000000e+00,2.003959178924560547e+00,-5.020341277122497559e-01,0.000000000000000000e+00,-1.467322744429111481e-02,5.779258906841278076e-02
0.000000000000000000e+00,-2.345907449722290039e+00,-5.763751864433288574e-01,0.000000000000000000e+00,1.553978323936462402e-01,-3.678217530250549316e-02
0.000000000000000000e+00,-2.936588823795318604e-01,-4.747359454631805420e-02,0.000000000000000000e+00,-7.130781412124633789e-01,3.198304772377014160e-02
0.000000000000000000e+00,-1.357031702995300293e+00,-6.364769339561462402e-01,0.000000000000000000e+00,-2.255608560517430305e-04,7.375797722488641739e-04
0.000000000000000000e+00,-1.794630765914916992e+00,-9.159366488456726074e-01,0.000000000000000000e+00,4.489375278353691101e-03,3.584266640245914459e-03
0.000000000000000000e+00,8.980423808097839355e-01,-1.151175618171691895e+00,0.000000000000000000e+00,-1.803802251815795898e-01,1.393344640731811523e+00
0.000000000000000000e+00,7.981500029563903809e-01,4.488361775875091553e-01,0.000000000000000000e+00,-2.230834960937500000e-02,-5.293524265289306641e-02
0.000000000000000000e+00,-4.417418539524078369e-01,-5.137133002281188965e-01,0.000000000000000000e+00,-8.777853846549987793e-02,2.369116097688674927e-01
0.000000000000000000e+00,-1.761254370212554932e-01,-1.461837738752365112e-01,0.000000000000000000e+00,-7.252962589263916016e-01,5.707495212554931641e-01
0.000000000000000000e+00,-8.586540818214416504e-02,-8.243479132652282715e-01,0.000000000000000000e+00,-1.080061793327331543e+00,6.748343706130981445e-01
0.000000000000000000e+00,2.951990842819213867e+00,-4.793803393840789795e-02,0.000000000000000000e+00,-1.309383660554885864e-02,5.908355861902236938e-02
0.000000000000000000e+00,1.998956322669982910e+00,3.689732253551483154e-01,0.000000000000000000e+00,-1.774114789441227913e-04,6.480212905444204807e-04
0.000000000000000000e+00,1.872330069541931152e+00,-2.318199127912521362e-01,0.000000000000000000e+00,-8.962678257375955582e-04,1.062241382896900177e-02
0.000000000000000000e+00,-6.579930186271667480e-01,9.481103718280792236e-02,0.000000000000000000e+00,-5.501139163970947266e-02,-3.714012354612350464e-02
0.000000000000000000e+00,-7.516896128654479980e-01,8.384214639663696289e-01,0.000000000000000000e+00,-1.094841957092285156e-01,-4.578986763954162598e-02
0.000000000000000000e+00,-1.842500269412994385e-01,5.626542866230010986e-02,0.000000000000000000e+00,-1.621999263763427734e+00,-3.730270266532897949e-01
0.000000000000000000e+00,-1.471993684768676758e+00,-4.413904249668121338e-01,0.000000000000000000e+00,3.483784385025501251e-04,2.523813163861632347e-04
0.000000000000000000e+00,1.101001381874084473e+00,-1.016999363899230957e+00,0.000000000000000000e+00,2.207590639591217041e-01,6.011331677436828613e-01
0.000000000000000000e+00,2.084930181503295898e+00,5.471664071083068848e-01,0.000000000000000000e+00,-7.834049756638705730e-05,2.911654009949415922e-04
0.000000000000000000e+00,-2.507330894470214844e+00,3.589528501033782959e-01,0.000000000000000000e+00,-6.395585536956787109e-01,-3.975222110748291016e-01
0.000000000000000000e+00,-1.070208191871643066e+00,1.277333050966262817e-01,0.000000000000000000e+00,-2.134986221790313721e-03,-2.603569068014621735e-03
0.000000000000000000e+00,1.281090140342712402e+00,4.907737672328948975e-01,0.000000000000000000e+00,-1.354714855551719666e-03,-1.112607773393392563e-03
0.000000000000000000e+00,-1.177818775177001953e+00,3.438797891139984131e-01,0.000000000000000000e+00,-7.034111768007278442e-04,-1.964693889021873474e-03
0.000000000000000000e+00,2.459678649902343750e+00,5.101557075977325439e-02,0.000000000000000000e+00,-3.684662282466888428e-03,1.413563266396522522e-02
0.000000000000000000e+00,2.358595132827758789e+00,-6.362075209617614746e-01,0.000000000000000000e+00,-1.373367607593536377e-01,3.631843030452728271e-01
0.000000000000000000e+00,-2.822784483432769775e-01,-6.380974650382995605e-01,0.000000000000000000e+00,-2.675528228282928467e-01,4.730741381645202637e-01
0.000000000000000000e+00,7.858466506004333496e-01,-3.204996883869171143e-01,0.000000000000000000e+00,-1.444858312606811523e-01,3.044725060462951660e-01
0.000000000000000000e+00,-1.171869993209838867e+00,-1.757667511701583862e-01,0.000000000000000000e+00,-2.275689505040645599e-03,7.738647982478141785e-04
0.000000000000000000e+00,7.099751830101013184e-01,8.406338095664978027e-01,0.000000000000000000e+00,1.188687980175018311e-01,1.661874353885650635e-02
0.000000000000000000e+00,2.779515743255615234e+00,6.399725675582885742e-01,0.000000000000000000e+00,-1.480802748119458556e-04,6.398880505003035069e-04
0.000000000000000000e+00,2.202421724796295166e-01,5.477028489112854004e-01,0.000000000000000000e+00,1.156486511230468750e+00,-1.197760820388793945e+00
0.000000000000000000e+00,-2.843621730804443359e+00,-1.225591152906417847e-01,0.000000000000000000e+00,7.401604056358337402e-01,2.825381755828857422e-01
0.000000000000000000e+00,-1.265843152999877930e+00,7.420804500579833984e-01,0.000000000000000000e+00,-1.361109223216772079e-02,-1.673038117587566376e-03
0.000000000000000000e+00,2.176994323730468750e+00,-3.310578167438507080e-01,0.000000000000000000e+00,-1.509280037134885788e-02,4.615479707717895508e-02
0.000000000000000000e+00,1.640611290931701660e+00,-1.369387269020080566e+00,0.000000000000000000e+00,1.794138193130493164e+00,4.811342358589172363e-01
0.000000000000000000e+00,-7.782143950462341309e-01,-9.376096129417419434e-01,0.000000000000000000e+00,-1.736305654048919678e-02,1.642486080527305603e-02
0.000000000000000000e+00,2.115586519241333008e+00,8.883152604103088379e-01,0.000000000000000000e+00,-4.030622221762314439e-06,4.003789581474848092e-05
0.000000000000000000e+00,-1.472578644752502441e+00,-1.271395325660705566e+00,0.000000000000000000e+00,1.175359357148408890e-04,7.561629172414541245e-04
0.000000000000000000e+00,-2.500545024871826172e+00,-8.949596285820007324e-01,0.000000000000000000e+00,2.972939014434814453e-01,3.000614643096923828e-01
0.000000000000000000e+00,2.771953821182250977e+00,1.130501151084899902e+00,0.000000000000000000e+00,-5.859967131982557476e-06,2.562790723459329456e-05
0.000000000000000000e+00,2.660036087036132812e+00,-9.324581027030944824e-01,0.000000000000000000e+00,-1.064681529998779297e+00,3.352637767791748047e+00
0.000000000000000000e+00,-3.878058493137359619e-01,6.401026844978332520e-01,0.000000000000000000e+00,8.799575567245483398e-01,2.325242161750793457e-01
0.000000000000000000e+00,-2.241176128387451172e+00,-9.296783804893493652e-01,0.000000000000000000e+00,6.404574215412139893e-02,6.732477992773056030e-02
0.000000000000000000e+00,-2.728764295578002930e+00,-4.331752359867095947e-01,0.000000000000000000e+00,7.786890268325805664e-01,-5.581328868865966797e-01
0.000000000000000000e+00,1.624596714973449707e+00,9.604626297950744629e-01,0.000000000000000000e+00,2.427686704322695732e-04,5.772337317466735840e-06
0.000000000000000000e+00,-2.408126831054687500e+00,-3.418335020542144775e-01,0.000000000000000000e+00,1.727764159440994263e-01,-4.868386685848236084e-02
0.000000000000000000e+00,-2.539098262786865234e+00,6.456934809684753418e-01,0.000000000000000000e+00,4.004716873168945312e-01,-5.483207702636718750e-01
0.000000000000000000e+00,1.999971628189086914e+00,-9.991347193717956543e-01,0.000000000000000000e+00,-1.402236819267272949e-01,4.801740050315856934e-01
0.000000000000000000e+00,-1.962646722793579102e+00,8.015992641448974609e-01,0.000000000000000000e+00,-7.001084089279174805e-02,-6.223414093255996704e-02
0.000000000000000000e+00,1.301266789436340332e+00,6.462605595588684082e-01,0.000000000000000000e+00,7.168762385845184326e-04,-9.298012591898441315e-04
0.000000000000000000e+00,2.596579790115356445e+00,9.508025646209716797e-01,0.000000000000000000e+00,-1.608383718121331185e-05,6.880634464323520660e-05
0.000000000000000000e+00,2.598785877227783203e+00,5.748525857925415039e-01,0.000000000000000000e+00,-1.839582982938736677e-04,7.693448569625616074e-04
0.000000000000000000e+00,9.285790324211120605e-01,-8.906194567680358887e-01,0.000000000000000000e+00,-2.319292426109313965e-01,4.404857456684112549e-01
0.000000000000000000e+00,2.481431007385253906e+00,-1.054889321327209473e+00,0.000000000000000000e+00,-1.372295379638671875e+00,2.690433025360107422e+00
0.000000000000000000e+00,2.852973222732543945e+00,-3.400515615940093994e-01,0.000000000000000000e+00,-6.948673725128173828e-02,3.125459849834442139e-01
0.000000000000000000e+00,3.112606525421142578e+00,-6.164476275444030762e-01,0.000000000000000000e+00,-3.792701959609985352e-01,1.826547741889953613e+00
0.000000000000000000e+00,-1.369753837585449219e+00,-1.042839884757995605e+00,0.000000000000000000e+00,-1.374499406665563583e-04,6.559578469023108482e-04
0.000000000000000000e+00,-1.119555354118347168e+00,-1.172321200370788574e+00,0.000000000000000000e+00,-1.558108953759074211e-03,1.295845606364309788e-03
0.000000000000000000e+00,1.866155624389648438e+00,-4.573051631450653076e-02,0.000000000000000000e+00,-5.805860273540019989e-04,4.173753783106803894e-03
0.000000000000000000e+00,5.039587989449501038e-02,2.905353009700775146e-01,0.000000000000000000e+00,-3.089570999145507812e-02,-1.746175765991210938e+00
0.000000000000000000e+00,1.889177799224853516e+00,2.499639540910720825e-01,0.000000000000000000e+00,-2.483184798620641232e-04,9.505968773737549782e-04
0.000000000000000000e+00,4.523035585880279541e-01,-9.197885394096374512e-01,0.000000000000000000e+00,-2.390185356140136719e+00,1.032124519348144531e+00
0.000000000000000000e+00,-2.698362827301025391e+00,-4.366283118724822998e-02,0.000000000000000000e+00,7.876526117324829102e-01,4.455282688140869141e-01
0.000000000000000000e+00,-1.032421469688415527e+00,-2.416235655546188354e-01,0.000000000000000000e+00,-5.577972158789634705e-03,3.290921915322542191e-03
0.000000000000000000e+00,1.203931331634521484e+00,3.456264436244964600e-01,0.000000000000000000e+00,-5.967132747173309326e-03,-6.501968018710613251e-04
0.000000000000000000e+00,5.034682154655456543e-01,-1.463733166456222534e-01,0.000000000000000000e+00,-2.712920904159545898e-01,8.490937948226928711e-01
0.000000000000000000e+00,2.482121467590332031e+00,-3.250271379947662354e-01,0.000000000000000000e+00,-3.420681133866310120e-02,1.213471591472625732e-01
0.000000000000000000e+00,3.113971471786499023e+00,6.454519629478454590e-01,0.000000000000000000e+00,-1.595455250935629010e-04,7.110497681424021721e-04
0.000000000000000000e+00,-9.214717745780944824e-01,-1.312276244163513184e+00,0.000000000000000000e+00,-4.089622758328914642e-03,2.395778195932507515e-03
0.000000000000000000e+00,-2.746495962142944336e+00,1.554268151521682739e-01,0.000000000000000000e+00,3.947137594223022461e-01,5.038340091705322266e-01
0.000000000000000000e+00,-8.829647898674011230e-01,-1.469748467206954956e-01,0.000000000000000000e+00,-1.547667384147644043e-02,4.641653038561344147e-03
0.000000000000000000e+00,1.084992527961730957e+00,1.247926831245422363e+00,0.000000000000000000e+00,6.014325190335512161e-03,1.757469028234481812e-03
0.000000000000000000e+00,3.106834411621093750e+00,2.798937261104583740e-01,0.000000000000000000e+00,-1.697661820799112320e-03,7.645070552825927734e-03
0.000000000000000000e+00,3.095900774002075195e+00,8.308918774127960205e-02,0.000000000000000000e+00,-5.927030462771654129e-03,2.689351700246334076e-02
0.000000000000000000e+00,-2.548672437667846680e+00,-6.047076582908630371e-01,0.000000000000000000e+00,4.720267057418823242e-01,-1.471161544322967529e-01
0.000000000000000000e+00,1.609198212623596191e+00,1.485652476549148560e-01,0.000000000000000000e+00,-6.494102999567985535e-04,1.353481668047606945e-03
0.000000000000000000e+00,9.572240710258483887e-01,-3.451792895793914795e-02,0.000000000000000000e+00,-5.059546977281570435e-02,5.407360196113586426e-02
0.000000000000000000e+00,1.368266642093658447e-01,-1.326964020729064941e+00,0.000000000000000000e+00,-6.082780361175537109e-01,4.778522253036499023e-02
0.000000000000000000e+00,6.085631251335144043e-01,-3.345243036746978760e-01,0.000000000000000000e+00,-2.310099601745605469e-01,7.860210537910461426e-01
0.000000000000000000e+00,5.103854537010192871e-01,-7.703310847282409668e-01,0.000000000000000000e+00,-2.112479925155639648e+00,9.930142164230346680e-01
0.000000000000000000e+00,-2.584494650363922119e-01,4.765125215053558350e-01,0.000000000000000000e+00,9.107193946838378906e-01,-5.571285486221313477e-01
0.000000000000000000e+00,-2.230431318283081055e+00,4.517634809017181396e-01,0.000000000000000000e+00,-9.672260284423828125e-02,-1.486064791679382324e-01
0.000000000000000000e+00,6.221683695912361145e-03,1.033505320549011230e+00,0.000000000000000000e+00,1.548331141471862793e+00,1.098473548889160156e+00
0.000000000000000000e+00,2.853623390197753906e+00,-1.090665698051452637e+00,0.000000000000000000e+00,-2.014081954956054688e+00,9.481705665588378906e+00
0.000000000000000000e+00,1.094707131385803223e+00,6.239338219165802002e-02,0.000000000000000000e+00,-2.200716361403465271e-02,1.618339866399765015e-02
0.000000000000000000e+00,1.828788161277770996e+00,7.807267308235168457e-01,0.000000000000000000e+00,2.356024924665689468e-05,2.799861249513924122e-05
0.000000000000000000e+00,-7.685090899467468262e-01,-6.275667548179626465e-01,0.000000000000000000e+00,-1.841082796454429626e-02,3.020836412906646729e-02
0.000000000000000000e+00,9.848132729530334473e-02,8.502446413040161133e-01,0.000000000000000000e+00,3.110235214233398438e+00,2.008534669876098633e+00
0.000000000000000000e+00,-1.757465958595275879e+00,-5.380603671073913574e-01,0.000000000000000000e+00,4.455734509974718094e-03,9.031500667333602905e-06
0.000000000000000000e+00,4.042922556400299072e-01,6.430128812789916992e-01,0.000000000000000000e+00,6.101756095886230469e-01,-2.120019197463989258e-01
0.000000000000000000e+00,-1.359134793281555176e+00,3.461072146892547607e-01,0.000000000000000000e+00,-1.516622025519609451e-03,-1.308352453634142876e-03
0.000000000000000000e+00,1.683947920799255371e+00,-3.946752846240997314e-01,0.000000000000000000e+00,7.341588847339153290e-03,1.576741039752960205e-02
0.000000000000000000e+00,2.122146189212799072e-01,-6.233374476432800293e-01,0.000000000000000000e+00,-2.570592403411865234e+00,2.282546043395996094e+00
0.000000000000000000e+00,-3.896428644657135010e-01,-1.255565524101257324e+00,0.000000000000000000e+00,-9.260118007659912109e-02,3.893312811851501465e-02
0.000000000000000000e+00,-1.427489280700683594e+00,1.872663050889968872e-01,0.000000000000000000e+00,-9.572906419634819031e-04,-1.001778990030288696e-03
0.000000000000000000e+00,-1.950064420700073242e+00,-1.236071705818176270e+00,0.000000000000000000e+00,4.346013069152832031e-03,1.504702214151620865e-02
0.000000000000000000e+00,-1.065063595771789551e+00,-4.539899528026580811e-02,0.000000000000000000e+00,-4.282185807824134827e-03,-3.399299457669258118e-04
0.000000000000000000e+00,1.495790481567382812e+00,6.567409634590148926e-01,0.000000000000000000e+00,1.296356786042451859e-04,-1.655959058552980423e-04
0.000000000000000000e+00,2.066359758377075195e+00,1.076030135154724121e+00,0.000000000000000000e+00,8.725939551368355751e-06,1.182157939183525741e-05
0.000000000000000000e+00,-1.307370424270629883e+00,-4.759584963321685791e-01,0.000000000000000000e+00,-6.260606460273265839e-04,8.953554206527769566e-04
0.000000000000000000e+00,1.087807774543762207e+00,-5.337232947349548340e-01,0.000000000000000000e+00,-4.877713322639465332e-02,9.614966809749603271e-02
0.000000000000000000e+00,1.974894762039184570e+00,5.945105850696563721e-02,0.000000000000000000e+00,-7.592795300297439098e-04,3.265151986852288246e-03
0.000000000000000000e+00,-2.202539920806884766e+00,2.528404891490936279e-01,0.000000000000000000e+00,-6.404864788055419922e-02,-5.179473757743835449e-02
0.000000000000000000e+00,2.260162115097045898e+00,-9.469518065452575684e-01,0.000000000000000000e+00,-4.674508869647979736e-01,9.048360586166381836e-01
0.000000000000000000e+00,-1.429158747196197510e-01,1.183803677558898926e+00,0.000000000000000000e+00,-1.653252363204956055e+00,-2.971370935440063477e+00
0.000000000000000000e+00,1.376947164535522461e+00,-2.431422919034957886e-01,0.000000000000000000e+00,-1.884746365249156952e-03,1.347899343818426132e-02
0.000000000000000000e+00,-1.066762566566467285e+00,-1.022527813911437988e+00,0.000000000000000000e+00,-2.650538226589560509e-03,2.527582459151744843e-03
0.000000000000000000e+00,4.057277739048004150e-01,1.568971425294876099e-01,0.000000000000000000e+00,-1.454619169235229492e+00,-3.319289088249206543e-01
0.000000000000000000e+00,2.179672241210937500e+00,-1.344430893659591675e-01,0.000000000000000000e+00,-5.108367651700973511e-03,1.716626062989234924e-02
0.000000000000000000e+00,2.002114057540893555e+00,-3.173390924930572510e-01,0.000000000000000000e+00,-5.803521256893873215e-03,2.390544302761554718e-02
0.000000000000000000e+00,-1.743463277816772461e+00,3.543935716152191162e-01,0.000000000000000000e+00,-6.593018770217895508e-03,-7.683314383029937744e-03
0.000000000000000000e+00,-2.414310693740844727e+00,1.325772404670715332e+00,0.000000000000000000e+00,-5.954398512840270996e-01,-3.600405156612396240e-01
0.000000000000000000e+00,1.476234078407287598e+00,-1.127123236656188965e+00,0.000000000000000000e+00,1.121823549270629883e+00,3.422375619411468506e-01
0.000000000000000000e+00,2.976175308227539062e+00,-2.273682802915573120e-01,0.000000000000000000e+00,-3.952102735638618469e-02,1.810419857501983643e-01
0.000000000000000000e+00,-2.632951498031616211e+00,2.610987126827239990e-01,0.000000000000000000e+00,-6.630501747131347656e-01,3.918170928955078125e-02
0.000000000000000000e+00,-7.256018519401550293e-01,4.785223901271820068e-01,0.000000000000000000e+00,6.461893022060394287e-02,-1.946093142032623291e-02
0.000000000000000000e+00,2.313183069229125977e+00,9.847600460052490234e-01,0.000000000000000000e+00,-6.616121027036570013e-06,3.433901656535454094e-05
0.000000000000000000e+00,2.062710762023925781e+00,-8.521491885185241699e-01,0.000000000000000000e+00,-1.244886144995689392e-01,3.274305462837219238e-01
0.000000000000000000e+00,4.521967470645904541e-01,4.928362071514129639e-01,0.000000000000000000e+00,1.951389312744140625e-01,-4.643579721450805664e-01
0.000000000000000000e+00,2.368309020996093750e+00,-1.341027617454528809e+00,0.000000000000000000e+00,-2.224080324172973633e+00,3.442483425140380859e+00
0.000000000000000000e+00,2.007802248001098633e+00,-1.136781424283981323e-01,0.000000000000000000e+00,-2.145090838894248009e-03,8.834136649966239929e-03
0.000000000000000000e+00,-1.668599247932434082e+00,-1.128837227821350098e+00,0.000000000000000000e+00,1.254330854862928391e-03,2.308326773345470428e-03
0.000000000000000000e+00,1.761821866035461426e+00,1.146172761917114258e+00,0.000000000000000000e+00,9.312275506090372801e-05,1.361445174552500248e-05
0.000000000000000000e+00,-1.762719988822937012e+00,5.400286316871643066e-01,0.000000000000000000e+00,-1.232092455029487610e-02,-1.339643076062202454e-02
0.000000000000000000e+00,-2.935292005538940430e+00,-6.355890631675720215e-01,0.000000000000000000e+00,2.299746513366699219e+00,-8.285090923309326172e-01
0.000000000000000000e+00,2.225753366947174072e-01,2.504027783870697021e-01,0.000000000000000000e+00,-1.954605579376220703e+00,-1.093360900878906250e+00
0.000000000000000000e+00,1.490749955177307129e+00,4.982812702655792236e-02,0.000000000000000000e+00,-1.537384465336799622e-03,2.922365441918373108e-03
0.000000000000000000e+00,3.105095624923706055e+00,-1.005985379219055176e+00,0.000000000000000000e+00,-2.147752285003662109e+00,1.180631351470947266e+01
0.000000000000000000e+00,2.265353918075561523e+00,1.499070674180984497e-01,0.000000000000000000e+00,-1.289790263399481773e-03,4.737797193229198456e-03
0.000000000000000000e+00,-2.743597745895385742e+00,-9.280032515525817871e-01,0.000000000000000000e+00,8.339495658874511719e-01,1.506719827651977539e+00
0.000000000000000000e+00,5.455686450004577637e-01,1.263566732406616211e+00,0.000000000000000000e+00,8.506758511066436768e-02,2.625670656561851501e-02
0.000000000000000000e+00,3.106935262680053711e+00,-9.004454314708709717e-02,0.000000000000000000e+00,-1.739493012428283691e-02,7.968274503946304321e-02
0.000000000000000000e+00,1.531585454940795898e+00,-2.914041578769683838e-01,0.000000000000000000e+00,3.418543376028537750e-03,1.047174260020256042e-02
0.000000000000000000e+00,-2.642621099948883057e-01,-1.113098263740539551e+00,0.000000000000000000e+00,-2.644965648651123047e-01,1.228000000119209290e-01
0.000000000000000000e+00,-2.598570585250854492e+00,1.165878415107727051e+00,0.000000000000000000e+00,-1.678929448127746582e+00,-1.087342381477355957e+00
0.000000000000000000e+00,2.750416755676269531e+00,-6.668125987052917480e-01,0.000000000000000000e+00,-3.490943312644958496e-01,1.480517029762268066e+00
0.000000000000000000e+00,1.990580320358276367e+00,-7.048210501670837402e-01,0.000000000000000000e+00,-3.376286104321479797e-02,1.379100382328033447e-01
0.000000000000000000e+00,-5.880300402641296387e-01,-4.134444892406463623e-02,0.000000000000000000e+00,-1.139601767063140869e-01,-4.677351564168930054e-03
0.000000000000000000e+00,7.155300974845886230e-01,1.692500859498977661e-01,0.000000000000000000e+00,-2.124220728874206543e-01,-9.652163833379745483e-03
0.000000000000000000e+00,3.086263179779052734e+00,1.036265611648559570e+00,0.000000000000000000e+00,-1.223703293362632394e-05,5.408499782788567245e-05
0.000000000000000000e+00,-9.794136881828308105e-01,-8.502489924430847168e-01,0.000000000000000000e+00,-5.185618065297603607e-03,6.070918403565883636e-03
0.000000000000000000e+00,-5.846058726310729980e-01,-2.434244602918624878e-01,0.000000000000000000e+00,-7.872146368026733398e-02,7.072278857231140137e-02
0.000000000000000000e+00,-1.634643793106079102e+00,-1.421850562095642090e+00,0.000000000000000000e+00,3.224695101380348206e-04,1.735783647745847702e-03
0.000000000000000000e+00,-1.071786522865295410e+00,6.392342448234558105e-01,0.000000000000000000e+00,-1.185571029782295227e-02,-3.577875904738903046e-03
0.000000000000000000e+00,-9.274606108665466309e-01,3.915352523326873779e-01,0.000000000000000000e+00,8.300483226776123047e-03,-8.266929537057876587e-03
