3.705050051212310791e-02,1.942420378327369690e-03,9.993115067481994629e-01,-1.966978743439540267e-06,3.333500444568926468e-07,7.227981058122168179e-08
1.923810690641403198e-01,-9.710357189178466797e-01,-1.417011022567749023e-01,-2.048852387815713882e-03,-3.134324506390839815e-04,-6.337728118523955345e-04
1.419500447809696198e-02,9.898126721382141113e-01,-1.416664123535156250e-01,3.845813334919512272e-04,7.355036796070635319e-04,5.177444778382778168e-03
-1.013909354805946350e-01,-8.439095020294189453e-01,5.268175005912780762e-01,4.140866454690694809e-03,-1.777433557435870171e-03,-2.050324343144893646e-03
-4.646820425987243652e-01,8.735131621360778809e-01,-1.450701951980590820e-01,-2.661375701427459717e-02,-7.303962018340826035e-03,4.126849025487899780e-02
-2.911173105239868164e-01,7.273367047309875488e-01,-6.214756965637207031e-01,-1.151003036648035049e-02,6.800783425569534302e-02,8.498378843069076538e-02
-7.127929329872131348e-01,1.854774355888366699e-01,6.764054298400878906e-01,6.714386343955993652e-01,1.430180549621582031e+00,3.153885006904602051e-01
9.661282300949096680e-01,-2.086001634597778320e-01,1.519282013177871704e-01,-2.490347921848297119e-01,-6.926320195198059082e-01,6.326435208320617676e-01
6.498170644044876099e-02,-7.116993069648742676e-01,-6.994723081588745117e-01,-2.175843808799982071e-03,-8.658461156301200390e-04,6.788431783206760883e-04
-2.298546433448791504e-01,4.307887852191925049e-01,8.726900219917297363e-01,9.153206832706928253e-03,2.744212979450821877e-03,1.056195120327174664e-03
-3.464494645595550537e-02,-9.971239566802978516e-01,6.740505248308181763e-02,6.652658921666443348e-04,-8.481977420160546899e-05,-9.128059027716517448e-04
3.602774441242218018e-01,-6.948245763778686523e-01,-6.224298477172851562e-01,-2.390150912106037140e-02,-1.390584465116262436e-02,1.688460819423198700e-03
-5.946374731138348579e-04,-9.023643136024475098e-01,4.309735298156738281e-01,3.971033729612827301e-03,-1.587957958690822124e-03,-3.319357754662632942e-03
8.762111663818359375e-01,-2.017445266246795654e-01,4.376678168773651123e-01,8.642678856849670410e-01,2.013364076614379883e+00,-8.021973967552185059e-01
-1.043759658932685852e-01,-8.150923997163772583e-02,9.911921620368957520e-01,8.628490567207336426e-01,-9.565378427505493164e-01,1.220149453729391098e-02
-9.276938438415527344e-01,2.849396169185638428e-01,-2.412333488464355469e-01,-5.003365874290466309e-01,4.390981793403625488e-01,2.442762136459350586e+00
-2.030586451292037964e-01,-5.877587199211120605e-01,-7.831391096115112305e-01,5.207838839851319790e-04,-1.183354295790195465e-03,7.530937436968088150e-04
3.321694433689117432e-01,-1.584737002849578857e-01,-9.298115372657775879e-01,1.290430307388305664e+00,-5.971699953079223633e-01,5.627777576446533203e-01
-7.585234045982360840e-01,6.277503371238708496e-01,-1.748478710651397705e-01,-1.470695585012435913e-01,-7.494544237852096558e-02,3.689417243003845215e-01
5.395745038986206055e-01,-2.906936407089233398e-01,7.901623845100402832e-01,1.761613130569458008e+00,8.385754227638244629e-01,-8.944401741027832031e-01
5.316947698593139648e-01,-8.451604247093200684e-01,5.481386929750442505e-02,8.171601803041994572e-04,3.809337213169783354e-04,-2.052941359579563141e-03
6.002862453460693359e-01,-7.683727741241455078e-01,-2.219455093145370483e-01,-4.863210394978523254e-02,-3.839496150612831116e-02,1.389806042425334454e-03
-5.718665122985839844e-01,-5.611401200294494629e-01,5.984065532684326172e-01,-2.336435019969940186e-02,1.676212996244430542e-02,-6.609861738979816437e-03
-7.271836996078491211e-01,5.229789018630981445e-01,4.446312785148620605e-01,-6.883666664361953735e-02,3.519896045327186584e-02,-1.539819985628128052e-01
3.050564527511596680e-01,2.903647422790527344e-01,9.069889187812805176e-01,-1.141362190537620336e-05,-7.668389116588514298e-06,6.293824299063999206e-06
2.791371941566467285e-01,-4.299798011779785156e-01,8.586034178733825684e-01,3.440257012844085693e-01,1.207490172237157822e-02,-1.057978570461273193e-01
-1.353738643229007721e-02,-8.120415210723876953e-01,-5.834426879882812500e-01,-1.072403392754495144e-03,-1.831311237765476108e-04,2.797663328237831593e-04
-3.244451582431793213e-01,-9.340457916259765625e-01,1.493110060691833496e-01,8.232616819441318512e-04,-4.558633372653275728e-04,-1.062841853126883507e-03
9.256657958030700684e-01,3.251992762088775635e-01,-1.933603286743164062e-01,1.317614875733852386e-02,3.434399515390396118e-02,1.208384037017822266e-01
9.143033027648925781e-01,3.793140128254890442e-02,-4.032501578330993652e-01,2.270885407924652100e-01,1.322015523910522461e-01,5.273212790489196777e-01
-8.599713444709777832e-01,2.820242345333099365e-01,-4.253371059894561768e-01,-1.279812097549438477e+00,-8.720485493540763855e-03,2.581816196441650391e+00
4.390072822570800781e-01,-8.318016529083251953e-01,3.396742939949035645e-01,3.720563650131225586e-02,3.693254431709647179e-03,-3.904177993535995483e-02
-6.666430234909057617e-01,4.535853862762451172e-01,-5.914789438247680664e-01,-1.010326743125915527e+00,-6.417261362075805664e-01,6.465989947319030762e-01
6.484028100967407227e-01,2.589713335037231445e-01,7.158963680267333984e-01,-1.692171354079619050e-04,-1.130650252889608964e-05,1.573536865180358291e-04
-8.984684348106384277e-01,4.390370249748229980e-01,-9.930569212883710861e-04,-3.886118829250335693e-01,-7.944809198379516602e-01,3.514024317264556885e-01
8.265188336372375488e-02,-9.957685470581054688e-01,-4.016979783773422241e-02,-6.632357690250501037e-05,2.869156924134586006e-05,-8.476998191326856613e-04
-1.175865978002548218e-01,-5.830715298652648926e-01,8.038662672042846680e-01,1.749891415238380432e-02,-4.697370808571577072e-03,-8.474860223941504955e-04
9.718186855316162109e-01,4.905160982161760330e-03,-2.356785684823989868e-01,4.612525179982185364e-02,4.272758215665817261e-02,1.910864114761352539e-01
8.576276898384094238e-01,-5.062016844749450684e-01,9.074473381042480469e-02,-1.719453185796737671e-01,-2.357269674539566040e-01,3.100972175598144531e-01
3.536252081394195557e-01,-8.726266026496887207e-01,-3.368561267852783203e-01,-1.262671221047639847e-02,-4.574813414365053177e-03,-1.404218841344118118e-03
9.250213503837585449e-01,3.767819702625274658e-01,-4.869101196527481079e-02,-2.014012774452567101e-03,1.107477024197578430e-02,4.743726924061775208e-02
-5.102928280830383301e-01,6.882212162017822266e-01,5.157061815261840820e-01,-3.613993525505065918e-03,8.963755331933498383e-03,-1.553838420659303665e-02
6.706860661506652832e-01,2.573183551430702209e-02,7.412949204444885254e-01,-1.534265611553564668e-04,4.029430419905111194e-05,1.374138664687052369e-04
-3.948388397693634033e-01,6.274363398551940918e-01,-6.711377501487731934e-01,-1.718647927045822144e-01,6.425494700670242310e-02,1.611811965703964233e-01
2.493767440319061279e-01,3.520388901233673096e-01,-9.021528959274291992e-01,1.019805967807769775e-01,1.426679372787475586e+00,5.849099159240722656e-01
-3.009955883026123047e-01,8.783077001571655273e-01,-3.714528381824493408e-01,-1.284373272210359573e-02,9.429686702787876129e-03,3.270421922206878662e-02
-4.936957955360412598e-01,4.072210192680358887e-01,-7.683979868888854980e-01,-9.662168025970458984e-01,-5.153580904006958008e-01,3.476746678352355957e-01
2.222986072301864624e-01,-9.713057875633239746e-01,8.454845845699310303e-02,1.955553423613309860e-03,1.777701982064172626e-04,-3.099377267062664032e-03
-9.283261299133300781e-01,-3.404527902603149414e-01,1.493403464555740356e-01,1.005216166377067566e-01,-4.097635746002197266e-01,-3.092821836471557617e-01
-9.534805417060852051e-01,-1.766917705535888672e-01,2.442434728145599365e-01,-1.500831097364425659e-01,-5.081473588943481445e-01,-9.535025954246520996e-01
8.560286760330200195e-01,1.446641832590103149e-01,-4.962732791900634766e-01,4.603255689144134521e-01,2.952256500720977783e-01,8.800805807113647461e-01
-4.388422369956970215e-01,1.859308630228042603e-01,-8.791173100471496582e-01,-7.991817593574523926e-01,-1.255927443504333496e+00,1.333144158124923706e-01
-6.476216912269592285e-01,5.738235116004943848e-01,-5.013110041618347168e-01,-4.605487585067749023e-01,-1.640144586563110352e-01,4.072242677211761475e-01
-8.994750976562500000e-01,8.879601210355758667e-02,4.278549849987030029e-01,-1.037709355354309082e+00,1.818730831146240234e+00,-2.559020757675170898e+00
3.230759203433990479e-01,-8.405719399452209473e-01,4.348111748695373535e-01,2.586983330547809601e-02,-3.799682715907692909e-03,-2.656745724380016327e-02
-9.294462800025939941e-01,-3.086231350898742676e-01,-2.021915763616561890e-01,3.400401398539543152e-02,-3.142518103122711182e-01,3.233590126037597656e-01
3.427640199661254883e-01,2.874062210321426392e-02,-9.389817714691162109e-01,1.353671073913574219e+01,2.577559709548950195e+00,5.020308017730712891e+00
-8.592187166213989258e-01,-4.491298794746398926e-01,2.450012713670730591e-01,-2.594264782965183258e-02,-5.102320015430450439e-02,-1.845151633024215698e-01
-8.810005187988281250e-01,-1.131873875856399536e-01,-4.593763351440429688e-01,-5.680406689643859863e-01,-2.640168070793151855e-01,1.154451012611389160e+00
4.847505092620849609e-01,-1.673533618450164795e-01,8.584927320480346680e-01,1.358455896377563477e+00,9.859180450439453125e-01,-5.748627781867980957e-01
1.890828758478164673e-01,-4.689391255378723145e-01,-8.627536296844482422e-01,-3.985434770584106445e-03,-1.424792222678661346e-02,6.870826706290245056e-03
-3.517622947692871094e-01,-7.834312915802001953e-01,-5.123462677001953125e-01,1.312885433435440063e-03,-2.106927568092942238e-03,2.320324070751667023e-03
8.966909646987915039e-01,4.603682458400726318e-02,4.402566850185394287e-01,-1.108008204028010368e-03,4.928163834847509861e-04,2.205198397859930992e-03
1.397407203912734985e-01,9.899812936782836914e-01,-2.023634687066078186e-02,-1.712299854261800647e-04,8.296732266899198294e-05,2.876422833651304245e-03
-9.514188766479492188e-01,3.045283854007720947e-01,-4.543806239962577820e-02,-4.462916553020477295e-01,-1.270914912223815918e+00,8.270740509033203125e-01
-3.155303001403808594e-01,-6.773383021354675293e-01,-6.645701527595520020e-01,1.064596581272780895e-03,-2.515712520107626915e-03,2.058587735518813133e-03
2.124429047107696533e-01,-7.126151919364929199e-01,-6.686161160469055176e-01,-7.604196202009916306e-03,-3.763779997825622559e-03,1.595339039340615273e-03
-4.401412606239318848e-01,8.328548073768615723e-01,-3.356017470359802246e-01,-4.250784963369369507e-02,2.332548843696713448e-03,6.153762340545654297e-02
7.630820870399475098e-01,-3.175297379493713379e-01,-5.629214644432067871e-01,-7.363448739051818848e-01,-9.655489325523376465e-01,-4.535287916660308838e-01
7.791314125061035156e-01,-5.960577726364135742e-01,1.940860450267791748e-01,1.082229092717170715e-01,1.476717740297317505e-01,1.906910724937915802e-02
4.022793099284172058e-02,3.281601006165146828e-03,-9.991851449012756348e-01,5.193155288696289062e+00,1.612621068954467773e+00,2.143765687942504883e-01
6.758670210838317871e-01,-2.063824236392974854e-01,-7.075380682945251465e-01,-5.809264630079269409e-02,-2.187939643859863281e+00,5.827097296714782715e-01
-3.126608431339263916e-01,-3.035921454429626465e-01,-9.000416398048400879e-01,3.705048933625221252e-03,-1.702152937650680542e-02,4.454437177628278732e-03
3.770695030689239502e-01,-5.107648372650146484e-01,7.726175785064697266e-01,3.675412237644195557e-01,2.717107534408569336e-02,-1.614130437374114990e-01
-2.481524646282196045e-01,8.216558694839477539e-01,-5.131296515464782715e-01,1.858640811406075954e-03,2.810558862984180450e-02,4.410560801625251770e-02
-7.984417676925659180e-01,-3.712550997734069824e-01,4.739835262298583984e-01,-2.352579534053802490e-01,3.861691951751708984e-01,-9.382709115743637085e-02
-1.201423779129981995e-01,5.389940142631530762e-01,8.336973190307617188e-01,1.637042500078678131e-03,2.542446309234946966e-04,7.153896876843646169e-05
-4.030433595180511475e-01,1.008978262543678284e-01,9.096019268035888672e-01,3.167670369148254395e-01,4.216462671756744385e-01,9.358781576156616211e-02
3.140603005886077881e-02,-1.642272025346755981e-01,9.859224557876586914e-01,2.455584146082401276e-02,-7.509143557399511337e-03,-2.033027121797204018e-03
5.298429727554321289e-01,7.749525308609008789e-01,3.445505499839782715e-01,-4.739928990602493286e-04,-1.537013886263594031e-04,1.074597239494323730e-03
-8.264296054840087891e-01,5.604313611984252930e-01,5.413764715194702148e-02,-2.468473017215728760e-01,-3.755843341350555420e-01,1.198301613330841064e-01
6.839727759361267090e-01,4.575255885720252991e-02,-7.280713319778442383e-01,3.737231016159057617e+00,1.287149667739868164e+00,3.591756105422973633e+00
4.581732153892517090e-01,-5.862528085708618164e-01,-6.681204438209533691e-01,-5.879458039999008179e-02,-5.796977132558822632e-02,1.054725982248783112e-02
-1.397942006587982178e-01,1.484554111957550049e-01,-9.789885282516479492e-01,-1.726740717887878418e+00,1.609913825988769531e+00,4.906990826129913330e-01
7.665489315986633301e-01,-6.401339769363403320e-01,5.129524692893028259e-02,-6.437236070632934570e-02,-6.904735416173934937e-02,1.003019064664840698e-01
-9.996924400329589844e-01,-2.460061199963092804e-02,3.132175188511610031e-03,7.708878815174102783e-02,-3.179316520690917969e+00,-3.665348589420318604e-01
6.908647418022155762e-01,5.660247802734375000e-01,4.498021006584167480e-01,-5.873847985640168190e-04,-1.077263223123736680e-04,1.037743524648249149e-03
-1.922773271799087524e-01,9.801407456398010254e-01,-4.851204901933670044e-02,-3.618123009800910950e-03,-3.707954601850360632e-04,6.848840508610010147e-03
-7.979072332382202148e-01,4.268067181110382080e-01,-4.256525337696075439e-01,-8.086645007133483887e-01,-2.041113972663879395e-01,1.311217665672302246e+00
4.703555107116699219e-01,-1.313116401433944702e-01,-8.726528286933898926e-01,3.417744636535644531e+00,-9.929838180541992188e-01,1.991565704345703125e+00
-3.318323194980621338e-01,9.218981266021728516e-01,-1.999780088663101196e-01,-1.243175193667411804e-02,4.576992359943687916e-04,2.273854613304138184e-02
7.459671497344970703e-01,-4.672164022922515869e-01,4.745964407920837402e-01,8.886668086051940918e-01,3.026437461376190186e-01,-1.098862290382385254e+00
-8.763266205787658691e-01,-3.312632739543914795e-01,3.497374355792999268e-01,-2.239472568035125732e-01,1.729015558958053589e-01,-3.973695337772369385e-01
-2.990753650665283203e-01,1.706456691026687622e-01,-9.388471245765686035e-01,-1.681115627288818359e+00,-2.035129070281982422e+00,1.656225919723510742e-01
-2.447622269392013550e-01,5.965303778648376465e-01,-7.643578648567199707e-01,5.151535943150520325e-02,2.362200766801834106e-01,1.678578257560729980e-01
-1.626227051019668579e-02,-6.061239242553710938e-01,-7.952039241790771484e-01,-8.067453163675963879e-04,-6.555767031386494637e-04,5.161949084140360355e-04
4.113843441009521484e-01,-2.761873900890350342e-01,-8.686100840568542480e-01,3.665210008621215820e-01,-4.661233425140380859e-01,3.217996060848236084e-01
-8.339450359344482422e-01,5.146023631095886230e-01,1.992990225553512573e-01,-3.131641447544097900e-01,-4.507672190666198730e-01,-1.464924365282058716e-01
-5.220421552658081055e-01,5.328690409660339355e-01,-6.659749150276184082e-01,-5.365292429924011230e-01,-1.770410090684890747e-01,2.789162397384643555e-01
-8.000974357128143311e-02,-9.937232732772827148e-01,-7.818214595317840576e-02,1.829232351155951619e-04,1.131744556914782152e-05,-3.310480387881398201e-04
6.615306138992309570e-01,-3.084055185317993164e-01,6.835665702819824219e-01,-1.351969718933105469e+00,-1.154109239578247070e+00,7.876857519149780273e-01
8.187205195426940918e-01,-4.946305751800537109e-01,-2.916114926338195801e-01,-2.205540537834167480e-01,-2.966779470443725586e-01,-1.159972846508026123e-01
1.004384714178740978e-03,6.359915733337402344e-01,-7.716953754425048828e-01,2.572586834430694580e-01,9.616276621818542480e-02,7.958722859621047974e-02
2.221088707447052002e-01,9.007496237754821777e-01,3.732528090476989746e-01,-1.878983457572758198e-04,-1.031841602525673807e-04,3.608197730500251055e-04
1.909686625003814697e-01,8.212315849959850311e-03,9.815617799758911133e-01,-5.460300144477514550e-06,1.011244307846936863e-06,1.053873120326898061e-06
1.739557534456253052e-01,8.416757583618164062e-01,-5.111959576606750488e-01,1.585539989173412323e-02,1.498101186007261276e-02,3.006145171821117401e-02
8.999074101448059082e-01,3.597645163536071777e-01,2.464469671249389648e-01,-2.398587530478835106e-03,9.426952456124126911e-04,7.382352836430072784e-03
-1.090746894478797913e-01,-9.669412374496459961e-01,-2.304936796426773071e-01,-9.801889973459765315e-06,-4.452264874998945743e-06,2.331611358385998756e-05
-7.745422720909118652e-01,-4.961730241775512695e-01,3.922966122627258301e-01,-9.906033426523208618e-02,9.311911463737487793e-02,-7.780649513006210327e-02
6.535879969596862793e-01,7.189697623252868652e-01,-2.364427745342254639e-01,-3.022762015461921692e-03,1.710822246968746185e-02,4.366661235690116882e-02
-3.444460034370422363e-01,5.254450440406799316e-01,7.779874205589294434e-01,1.663648337125778198e-02,9.433273226022720337e-03,9.944925550371408463e-04
-7.638806849718093872e-02,1.144936084747314453e-01,9.904827475547790527e-01,4.673852119594812393e-03,2.054420532658696175e-03,1.229789486387744546e-04
8.285416960716247559e-01,5.369721055030822754e-01,1.586809456348419189e-01,-2.545109018683433533e-03,1.147054717876017094e-03,9.407510049641132355e-03
3.660332858562469482e-01,-9.285471439361572266e-01,6.180500984191894531e-02,2.273104852065443993e-03,6.089936941862106323e-04,-4.312800243496894836e-03
1.319794654846191406e-01,-4.369097054004669189e-01,8.897703886032104492e-01,6.556230038404464722e-02,-1.638041250407695770e-02,-1.776822097599506378e-02
-5.682430267333984375e-01,1.766651272773742676e-01,8.036723732948303223e-01,8.196124434471130371e-01,8.984217047691345215e-01,3.820204436779022217e-01
2.579154968261718750e-01,1.563222557306289673e-01,9.534374475479125977e-01,-8.201151104003656656e-06,-2.851445742635405622e-06,2.686016159714199603e-06
2.523912787437438965e-01,8.166622519493103027e-01,5.190003514289855957e-01,-8.317536412505432963e-05,-6.383661093423143029e-05,1.408971875207498670e-04
-5.875143408775329590e-01,7.743260860443115234e-01,-2.350447028875350952e-01,-7.208807021379470825e-02,-1.755809225142002106e-02,1.223473101854324341e-01
1.128101572394371033e-01,7.883272767066955566e-01,6.048254966735839844e-01,-7.582890702906297520e-06,-1.797021104721352458e-05,2.483664138708263636e-05
-3.347399234771728516e-01,9.422509074211120605e-01,-1.059993542730808258e-02,-9.546566754579544067e-03,-3.257418749853968620e-03,1.191620528697967529e-02
-6.985367536544799805e-01,7.143550515174865723e-01,-4.175252094864845276e-02,-8.975382149219512939e-02,-8.035270869731903076e-02,1.268421858549118042e-01
-5.711191892623901367e-01,5.717120766639709473e-01,5.890400409698486328e-01,1.725529879331588745e-02,4.574209451675415039e-02,-2.766615897417068481e-02
4.676420688629150391e-01,-7.246207594871520996e-01,-5.061973333358764648e-01,-4.246536269783973694e-02,-2.253808639943599701e-02,-6.967684254050254822e-03
-5.172646045684814453e-01,7.850788235664367676e-01,3.407178223133087158e-01,-2.013404294848442078e-02,-9.428962133824825287e-03,-8.840600028634071350e-03
-8.549590110778808594e-01,-4.301517456769943237e-02,5.169089436531066895e-01,-7.165294289588928223e-01,1.517924189567565918e+00,-1.058812141418457031e+00
7.592776417732238770e-01,-2.012982219457626343e-01,6.188509464263916016e-01,6.442974209785461426e-01,-9.605703949928283691e-01,-1.102950215339660645e+00
8.461827039718627930e-01,3.174620568752288818e-01,4.280102550983428955e-01,-1.104604220017790794e-03,1.513027091277763247e-04,2.071595285087823868e-03
7.236053943634033203e-01,4.609120190143585205e-01,-5.137659311294555664e-01,1.357291638851165771e-01,2.449400126934051514e-01,4.109072387218475342e-01
-4.514926671981811523e-01,-2.735264599323272705e-01,-8.493160009384155273e-01,8.206698112189769745e-04,-7.798324525356292725e-02,2.467863075435161591e-02
-4.681493341922760010e-01,-1.824257373809814453e-01,8.646138310432434082e-01,-7.457649111747741699e-01,-1.250347018241882324e+00,-6.676099896430969238e-01
-2.630859017372131348e-01,-8.149901032447814941e-01,5.163108706474304199e-01,3.971365280449390411e-03,-2.169653307646512985e-03,-1.401163288392126560e-03
5.704032182693481445e-01,-4.785636663436889648e-01,-6.675454974174499512e-01,-1.606904268264770508e-01,-2.264556288719177246e-01,2.503964304924011230e-02
-2.323008924722671509e-01,7.381608244031667709e-03,9.726159572601318359e-01,-1.107204675674438477e+00,-5.725961327552795410e-01,-2.601005733013153076e-01
-2.075642198324203491e-01,-9.769790768623352051e-01,4.928494617342948914e-02,6.702863611280918121e-04,-1.687088370090350509e-04,-5.214075208641588688e-04
-1.364137232303619385e-01,6.979922056198120117e-01,-7.029923200607299805e-01,1.277516186237335205e-01,1.032239869236946106e-01,7.769994437694549561e-02
-1.141779124736785889e-01,6.599670052528381348e-01,7.425677776336669922e-01,9.939522715285420418e-04,2.827894059009850025e-04,-9.850182686932384968e-05
4.880666732788085938e-01,7.088556885719299316e-01,-5.092293024063110352e-01,-2.037614816799759865e-03,7.560469210147857666e-02,1.032900586724281311e-01
-3.706080019474029541e-01,-8.684961795806884766e-01,-3.291871249675750732e-01,1.764909946359694004e-03,-1.402522437274456024e-03,1.713297679089009762e-03
7.706524729728698730e-01,6.210427880287170410e-01,-1.428310424089431763e-01,-2.525888383388519287e-03,1.292362250387668610e-02,4.256455972790718079e-02
6.768894963897764683e-04,2.427218556404113770e-01,9.700956940650939941e-01,2.475665824022144079e-04,-4.844235809287056327e-05,1.194773176393937320e-05
3.131789565086364746e-01,-8.047178387641906738e-01,-5.043293833732604980e-01,-1.344429515302181244e-02,-4.651019815355539322e-03,-9.273929754272103310e-04
-1.916220486164093018e-01,9.700733423233032227e-01,1.491264104843139648e-01,-3.173520322889089584e-03,-1.037159468978643417e-03,2.668906236067414284e-03
-3.909772336483001709e-01,3.911176323890686035e-01,8.331649303436279297e-01,5.880305916070938110e-02,3.513967245817184448e-02,1.109853480011224747e-02
1.559016555547714233e-01,2.778454720973968506e-01,9.478905797004699707e-01,5.319002411852125078e-06,-8.544536285626236349e-06,1.629744474485050887e-06
-8.074725419282913208e-02,-3.943614065647125244e-01,9.154009819030761719e-01,2.779777906835079193e-02,-5.096390377730131149e-03,2.564719470683485270e-04
1.804830431938171387e-01,5.547021627426147461e-01,8.122385144233703613e-01,2.813873470586258918e-05,-2.148361818399280310e-05,8.419257937930524349e-06
-8.625899553298950195e-01,3.402919322252273560e-02,-5.047579407691955566e-01,-1.199881553649902344e+00,-6.216782927513122559e-01,2.008587598800659180e+00
-7.708678394556045532e-02,4.120129048824310303e-01,9.079113602638244629e-01,1.182923093438148499e-03,2.450356805638875812e-05,8.931702905101701617e-05
6.658434867858886719e-01,6.656849980354309082e-01,3.369212746620178223e-01,-8.222656324505805969e-04,-1.086166957975365222e-04,1.839612843468785286e-03
9.575220942497253418e-01,2.797923982143402100e-01,6.976863741874694824e-02,-3.415524493902921677e-03,5.176256410777568817e-03,2.611722238361835480e-02
-6.989197731018066406e-01,-4.458489716053009033e-01,5.592225193977355957e-01,-1.294067949056625366e-01,2.208815217018127441e-01,1.436786726117134094e-02
4.414646327495574951e-01,-7.172093987464904785e-01,5.391842722892761230e-01,8.312993496656417847e-02,-1.275738608092069626e-02,-8.503334224224090576e-02
3.963830769062042236e-01,-3.260214328765869141e-01,8.582484722137451172e-01,1.548764944076538086e+00,5.493636131286621094e-01,-5.066130161285400391e-01
3.385196998715400696e-02,-6.373486518859863281e-01,7.698316574096679688e-01,1.496114581823348999e-02,-6.086807698011398315e-03,-5.697197746485471725e-03
-2.965678870677947998e-01,2.969127297401428223e-01,9.076840281486511230e-01,4.460836574435234070e-02,2.159254625439643860e-02,7.511762902140617371e-03
-3.954022228717803955e-01,7.975817322731018066e-01,4.555442035198211670e-01,-4.554701037704944611e-03,2.174678375013172626e-04,-4.334128927439451218e-03
-8.569092750549316406e-01,-4.042102992534637451e-01,-3.198758065700531006e-01,-1.761023141443729401e-02,-1.303392350673675537e-01,2.118785828351974487e-01
4.766519665718078613e-01,4.691023230552673340e-01,7.434688806533813477e-01,-6.658541678916662931e-05,-3.365176598890684545e-05,6.392223440343514085e-05
6.374626755714416504e-01,-1.747938990592956543e-01,7.503921389579772949e-01,-1.856973320245742798e-01,-3.355387449264526367e-01,7.959171384572982788e-02
1.834173351526260376e-01,-1.690305024385452271e-01,-9.683939218521118164e-01,1.588827222585678101e-01,-1.570158898830413818e-01,5.749965831637382507e-02
8.204615712165832520e-01,-5.527986288070678711e-01,-1.457961201667785645e-01,-1.730735749006271362e-01,-2.820272445678710938e-01,9.536647796630859375e-02
-3.375919163227081299e-01,-9.411216378211975098e-01,-1.793948374688625336e-02,1.327434205450117588e-03,-4.695778188761323690e-04,-3.456762351561337709e-04
-4.842444956302642822e-01,8.504763245582580566e-01,2.054196149110794067e-01,-2.021379396319389343e-02,-1.247596833854913712e-02,4.002035595476627350e-03
-8.019549846649169922e-01,-7.368453592061996460e-02,-5.928226709365844727e-01,-5.990446209907531738e-01,-8.041527271270751953e-01,9.103236198425292969e-01
-5.398321524262428284e-02,8.982987999916076660e-01,4.360563457012176514e-01,-5.158108542673289776e-04,-6.128999666543677449e-05,6.240385846467688680e-05
-2.221345752477645874e-01,-9.671319127082824707e-01,-1.237417384982109070e-01,6.423189770430326462e-04,-1.469185372116044164e-04,-4.781282314070267603e-06
-7.397108674049377441e-01,5.969235301017761230e-01,3.106607794761657715e-01,-1.261484175920486450e-01,-1.036231592297554016e-01,-1.012623980641365051e-01
-7.379439473152160645e-01,3.213090598583221436e-01,-5.934637784957885742e-01,-1.738804221153259277e+00,-1.649522423744201660e+00,1.269047141075134277e+00
1.094109043478965759e-01,1.403871923685073853e-01,9.840328693389892578e-01,3.849671372790908208e-07,-3.507036808514385484e-06,4.575289267449988984e-07
8.366577029228210449e-01,1.548566669225692749e-01,5.253792405128479004e-01,-7.114561158232390881e-04,1.618161186343058944e-04,1.085286377929151058e-03
-7.244828343391418457e-02,-7.311953902244567871e-01,6.783100366592407227e-01,8.152447640895843506e-03,-3.018477000296115875e-03,-2.383077749982476234e-03
8.362080454826354980e-01,-3.653215467929840088e-01,4.090187251567840576e-01,1.379490852355957031e+00,2.176679134368896484e+00,-8.761298656463623047e-01
9.877019524574279785e-01,-1.520591527223587036e-01,-3.636968880891799927e-02,-1.340528428554534912e-01,-9.944047331809997559e-01,5.170264244079589844e-01
-2.316851466894149780e-01,-9.234900474548339844e-01,-3.057582080364227295e-01,5.897476221434772015e-04,-3.147058305330574512e-04,5.036395741626620293e-04
8.206273913383483887e-01,3.036444783210754395e-01,-4.841185510158538818e-01,2.646211087703704834e-01,2.689602077007293701e-01,6.172529458999633789e-01
-7.174971699714660645e-01,-6.949641108512878418e-01,-4.714437946677207947e-02,2.317607216536998749e-02,-2.381988428533077240e-02,-1.586665865033864975e-03
-4.438005983829498291e-01,2.460611462593078613e-01,8.616814613342285156e-01,2.506971359252929688e-01,1.940078586339950562e-01,7.371836155652999878e-02
-9.892224669456481934e-01,4.635927325580269098e-04,-1.464194953441619873e-01,-2.290708422660827637e-01,-7.122998237609863281e-01,1.545366644859313965e+00
-8.123976737260818481e-02,9.642767906188964844e-01,2.521314918994903564e-01,-1.280852593481540680e-03,-3.440004657022655010e-04,9.029236971400678158e-04
-5.672218799591064453e-01,-3.640281558036804199e-01,-7.387440800666809082e-01,-7.588948123157024384e-03,-8.085496723651885986e-02,4.566953703761100769e-02
4.270652681589126587e-02,-7.999670505523681641e-01,5.985221862792968750e-01,8.917312137782573700e-03,-3.789585549384355545e-03,-5.701327230781316757e-03
-3.472272455692291260e-01,9.214349389076232910e-01,1.743302643299102783e-01,-8.468649350106716156e-03,-3.988809883594512939e-03,4.215464927256107330e-03
-5.195688605308532715e-01,-7.417309284210205078e-01,-4.241266250610351562e-01,3.592951688915491104e-03,-7.138620596379041672e-03,8.082845248281955719e-03
-7.827797526260837913e-05,-5.082771778106689453e-01,8.611935377120971680e-01,1.555409375578165054e-02,-5.304937250912189484e-03,-3.129564924165606499e-03
5.618343949317932129e-01,-5.701341032981872559e-01,5.994073748588562012e-01,1.803640723228454590e-01,-7.261478900909423828e-02,-2.381267249584197998e-01
9.342870116233825684e-01,-9.927342832088470459e-02,3.424218297004699707e-01,8.623240143060684204e-02,7.405489683151245117e-01,-2.058563940227031708e-02
5.081695318222045898e-01,-4.367052614688873291e-01,7.423289418220520020e-01,6.915021538734436035e-01,1.826313287019729614e-01,-3.659351766109466553e-01
-1.027214080095291138e-01,-2.312434762716293335e-01,9.674578905105590820e-01,1.030528545379638672e-01,-3.325825929641723633e-02,2.992356661707162857e-03
8.951149582862854004e-01,-3.776598274707794189e-01,-2.369435876607894897e-01,-2.156026512384414673e-01,-4.340886473655700684e-01,-1.226085871458053589e-01
-1.571155041456222534e-01,8.952261805534362793e-01,-4.169949591159820557e-01,6.875558290630578995e-03,1.149215921759605408e-02,2.208138071000576019e-02
5.790209174156188965e-01,-7.088598012924194336e-01,-4.028058052062988281e-01,-7.024794071912765503e-02,-4.604905843734741211e-02,-1.994187198579311371e-02
-7.763330936431884766e-01,-5.788590908050537109e-01,2.494573593139648438e-01,-1.450393255800008774e-02,-7.851982489228248596e-03,-6.335782259702682495e-02
6.189355850219726562e-01,-8.824829757213592529e-02,-7.804684638977050781e-01,3.180469512939453125e+00,-2.340660095214843750e+00,2.786870956420898438e+00
8.444076180458068848e-01,5.338047146797180176e-01,-4.503614082932472229e-02,-3.137172665446996689e-03,7.733948063105344772e-03,3.284841030836105347e-02
-6.829722523689270020e-01,-7.114666104316711426e-01,1.654210984706878662e-01,4.707881715148687363e-03,-8.688295260071754456e-03,-1.793047785758972168e-02
6.254635453224182129e-01,4.023838639259338379e-01,-6.684927344322204590e-01,4.490306675434112549e-01,7.142090201377868652e-01,8.500294685363769531e-01
2.746905982494354248e-01,-7.471947073936462402e-01,6.051818728446960449e-01,4.252251610159873962e-02,-1.019317284226417542e-02,-3.188598528504371643e-02
6.446585655212402344e-01,1.933204382658004761e-01,-7.396232485771179199e-01,2.657296657562255859e+00,1.698799967765808105e+00,2.760137319564819336e+00
-1.489563100039958954e-02,-9.630615115165710449e-01,2.688694000244140625e-01,2.024152316153049469e-03,-6.143718492239713669e-04,-2.088474342599511147e-03
-4.442612230777740479e-01,5.924199223518371582e-01,6.720644235610961914e-01,1.703264750540256500e-02,1.808469742536544800e-02,-4.682275000959634781e-03
-6.686815619468688965e-01,2.047833651304244995e-01,-7.147927880287170410e-01,-2.190070867538452148e+00,-3.503974914550781250e+00,1.044924020767211914e+00
-3.535012006759643555e-01,7.171282768249511719e-01,6.006362438201904297e-01,2.272587036713957787e-03,3.640563460066914558e-03,-3.009123727679252625e-03
-4.242680668830871582e-01,-7.865890264511108398e-01,4.486360847949981689e-01,-2.305212256032973528e-04,-1.544466591440141201e-03,-2.925897715613245964e-03
-4.966824650764465332e-01,-3.193131387233734131e-01,8.070598840713500977e-01,6.279808003455400467e-03,-3.789348602294921875e-01,-1.460607945919036865e-01
2.079675197601318359e-01,-9.250600337982177734e-01,-3.178261220455169678e-01,-4.469537176191806793e-03,-8.537317044101655483e-04,-4.397546581458300352e-04
2.006934881210327148e-01,9.682831168174743652e-01,1.488286405801773071e-01,-3.378846449777483940e-04,-1.304454053752124310e-04,1.304314238950610161e-03
-4.550448358058929443e-01,-6.626839041709899902e-01,-5.947976112365722656e-01,1.937044435180723667e-03,-7.467607967555522919e-03,6.837992463260889053e-03
4.134105741977691650e-01,6.148425340652465820e-01,6.716102361679077148e-01,-6.539676542161032557e-05,-4.843405622523277998e-05,8.459523814963176847e-05
-9.435447454452514648e-01,8.387944661080837250e-03,-3.311388492584228516e-01,-8.002174496650695801e-01,2.885957062244415283e-01,2.287444591522216797e+00
-8.626478314399719238e-01,4.173384010791778564e-01,-2.857750654220581055e-01,-4.372596740722656250e-01,1.276815980672836304e-01,1.506385922431945801e+00
3.101429343223571777e-01,-6.007189154624938965e-01,-7.368502020835876465e-01,-1.742471568286418915e-02,-1.923029497265815735e-02,8.343418128788471222e-03
-5.814310908317565918e-01,1.185315400362014771e-01,-8.049150109291076660e-01,-1.553349852561950684e+00,-2.720826625823974609e+00,7.213956117630004883e-01
6.252352148294448853e-03,7.447823882102966309e-01,-6.672781109809875488e-01,1.010926738381385803e-01,4.376767203211784363e-02,4.979850724339485168e-02
5.856046080589294434e-01,5.398300886154174805e-01,6.046906709671020508e-01,-2.036843216046690941e-04,-7.565864507341757417e-05,2.647986693773418665e-04
6.578563451766967773e-01,7.525820136070251465e-01,-2.907621674239635468e-02,-2.687860745936632156e-03,2.882199361920356750e-03,1.378669869154691696e-02
1.404741555452346802e-01,-7.195243239402770996e-01,6.801115870475769043e-01,2.354414202272891998e-02,-8.346584625542163849e-03,-1.369321532547473907e-02
1.376547366380691528e-01,9.645302295684814453e-01,-2.252390533685684204e-01,1.603311626240611076e-03,1.486668363213539124e-03,7.346151396632194519e-03
6.421385705471038818e-02,5.231279134750366211e-01,-8.498315811157226562e-01,3.969593048095703125e-01,1.364793926477432251e-01,1.140066757798194885e-01
-9.077841043472290039e-01,1.400718539953231812e-01,-3.953579068183898926e-01,-1.313154578208923340e+00,5.984976887702941895e-01,3.227185964584350586e+00
9.497725963592529297e-01,-1.991456449031829834e-01,-2.413979768753051758e-01,-1.786363422870635986e-01,-4.456224739551544189e-01,-3.352146148681640625e-01
9.527363181114196777e-01,-3.020246624946594238e-01,3.278199955821037292e-02,-4.494561254978179932e-01,-1.321322798728942871e+00,8.889346122741699219e-01
4.321783185005187988e-01,6.083847880363464355e-01,-6.656499505043029785e-01,1.020498666912317276e-02,2.357273101806640625e-01,2.220736294984817505e-01
-6.681870222091674805e-01,-2.571551501750946045e-01,-6.981384754180908203e-01,-7.226634025573730469e-02,-2.540253102779388428e-01,1.627346873283386230e-01
4.918211698532104492e-01,-8.081544637680053711e-01,-3.240344226360321045e-01,-3.096509724855422974e-02,-1.708977110683917999e-02,-4.376436118036508560e-03
-7.902657389640808105e-01,-1.562904119491577148e-01,5.924975872039794922e-01,-8.544703572988510132e-02,2.110279083251953125e+00,4.426862299442291260e-01
8.577733635902404785e-01,4.531576335430145264e-01,-2.426377832889556885e-01,1.248724665492773056e-02,4.094865918159484863e-02,1.206218674778938293e-01
5.457081794738769531e-01,6.607896089553833008e-01,5.153248906135559082e-01,-2.494605723768472672e-04,-1.104145630961284041e-04,4.057507612742483616e-04
9.986381977796554565e-02,3.223000764846801758e-01,-9.413553476333618164e-01,3.341529369354248047e-01,5.243213176727294922e-01,2.149651199579238892e-01
4.370292425155639648e-01,-8.778995275497436523e-01,1.956982910633087158e-01,1.709094271063804626e-02,4.767226986587047577e-03,-1.678141951560974121e-02
-5.132594108581542969e-01,-6.826304793357849121e-01,5.201734304428100586e-01,-6.398695055395364761e-03,6.731447065249085426e-04,-5.430268123745918274e-03
-5.684137344360351562e-01,7.077124118804931641e-01,-4.195817708969116211e-01,-1.581950634717941284e-01,-2.238720469176769257e-02,1.765485405921936035e-01
-6.223945617675781250e-01,-3.903627693653106689e-01,6.784113049507141113e-01,-8.936361968517303467e-02,1.866655796766281128e-01,2.542391046881675720e-02
9.240599870681762695e-01,1.758936196565628052e-01,3.393737673759460449e-01,-1.824795152060687542e-03,7.665274315513670444e-04,4.571340046823024750e-03
-6.218913793563842773e-01,-2.504682838916778564e-01,7.419681549072265625e-01,-7.182160764932632446e-02,7.367348074913024902e-01,1.885033398866653442e-01
7.068488001823425293e-02,-9.698271751403808594e-01,-2.333215922117233276e-01,-1.258635311387479305e-03,-3.192052827216684818e-05,-2.486228768248111010e-04
9.706425666809082031e-01,1.566621661186218262e-01,1.825103759765625000e-01,-3.010319778695702553e-03,2.669307636097073555e-03,1.371848024427890778e-02
8.679119348526000977e-01,-9.195117652416229248e-02,-4.881330430507659912e-01,-7.473162412643432617e-01,-1.534635066986083984e+00,-1.039661526679992676e+00
-6.708587408065795898e-01,-6.241217851638793945e-01,-4.005253314971923828e-01,5.461343098431825638e-03,-2.633279561996459961e-02,3.188582882285118103e-02
1.647232472896575928e-01,6.131308078765869141e-01,-7.726169228553771973e-01,1.008638143539428711e-01,1.170426234602928162e-01,1.143866255879402161e-01
1.612339019775390625e-01,7.254302501678466797e-01,-6.691446304321289062e-01,5.395169556140899658e-02,4.724173620343208313e-02,6.421545147895812988e-02
-9.388185739517211914e-01,-1.522389054298400879e-01,-3.089383542537689209e-01,-3.244111537933349609e-01,-1.625655144453048706e-01,1.065947413444519043e+00
7.309343814849853516e-01,-6.728414297103881836e-01,-1.141020283102989197e-01,-9.324131160974502563e-02,-1.097568497061729431e-01,4.991737380623817444e-02
-3.851055502891540527e-01,4.652465134859085083e-02,-9.216991066932678223e-01,-3.586353659629821777e-01,-8.873492479324340820e-01,1.050547286868095398e-01
-8.818929195404052734e-01,-4.504553377628326416e-01,-1.391220688819885254e-01,8.040735125541687012e-02,-1.813554167747497559e-01,7.749915868043899536e-02
9.111514687538146973e-01,-2.989988029003143311e-01,2.835536599159240723e-01,1.869719624519348145e-01,8.444540500640869141e-01,2.896487712860107422e-01
6.209064722061157227e-01,4.027343094348907471e-01,6.725177764892578125e-01,-1.802003534976392984e-04,-4.295104372431524098e-05,1.920922222780063748e-04
3.086807429790496826e-01,7.210934162139892578e-01,6.202745437622070312e-01,-4.837247615796513855e-05,-4.942197119817137718e-05,8.152761438395828009e-05
1.933394968509674072e-01,4.461435135453939438e-03,-9.811217784881591797e-01,8.858394622802734375e+00,1.288481593132019043e+00,1.751491069793701172e+00
5.223060250282287598e-01,8.527211546897888184e-01,7.943621836602687836e-03,-1.606708159670233727e-03,9.218353079631924629e-04,6.687739863991737366e-03
7.538529634475708008e-01,1.497328281402587891e-01,-6.397544741630554199e-01,1.499293208122253418e+00,8.324825763702392578e-01,1.961528420448303223e+00
-5.708600878715515137e-01,-1.718803942203521729e-01,-8.028548359870910645e-01,-6.567160785198211670e-02,-3.571109473705291748e-01,1.231476292014122009e-01
-5.920197963714599609e-01,-8.039463162422180176e-01,5.641772970557212830e-02,6.366260349750518799e-03,-4.998229909688234329e-03,-4.419825039803981781e-03
7.332623600959777832e-01,1.448564678430557251e-01,6.643364429473876953e-01,-2.842256508301943541e-04,3.848586129606701434e-05,3.053227555938065052e-04
3.056820034980773926e-01,1.904216557741165161e-01,-9.328976869583129883e-01,2.712140798568725586e+00,5.213597774505615234e+00,1.952877044677734375e+00
1.635123938322067261e-01,-5.641844868659973145e-01,8.092957139015197754e-01,5.667228996753692627e-02,-1.502726692706346512e-02,-2.192619442939758301e-02
-9.737529605627059937e-02,2.969771623611450195e-01,-9.499066472053527832e-01,1.135225772857666016e+00,1.239204287528991699e+00,2.710502743721008301e-01
-6.221323609352111816e-01,3.379739224910736084e-01,7.062046527862548828e-01,2.490699589252471924e-01,3.565251529216766357e-01,4.879361018538475037e-02
-1.815680712461471558e-01,9.162075519561767578e-01,3.572068214416503906e-01,-1.835787203162908554e-03,-4.325147892814129591e-04,1.762368046911433339e-04
-4.200267195701599121e-01,-5.895568132400512695e-01,6.899277567863464355e-01,3.059323690831661224e-02,-3.004182502627372742e-02,-7.046223618090152740e-03
-1.077252179384231567e-01,5.490057468414306641e-01,-8.288473486900329590e-01,4.422984123229980469e-01,2.985973954200744629e-01,1.402972489595413208e-01
5.039348006248474121e-01,4.727106392383575439e-01,-7.229068875312805176e-01,1.931718140840530396e-01,6.668177843093872070e-01,5.706928968429565430e-01
6.411068439483642578e-01,6.382254958152770996e-01,-4.262045323848724365e-01,1.016476284712553024e-02,7.814860343933105469e-02,1.323147118091583252e-01
-6.187056899070739746e-01,7.711965441703796387e-01,1.498636901378631592e-01,-5.356971547007560730e-02,-4.565441235899925232e-02,1.377675030380487442e-02
-7.186313271522521973e-01,-6.606949567794799805e-01,-2.169128060340881348e-01,1.973020099103450775e-02,-2.836255170404911041e-02,2.102344669401645660e-02
-6.588701605796813965e-01,4.496338367462158203e-01,6.030916571617126465e-01,6.128158047795295715e-02,1.814660280942916870e-01,-6.834227591753005981e-02
-2.643555998802185059e-01,6.485233306884765625e-01,7.138162255287170410e-01,3.922124393284320831e-03,2.250718418508768082e-03,-5.923202843405306339e-04
3.032785467803478241e-02,7.104220390319824219e-01,7.031220793724060059e-01,1.668312324909493327e-04,1.596280344529077411e-05,-2.332448821107391268e-05
1.937975920736789703e-02,8.644900918006896973e-01,-5.022761821746826172e-01,2.516132220625877380e-02,1.314054057002067566e-02,2.358759753406047821e-02
-9.843282103538513184e-01,9.770187735557556152e-02,1.468072533607482910e-01,-7.000026702880859375e-01,-5.190316200256347656e+00,-1.239235162734985352e+00
6.589527726173400879e-01,-6.724274754524230957e-01,3.370794057846069336e-01,1.930396854877471924e-01,1.030922308564186096e-01,-1.717161685228347778e-01
-8.253512978553771973e-01,4.499451816082000732e-01,3.410931229591369629e-01,-2.524558305740356445e-01,-1.906346827745437622e-01,-3.594021499156951904e-01
-9.244370460510253906e-01,-9.012531489133834839e-02,3.705314695835113525e-01,-8.391481637954711914e-01,9.905899763107299805e-01,-1.852642655372619629e+00
-5.454471707344055176e-01,-2.635810710489749908e-02,-8.377306461334228516e-01,-3.372321426868438721e-01,-1.049959659576416016e+00,2.526077926158905029e-01
-5.053705573081970215e-01,-4.973197281360626221e-01,-7.051763534545898438e-01,1.110134297050535679e-03,-2.430491894483566284e-02,1.634525321424007416e-02
9.030215740203857422e-01,4.175989329814910889e-01,1.008127406239509583e-01,-3.366252174600958824e-03,3.029098967090249062e-03,1.760541088879108429e-02
-7.687419056892395020e-01,-4.969471991062164307e-01,-4.025907218456268311e-01,-7.690165657550096512e-03,-6.762040406465530396e-02,9.815309196710586548e-02
-6.109694242477416992e-01,-7.337200641632080078e-01,-2.972728610038757324e-01,8.165504783391952515e-03,-1.149489823728799820e-02,1.158923096954822540e-02
-5.972259640693664551e-01,-1.105057895183563232e-01,7.944240570068359375e-01,8.128700256347656250e-01,2.273354768753051758e+00,9.273208379745483398e-01
6.247743964195251465e-01,-7.794607281684875488e-01,-4.580282047390937805e-02,-3.068824298679828644e-02,-2.562396414577960968e-02,1.745839603245258331e-02
-2.187604308128356934e-01,-3.187345564365386963e-01,9.222538471221923828e-01,2.193132191896438599e-01,-1.426132321357727051e-01,2.733832225203514099e-03
4.102562963962554932e-01,-6.165321469306945801e-01,6.719954609870910645e-01,1.697573512792587280e-01,-1.033244188874959946e-02,-1.131172925233840942e-01
8.125720024108886719e-01,4.270668327808380127e-01,-3.966619372367858887e-01,7.247823476791381836e-02,1.244792342185974121e-01,2.824942767620086670e-01
-8.786366581916809082e-01,3.043822348117828369e-01,3.678981959819793701e-01,-3.811495006084442139e-01,2.370773069560527802e-02,-9.298988580703735352e-01
-9.866693019866943359e-01,-6.205789744853973389e-02,1.504413038492202759e-01,3.172548115253448486e-02,-2.820010423660278320e+00,-9.551989436149597168e-01
-7.837305665016174316e-01,5.201701074838638306e-02,6.189189553260803223e-01,5.258596539497375488e-01,2.545448780059814453e+00,4.519584178924560547e-01
3.687140345573425293e-01,-9.180578589439392090e-01,-1.456702798604965210e-01,-7.564979605376720428e-03,-2.984053222462534904e-03,-3.417355765122920275e-04
4.989008903503417969e-01,8.478741049766540527e-01,1.794643551111221313e-01,-7.966732955537736416e-04,-4.791341416421346366e-05,2.441072603687644005e-03
-7.159449458122253418e-01,-6.581073999404907227e-02,6.950480937957763672e-01,1.293542027473449707e+00,4.157042503356933594e+00,1.726042985916137695e+00
-2.679064273834228516e-01,-5.889823436737060547e-01,7.624473571777343750e-01,3.594749793410301208e-02,-1.847264356911182404e-02,-1.638793852180242538e-03
-1.137446835637092590e-01,7.990896701812744141e-01,-5.903539657592773438e-01,5.025285482406616211e-02,3.789871186017990112e-02,4.161651432514190674e-02
-5.086161494255065918e-01,6.478587388992309570e-01,-5.670879483222961426e-01,-2.428966760635375977e-01,-3.173895552754402161e-02,1.815923005342483521e-01
-3.941981792449951172e-01,3.302926421165466309e-01,-8.576214313507080078e-01,-1.150183677673339844e+00,-4.870133101940155029e-01,3.411101400852203369e-01
8.925240635871887207e-01,-2.222630679607391357e-01,-3.924282789230346680e-01,-6.463484168052673340e-01,-1.115442991256713867e+00,-8.382671475410461426e-01
-8.747506737709045410e-01,-2.615999877452850342e-01,-4.078930318355560303e-01,-1.940203309059143066e-01,-1.809989809989929199e-01,5.321707725524902344e-01
6.462529897689819336e-01,-5.994566082954406738e-01,4.722380340099334717e-01,2.758689820766448975e-01,1.733192615211009979e-02,-3.555228710174560547e-01
-5.516956448554992676e-01,-7.977910041809082031e-01,2.432311624288558960e-01,-1.458384911529719830e-03,-1.018961076624691486e-03,-6.650063674896955490e-03
-2.741210460662841797e-01,-1.700027734041213989e-01,9.465498924255371094e-01,6.825159192085266113e-01,-1.739297151565551758e+00,-1.147254630923271179e-01
-3.641630709171295166e-01,-2.947136461734771729e-01,8.834756016731262207e-01,3.311846256256103516e-01,-6.699774265289306641e-01,-8.698178082704544067e-02
3.320307731628417969e-01,1.631557755172252655e-02,9.431274533271789551e-01,-1.400520159222651273e-05,2.642059371282812208e-06,4.884866029897239059e-06
6.303089112043380737e-02,-9.084728360176086426e-01,-4.131636917591094971e-01,-1.853307709097862244e-03,-1.129344818764366210e-04,-3.441185253905132413e-05
6.542401313781738281e-01,-3.510605394840240479e-01,-6.698703765869140625e-01,-3.524118661880493164e-01,-7.710615396499633789e-01,5.990309640765190125e-02
7.451817393302917480e-01,-5.120940208435058594e-01,-4.271578192710876465e-01,-2.691043317317962646e-01,-2.508763372898101807e-01,-1.686950176954269409e-01
5.065066218376159668e-01,-8.557122349739074707e-01,-1.058659628033638000e-01,-1.680715382099151611e-02,-1.031233556568622589e-02,2.941991901025176048e-03
8.643563836812973022e-02,-9.838358163833618164e-01,1.568312644958496094e-01,1.907644676975905895e-03,-2.086603344650939107e-04,-2.360345795750617981e-03
-3.580867052078247070e-01,-4.347005188465118408e-01,8.263227939605712891e-01,1.436707675457000732e-01,-1.493729054927825928e-01,-1.632036082446575165e-02
5.177171528339385986e-02,-3.190787136554718018e-01,9.463130831718444824e-01,2.768888324499130249e-02,-9.447370655834674835e-03,-4.700301215052604675e-03
5.631433129310607910e-01,1.615285277366638184e-01,8.104184865951538086e-01,-7.839390309527516365e-05,-2.789960831250937190e-07,5.452994446386583149e-05
2.675087153911590576e-01,8.772987723350524902e-01,-3.984794616699218750e-01,2.567008603364229202e-03,9.434659034013748169e-03,2.249479107558727264e-02
-6.716007590293884277e-01,-6.713458299636840820e-01,3.134440481662750244e-01,-1.681339368224143982e-02,6.413854658603668213e-03,-2.228778414428234100e-02
9.568165987730026245e-02,9.530625939369201660e-01,2.872573137283325195e-01,-3.868242492899298668e-04,-1.289608626393601298e-04,5.567125626839697361e-04
2.660651206970214844e-01,-3.441375494003295898e-01,-9.004324674606323242e-01,2.567673288285732269e-02,-8.278121054172515869e-02,3.922538086771965027e-02
-6.431244611740112305e-01,7.104572057723999023e-01,2.857297360897064209e-01,-5.900097638368606567e-02,-4.328316450119018555e-02,-2.517810463905334473e-02
-9.920043945312500000e-01,1.178057044744491577e-01,-4.526752978563308716e-02,-2.991997301578521729e-01,-2.255707979202270508e+00,6.864125132560729980e-01
6.803513765335083008e-01,-7.173948884010314941e-01,1.498885452747344971e-01,3.880028054118156433e-02,3.552805259823799133e-02,-6.072397343814373016e-03
-1.999123692512512207e-01,-4.701222777366638184e-01,8.596627712249755859e-01,5.968078225851058960e-02,-2.462073042988777161e-02,4.143168334849178791e-04
-6.770343780517578125e-01,-4.382453858852386475e-01,-5.912405252456665039e-01,-1.869030110538005829e-02,-7.622002810239791870e-02,7.789901643991470337e-02
-7.306692004203796387e-01,7.293830811977386475e-02,-6.788243651390075684e-01,-1.210767984390258789e+00,-2.375027894973754883e+00,1.048047780990600586e+00
7.971321344375610352e-01,4.957183599472045898e-01,3.447372317314147949e-01,-1.278735813684761524e-03,7.120361260604113340e-05,2.854418940842151642e-03
-1.177921295166015625e-01,-4.652925208210945129e-02,-9.919475913047790527e-01,4.717793315649032593e-03,-5.486562475562095642e-02,2.013349905610084534e-03
7.311569452285766602e-01,6.540021300315856934e-01,1.941411197185516357e-01,-1.713321311399340630e-03,3.448331262916326523e-04,5.290919449180364609e-03
2.027862668037414551e-01,-3.076425790786743164e-01,9.296417236328125000e-01,3.226345181465148926e-01,1.464534737169742584e-02,-6.553097069263458252e-02
-1.143573820590972900e-01,-6.904128193855285645e-01,-7.143195867538452148e-01,-1.387810771120712161e-04,-4.351492971181869507e-04,4.428036336321383715e-04
-9.650781154632568359e-01,1.391031146049499512e-01,-2.219786345958709717e-01,-6.020656228065490723e-01,4.950475394725799561e-01,2.927772760391235352e+00
9.970112144947052002e-02,8.762474656105041504e-01,4.714340865612030029e-01,-1.583118864800781012e-04,-4.794764026883058250e-05,1.226001040777191520e-04
2.787391841411590576e-01,-9.287125468254089355e-01,2.445351183414459229e-01,8.847512304782867432e-03,1.165861176559701562e-04,-9.642270393669605255e-03
-9.651267528533935547e-01,2.450616806745529175e-01,9.205968677997589111e-02,-9.480581879615783691e-01,-3.468266487121582031e+00,-7.066847085952758789e-01
-8.910408020019531250e-01,-4.511463344097137451e-01,5.013218894600868225e-02,1.083135828375816345e-01,-2.232891023159027100e-01,-8.426212519407272339e-02
7.599700093269348145e-01,-3.387902677059173584e-01,5.546771883964538574e-01,1.353103399276733398e+00,-7.633224129676818848e-01,-2.320132017135620117e+00
3.679495453834533691e-01,7.956446409225463867e-01,-4.812096357345581055e-01,-1.644833246245980263e-03,3.140085563063621521e-02,5.066130682826042175e-02
5.867391228675842285e-01,-5.989364981651306152e-01,-5.449883341789245605e-01,-1.250353902578353882e-01,-9.442709386348724365e-02,-3.083978034555912018e-02
-9.561128020286560059e-01,-2.891302108764648438e-01,-4.745576158165931702e-02,2.049521803855895996e-01,-6.829914450645446777e-01,3.194701299071311951e-02
-1.706021726131439209e-01,-7.858906388282775879e-01,-5.943658947944641113e-01,1.274262176593765616e-04,-4.762646858580410480e-04,5.931577761657536030e-04
1.351904422044754028e-01,-5.938543081283569336e-01,-7.931333780288696289e-01,-3.746363800019025803e-03,-3.768390975892543793e-03,2.182990312576293945e-03
-2.538768947124481201e-01,3.186420202255249023e-01,-9.132435321807861328e-01,-9.340023994445800781e-01,8.828015923500061035e-01,5.676681995391845703e-01
-6.288943886756896973e-01,6.451415419578552246e-01,4.339172542095184326e-01,-3.200772032141685486e-02,8.757318719290196896e-04,-4.769214987754821777e-02
-7.873241901397705078e-01,-3.723335564136505127e-01,-4.914146065711975098e-01,-6.771969795227050781e-02,-1.291245818138122559e-01,2.063324302434921265e-01
-9.740291237831115723e-01,-1.733473837375640869e-01,-1.456636786460876465e-01,4.523232951760292053e-02,-7.286429405212402344e-01,5.646619796752929688e-01
-6.765341758728027344e-01,-5.823402479290962219e-02,-7.341051101684570312e-01,-4.009483158588409424e-01,-1.118568062782287598e+00,4.582367539405822754e-01
9.809510707855224609e-01,1.882514506578445435e-01,-4.791967570781707764e-02,3.127579402644187212e-04,1.339279022067785263e-02,5.901568755507469177e-02
3.872540295124053955e-01,8.485046625137329102e-01,3.606579303741455078e-01,-2.584343019407242537e-04,-1.389561366522684693e-04,6.044082692824304104e-04
2.890407443046569824e-01,9.293389320373535156e-01,-2.297491282224655151e-01,-1.310407533310353756e-04,2.596558770164847374e-03,1.033826358616352081e-02
-7.876676321029663086e-01,-6.087835431098937988e-01,9.466905891895294189e-02,3.085917048156261444e-02,-4.567633196711540222e-02,-3.697331994771957397e-02
-4.884638488292694092e-01,-4.565951228141784668e-01,7.435885667800903320e-01,4.989001154899597168e-02,-1.032332181930541992e-01,-3.061681985855102539e-02
-9.815182089805603027e-01,-1.829193085432052612e-01,5.623574554920196533e-02,2.765428721904754639e-01,-1.598388433456420898e+00,-3.724367320537567139e-01
-8.918789774179458618e-02,-8.997489213943481445e-01,-4.271970689296722412e-01,-3.573146241251379251e-04,-7.292602822417393327e-05,2.281927154399454594e-04
-2.380859553813934326e-01,4.689427912235260010e-01,-8.505337834358215332e-01,-3.461776673793792725e-02,5.558305382728576660e-01,3.161482214927673340e-01
4.199819266796112061e-01,7.435959577560424805e-01,5.202694535255432129e-01,-1.427097158739343286e-04,-9.337405208498239517e-05,2.486558805685490370e-04
7.541702985763549805e-01,-5.548149347305297852e-01,3.512940108776092529e-01,4.914787113666534424e-01,4.324177801609039307e-01,-3.721862137317657471e-01
-4.760313928127288818e-01,-8.701533675193786621e-01,1.273862421512603760e-01,1.713847741484642029e-03,-1.315632835030555725e-03,-2.582358196377754211e-03
-2.519524991512298584e-01,8.452149629592895508e-01,4.713084399700164795e-01,-1.448061317205429077e-03,1.155271238530986011e-04,-9.812848875299096107e-04
-3.605210483074188232e-01,-8.696894049644470215e-01,3.371422588825225830e-01,3.961393085774034262e-04,-8.812547894194722176e-04,-1.849668333306908607e-03
7.753576636314392090e-01,6.294602155685424805e-01,5.099344626069068909e-02,-2.881994703784584999e-03,2.406331477686762810e-03,1.411724276840686798e-02
5.701285600662231445e-01,5.673977136611938477e-01,-5.941492319107055664e-01,5.607103928923606873e-02,2.495613843202590942e-01,2.921290397644042969e-01
-7.714412808418273926e-01,-2.237355113029479980e-01,-5.956683158874511719e-01,-1.961173564195632935e-01,-3.354565203189849854e-01,3.799875974655151367e-01
-6.707985401153564453e-01,6.714004278182983398e-01,-3.150408565998077393e-01,-1.700088828802108765e-01,-3.426408767700195312e-02,2.889682054519653320e-01
-3.824445009231567383e-01,-9.072811603546142578e-01,-1.748631298542022705e-01,2.044436754658818245e-03,-1.008638995699584484e-03,7.619416574016213417e-04
-5.058311223983764648e-01,4.347544908523559570e-01,7.450660467147827148e-01,8.687074482440948486e-02,8.207667618989944458e-02,1.108454726636409760e-02
7.501056790351867676e-01,2.841220200061798096e-01,5.971734523773193359e-01,-4.098010540474206209e-04,3.124197064607869834e-06,5.132619990035891533e-04
-8.331008553504943848e-01,1.865094006061553955e-01,5.207275152206420898e-01,-3.559881448745727539e-01,1.264809846878051758e+00,-1.022555828094482422e+00
9.487636685371398926e-01,-2.913791835308074951e-01,-1.222525238990783691e-01,-1.842783391475677490e-01,-7.176851630210876465e-01,2.804188728332519531e-01
-2.213023304939270020e-01,-7.030567526817321777e-01,6.758227944374084473e-01,1.264360640197992325e-02,-5.165217909961938858e-03,-1.233136514201760292e-03
5.388092994689941406e-01,7.771944403648376465e-01,-3.250435888767242432e-01,-3.856037743389606476e-03,2.092828601598739624e-02,4.364854842424392700e-02
1.395515073090791702e-02,1.995627135038375854e-01,-9.797856807708740234e-01,1.822652101516723633e+00,3.451040387153625488e-01,9.625093638896942139e-02
-4.214018583297729492e-01,-4.153903722763061523e-01,-8.061459660530090332e-01,2.759316703304648399e-03,-2.166060172021389008e-02,9.718864224851131439e-03
3.268636167049407959e-01,5.394146442413330078e-01,7.760102748870849609e-01,-1.954871549969539046e-05,-2.448320265102665871e-05,2.525271156628150493e-05
-2.892248146235942841e-02,-2.935263812541961670e-01,-9.555133581161499023e-01,-1.878198963822796941e-04,-7.075160974636673927e-04,2.230286336271092296e-04
5.013597607612609863e-01,-3.741011023521423340e-01,-7.801837921142578125e-01,9.834383614361286163e-03,-3.782739639282226562e-01,1.877035498619079590e-01
3.974196314811706543e-01,1.539793461561203003e-01,9.046258926391601562e-01,-2.373487586737610400e-05,-2.911593355747754686e-06,1.092278125724988058e-05
5.280973315238952637e-01,2.759789228439331055e-01,-8.030870556831359863e-01,1.893142819404602051e+00,2.190638780593872070e+00,1.997708559036254883e+00
-7.424762248992919922e-01,-3.032957911491394043e-01,5.972778201103210449e-01,-2.041946798563003540e-01,8.671320080757141113e-01,1.864924281835556030e-01
3.715845644474029541e-01,-4.686562418937683105e-01,-8.014276027679443359e-01,-1.666340231895446777e-02,-8.206967264413833618e-02,4.026639834046363831e-02
8.313866257667541504e-01,-3.641456067562103271e-01,-4.197548925876617432e-01,-5.270084738731384277e-01,-6.192780733108520508e-01,-5.065823197364807129e-01
3.082034923136234283e-02,5.723116397857666016e-01,8.194568157196044922e-01,2.421630488242954016e-04,-1.777809302438981831e-05,3.308362693132949062e-06
6.998780369758605957e-01,-6.307151913642883301e-01,-3.352150917053222656e-01,-1.277880221605300903e-01,-1.174233332276344299e-01,-4.586710035800933838e-02
6.580544114112854004e-01,-4.526127576828002930e-01,6.017524600028991699e-01,4.490981996059417725e-02,-5.169428586959838867e-01,-4.379343092441558838e-01
2.251340746879577637e-01,4.919637739658355713e-01,-8.410031199455261230e-01,4.053458943963050842e-02,4.255544245243072510e-01,2.597886919975280762e-01
2.656333148479461670e-01,-6.428379416465759277e-01,7.184693813323974609e-01,8.178028464317321777e-02,-1.458714064210653305e-02,-4.328748956322669983e-02
-2.125806957483291626e-01,7.695181965827941895e-01,6.022052764892578125e-01,5.418969667516648769e-04,7.306040497496724129e-04,-7.422987837344408035e-04
4.968507885932922363e-01,3.012229204177856445e-01,8.138821125030517578e-01,-5.622530079563148320e-05,-1.527854328742250800e-05,3.997855674242600799e-05
7.186373472213745117e-01,4.335188865661621094e-01,5.437110662460327148e-01,-4.531976883299648762e-04,-5.855334893567487597e-05,6.456899573095142841e-04
-3.767121136188507080e-01,5.036284923553466797e-01,-7.774614691734313965e-01,-3.908464312553405762e-01,1.353128850460052490e-01,2.770349383354187012e-01
3.896731436252593994e-01,3.025282323360443115e-01,-8.698456287384033203e-01,1.007003545761108398e+00,2.519119501113891602e+00,1.327255129814147949e+00
9.037437438964843750e-01,2.683303952217102051e-01,-3.335357010364532471e-01,8.015549182891845703e-02,9.628383070230484009e-02,2.946488261222839355e-01
8.155946135520935059e-01,2.364759519696235657e-02,-5.781402587890625000e-01,1.044565081596374512e+00,4.097160398960113525e-01,1.490348577499389648e+00
-1.005981862545013428e-01,-4.936225712299346924e-01,-8.638383746147155762e-01,2.152828164980746806e-05,-5.826763226650655270e-04,3.304512647446244955e-04
-1.692059040069580078e-01,-3.491758108139038086e-01,-9.216537475585937500e-01,8.813298190943896770e-04,-1.754241529852151871e-03,5.028054001741111279e-04
2.907793223857879639e-01,9.556974172592163086e-01,-4.571457952260971069e-02,-4.999060765840113163e-04,3.515383577905595303e-04,4.169390536844730377e-03
-9.568743109703063965e-01,4.826338589191436768e-02,2.864651083946228027e-01,-5.011397600173950195e-01,-5.658204667270183563e-03,-1.672994732856750488e+00
3.033012747764587402e-01,9.202265739440917969e-01,2.473690360784530640e-01,-3.094472340308129787e-04,-1.455993478884920478e-04,9.210536372847855091e-04
-5.450518727302551270e-01,2.648403048515319824e-01,-7.954734563827514648e-01,-1.783070564270019531e+00,-1.791014194488525391e+00,6.254554390907287598e-01
9.025101661682128906e-01,-4.284508228302001953e-01,-4.364895820617675781e-02,-3.202246427536010742e-01,-7.198826670646667480e-01,4.451036751270294189e-01
-4.978467226028442383e-01,-8.336030840873718262e-01,-2.392793446779251099e-01,4.385171458125114441e-03,-3.536117030307650566e-03,3.195323282852768898e-03
-3.374790251255035400e-01,8.782550096511840820e-01,3.387861251831054688e-01,-5.649070255458354950e-03,-1.934736035764217377e-03,-6.117463926784694195e-04
-8.665480017662048340e-01,4.773070216178894043e-01,-1.458511948585510254e-01,-2.393637299537658691e-01,-1.778793931007385254e-01,8.400140404701232910e-01
7.489369511604309082e-01,5.806193947792053223e-01,-3.193345069885253906e-01,9.666544385254383087e-03,5.077649652957916260e-02,1.149936765432357788e-01
7.985232472419738770e-01,2.206183783710002899e-02,6.015595793724060059e-01,-4.319819272495806217e-04,1.476714824093505740e-04,5.680064205080270767e-04
-1.545783877372741699e-01,-2.036233246326446533e-01,-9.667693972587585449e-01,1.856888062320649624e-03,-4.317591898143291473e-03,6.124808569438755512e-04
9.118336439132690430e-01,-3.802576363086700439e-01,1.548017859458923340e-01,-2.239099442958831787e-01,-3.342849314212799072e-01,4.977605640888214111e-01
-6.280184388160705566e-01,-7.642946839332580566e-01,-1.464462727308273315e-01,1.152610871940851212e-02,-1.035076379776000977e-02,4.591609816998243332e-03
-1.481484025716781616e-01,2.805787324905395508e-01,9.483288526535034180e-01,6.096662953495979309e-03,1.334378379397094250e-03,5.576258408837020397e-04
9.605042338371276855e-01,3.339893370866775513e-02,2.762534916400909424e-01,-2.169698011130094528e-03,1.623242511413991451e-03,7.347561419010162354e-03
9.955099821090698242e-01,4.551839083433151245e-02,8.299361914396286011e-02,-2.500383649021387100e-03,5.818896461278200150e-03,2.680073678493499756e-02
6.822491884231567383e-01,-4.596948027610778809e-01,-5.685215592384338379e-01,-3.331241011619567871e-01,-3.447215855121612549e-01,-1.210278049111366272e-01
3.796956688165664673e-02,9.882553219795227051e-01,1.480193436145782471e-01,-6.566231022588908672e-04,-1.752613025018945336e-04,1.338572357781231403e-03
-5.754488706588745117e-01,8.171093463897705078e-01,-3.451107442378997803e-02,-4.244117811322212219e-02,-2.760671079158782959e-02,5.404138937592506409e-02
-2.391669005155563354e-01,3.293016925454139709e-02,-9.704198837280273438e-01,-1.289075314998626709e-01,-5.962678790092468262e-01,1.153646688908338547e-02
-7.749888896942138672e-01,5.399984717369079590e-01,-3.283199071884155273e-01,-3.438016772270202637e-01,-4.200308769941329956e-02,7.424492239952087402e-01
-6.262162923812866211e-01,3.505965173244476318e-01,-6.963728666305541992e-01,-1.635354876518249512e+00,-1.505446314811706543e+00,7.126665711402893066e-01
-8.590873479843139648e-01,-2.271099537611007690e-01,4.586829841136932373e-01,-4.798213243484497070e-01,8.151593208312988281e-01,-4.950644373893737793e-01
5.513487458229064941e-01,-7.109403610229492188e-01,4.365527629852294922e-01,1.161887273192405701e-01,8.009457029402256012e-03,-1.336980760097503662e-01
-5.118006467819213867e-01,3.184302709996700287e-03,8.590983152389526367e-01,9.533117413520812988e-01,1.542429924011230469e+00,5.622103810310363770e-01
4.428753554821014404e-01,1.311807632446289062e-01,-8.869346380233764648e-01,7.491354465484619141e+00,4.319535732269287109e+00,4.379552364349365234e+00
-4.574149549007415771e-01,8.870645761489868164e-01,6.235291063785552979e-02,-1.909736730158329010e-02,-1.098289899528026581e-02,1.615190878510475159e-02
1.812515854835510254e-01,6.868909597396850586e-01,7.037959098815917969e-01,1.775290547811891884e-05,-2.506429518689401448e-05,1.989027805393561721e-05
-5.819585323333740234e-01,-5.626256465911865234e-01,-5.871768593788146973e-01,4.425770021043717861e-05,-2.556522935628890991e-02,2.445242181420326233e-02
-6.566023826599121094e-01,6.487293541431427002e-02,7.514418363571166992e-01,1.807789087295532227e+00,2.946767807006835938e+00,1.325229883193969727e+00
1.593648940324783325e-01,-8.437866568565368652e-01,-5.124713778495788574e-01,-4.377468954771757126e-03,-8.314771112054586411e-04,7.755388651276007295e-06
-7.357740402221679688e-01,3.148097395896911621e-01,5.996093750000000000e-01,1.231534853577613831e-01,6.109881997108459473e-01,-1.696636229753494263e-01
-1.976265162229537964e-01,-9.197070598602294922e-01,3.392384350299835205e-01,1.389531302265822887e-03,-7.525569526478648186e-04,-1.230767695233225822e-03
1.042299494147300720e-01,9.172182679176330566e-01,-3.845084607601165771e-01,7.979182526469230652e-03,5.194991361349821091e-03,1.455523446202278137e-02
-7.937204837799072266e-01,1.710140407085418701e-01,-5.837481617927551270e-01,-1.843973517417907715e+00,-2.232281923294067383e+00,1.853278636932373047e+00
-2.867970466613769531e-01,-1.177696064114570618e-01,-9.507248401641845703e-01,9.350510663352906704e-04,-9.972056746482849121e-02,1.207066699862480164e-02
-1.403202861547470093e-01,-9.724451303482055664e-01,1.861736923456192017e-01,9.208414121530950069e-04,-3.213106247130781412e-04,-9.842647705227136612e-04
1.216274276375770569e-01,-3.051638007164001465e-01,-9.445008039474487305e-01,1.224666484631597996e-03,-1.481103710830211639e-02,4.943083040416240692e-03
-4.839492440223693848e-01,-8.739184141159057617e-01,-4.538340121507644653e-02,3.753614611923694611e-03,-2.061002189293503761e-03,-3.395797102712094784e-04
-5.934788286685943604e-02,7.897593975067138672e-01,6.105390191078186035e-01,1.216950040543451905e-04,1.105328119592741132e-04,-1.311496598646044731e-04
2.257927060127258301e-01,4.177047312259674072e-01,8.800797462463378906e-01,2.728861772993695922e-06,-1.330177292402368039e-05,5.613192115561105311e-06
-2.314484268426895142e-01,-8.581916689872741699e-01,-4.581906199455261230e-01,4.976406344212591648e-04,-5.591113003902137280e-04,7.958402275107800961e-04
-3.998347520828247070e-01,7.624391913414001465e-01,-5.087422728538513184e-01,-6.591524183750152588e-02,2.066655270755290985e-02,8.277706801891326904e-02
3.924953639507293701e-01,9.178328514099121094e-01,5.941604450345039368e-02,-7.744049071334302425e-04,1.201641935040242970e-04,3.259383607655763626e-03
5.717764496803283691e-01,-7.813411951065063477e-01,2.501551210880279541e-01,5.933883041143417358e-02,2.736803703010082245e-02,-5.014796182513237000e-02
3.715537190437316895e-01,4.507666528224945068e-01,-8.116386532783508301e-01,1.064053475856781006e-01,8.640205264091491699e-01,5.285689234733581543e-01
-3.735575377941131592e-01,-5.375375226140022278e-02,9.260482192039489746e-01,-2.488107204437255859e+00,-2.028311729431152344e+00,-1.121410965919494629e+00
-1.869711726903915405e-01,9.524071812629699707e-01,-2.407536804676055908e-01,-2.474575769156217575e-03,2.821263624355196953e-03,1.308252569288015366e-02
-2.517244517803192139e-01,-4.563933908939361572e-01,-8.534283041954040527e-01,1.279120566323399544e-03,-3.168963594362139702e-03,1.317401882261037827e-03
-9.075294137001037598e-01,3.898395597934722900e-01,1.562542170286178589e-01,-6.217747926712036133e-01,-1.316056013107299805e+00,-3.278518021106719971e-01
5.667846202850341797e-01,8.128892779350280762e-01,-1.340384483337402344e-01,-2.874338068068027496e-03,4.809150006622076035e-03,1.701135560870170593e-02
3.971937000751495361e-01,8.630575537681579590e-01,-3.120396435260772705e-01,-2.153452020138502121e-03,9.202545508742332458e-03,2.271182276308536530e-02
1.611335426568984985e-01,-9.239112138748168945e-01,3.470216691493988037e-01,6.953075062483549118e-03,-1.493880758062005043e-03,-7.205851376056671143e-03
1.812031269073486328e-01,-1.612770110368728638e-01,9.701315164566040039e-01,6.567848324775695801e-01,2.125638574361801147e-01,-8.733846992254257202e-02
-4.053128883242607117e-02,4.273419976234436035e-01,-9.031810760498046875e-01,1.087625741958618164e+00,4.136456251144409180e-01,1.469088196754455566e-01
9.609640240669250488e-01,1.604261100292205811e-01,-2.254143208265304565e-01,3.374470025300979614e-02,4.570140689611434937e-02,1.763825118541717529e-01
8.438047170639038086e-01,-4.704851806163787842e-01,2.581421732902526855e-01,3.140652775764465332e-01,5.840383768081665039e-01,3.785372152924537659e-02
-6.640708446502685547e-01,-5.890493392944335938e-01,4.604680240154266357e-01,-4.958402737975120544e-02,4.239495471119880676e-02,-1.727500744163990021e-02
3.738974332809448242e-01,4.075284302234649658e-01,8.331394195556640625e-01,-2.421633507765363902e-05,-1.660806628933642060e-05,1.899164089991245419e-05
3.109560310840606689e-01,5.803046226501464844e-01,-7.526971101760864258e-01,6.676627323031425476e-03,2.760315537452697754e-01,2.155694663524627686e-01
-7.924452424049377441e-01,3.849439918994903564e-01,4.731264710426330566e-01,-1.123533695936203003e-01,2.715217173099517822e-01,-4.090968370437622070e-01
1.629843115806579590e-01,1.590823978185653687e-01,-9.737191200256347656e-01,8.452752232551574707e-01,3.932941675186157227e+00,7.840334773063659668e-01
4.204970002174377441e-01,9.001750349998474121e-01,-1.134334579110145569e-01,-1.519389450550079346e-03,1.815777388401329517e-03,8.777117356657981873e-03
4.176482558250427246e-02,-4.256671071052551270e-01,-9.039154648780822754e-01,-1.044592354446649551e-03,-2.199043054133653641e-03,9.872970404103398323e-04
7.822053879499435425e-02,4.044839143753051758e-01,9.111939072608947754e-01,8.907348819775506854e-05,-2.986059007525909692e-05,5.608851552096894011e-06
1.636030375957489014e-01,-8.419460058212280273e-01,5.141605734825134277e-01,1.340855471789836884e-02,-4.411261994391679764e-03,-1.149003766477108002e-02
7.876583337783813477e-01,-1.648395359516143799e-01,-5.936516523361206055e-01,-9.524971842765808105e-01,-2.150231361389160156e+00,-6.667196154594421387e-01
-9.449142217636108398e-01,2.138578146696090698e-01,2.477941811084747314e-01,-6.957091689109802246e-01,-1.846584439277648926e+00,-1.059261918067932129e+00
-7.986164093017578125e-02,9.955608248710632324e-01,4.980751127004623413e-02,-1.520822988823056221e-03,-2.680202887859195471e-04,2.918738406151533127e-03
5.348996520042419434e-01,1.953090727329254150e-02,-8.446898460388183594e-01,9.887662887573242188e+00,2.510213851928710938e+00,6.319401741027832031e+00
6.328674554824829102e-01,7.597199678421020508e-01,1.493462473154067993e-01,-1.443871995434165001e-03,2.818708017002791166e-04,4.684662446379661560e-03
5.525817275047302246e-01,-2.323228120803833008e-01,-8.004246354103088379e-01,7.885391712188720703e-01,-1.236184358596801758e+00,9.031782150268554688e-01
-2.585175931453704834e-01,1.569265425205230713e-01,9.531750679016113281e-01,6.553602218627929688e-02,5.973178148269653320e-02,7.940528914332389832e-03
9.953506588935852051e-01,3.451011329889297485e-02,-8.992291241884231567e-02,6.558258552104234695e-03,1.763276569545269012e-02,7.935992628335952759e-02
-3.754814341664314270e-02,9.571051597595214844e-01,-2.872974872589111328e-01,3.297979710623621941e-03,3.140202490612864494e-03,1.003026869148015976e-02
-4.265444874763488770e-01,-1.154188439249992371e-01,-8.970720767974853516e-01,-3.725057840347290039e-02,-2.840882837772369385e-01,5.426338687539100647e-02
3.372749686241149902e-01,-2.035605907440185547e-01,9.191347360610961914e-01,1.723195433616638184e+00,9.209944605827331543e-01,-4.283512532711029053e-01
7.264389395713806152e-01,2.996053695678710938e-01,-6.184844970703125000e-01,7.134066224098205566e-01,6.718496084213256836e-01,1.163385868072509766e+00
3.104521334171295166e-01,6.955920457839965820e-01,-6.478975415229797363e-01,5.584946367889642715e-03,9.535430371761322021e-02,1.050498709082603455e-01
-8.313241004943847656e-01,-5.542489290237426758e-01,-4.133266955614089966e-02,6.337717920541763306e-02,-9.471162408590316772e-02,-4.673354327678680420e-03
-7.439612746238708496e-01,6.466439962387084961e-01,1.684432029724121094e-01,-1.405797153711318970e-01,-1.592580378055572510e-01,-9.514247998595237732e-03
5.086576938629150391e-01,2.817247062921524048e-02,8.605077862739562988e-01,-4.714606620837002993e-05,9.644560122978873551e-06,2.755291643552482128e-05
-3.678424060344696045e-01,-5.477433800697326660e-01,-7.514446973800659180e-01,1.761613879352807999e-03,-6.678235251456499100e-03,4.005568102002143860e-03
-8.093440532684326172e-01,-5.356005430221557617e-01,-2.410275340080261230e-01,2.922878228127956390e-02,-7.505543529987335205e-02,6.863775849342346191e-02
9.468261152505874634e-03,-1.480932384729385376e-01,-9.889280796051025391e-01,-2.122884179698303342e-04,-1.733642537146806717e-03,2.575826947577297688e-04
-3.840665817260742188e-01,-7.046870589256286621e-01,5.965810418128967285e-01,9.388513863086700439e-03,-7.547829765826463699e-03,-2.871434669941663742e-03
-5.544723272323608398e-01,-7.395511269569396973e-01,3.816079199314117432e-01,-8.533628657460212708e-03,2.455098088830709457e-03,-7.641323842108249664e-03
