3.705050051212310791e-02,1.942420378327369690e-03,9.993115067481994629e-01,1.460895061492919922e+00,1.083040833473205566e-01,-5.437470227479934692e-02
1.923810690641403198e-01,-9.710357189178466797e-01,-1.417011022567749023e-01,-2.440569549798965454e-02,-5.706951487809419632e-03,5.973558407276868820e-03
1.419500447809696198e-02,9.898126721382141113e-01,-1.416664123535156250e-01,-3.913488239049911499e-02,4.944288637489080429e-03,3.062405437231063843e-02
-1.013909354805946350e-01,-8.439095020294189453e-01,5.268175005912780762e-01,1.678299624472856522e-03,2.399313263595104218e-02,3.875762596726417542e-02
-4.646820425987243652e-01,8.735131621360778809e-01,-1.450701951980590820e-01,-2.524711750447750092e-02,-1.237794291228055954e-02,6.338899955153465271e-03
-2.911173105239868164e-01,7.273367047309875488e-01,-6.214756965637207031e-01,-1.819329410791397095e-01,-1.301636695861816406e-01,-6.711281836032867432e-02
-7.127929329872131348e-01,1.854774355888366699e-01,6.764054298400878906e-01,1.221631646156311035e+00,2.375720500946044922e+00,6.359023451805114746e-01
9.661282300949096680e-01,-2.086001634597778320e-01,1.519282013177871704e-01,-3.974626362323760986e-01,-1.012620091438293457e+00,1.137163043022155762e+00
6.498170644044876099e-02,-7.116993069648742676e-01,-6.994723081588745117e-01,1.148107945919036865e-01,-6.307851523160934448e-02,7.484719157218933105e-02
-2.298546433448791504e-01,4.307887852191925049e-01,8.726900219917297363e-01,-1.636015623807907104e-01,-2.529370188713073730e-01,8.176769316196441650e-02
-3.464494645595550537e-02,-9.971239566802978516e-01,6.740505248308181763e-02,2.921787835657596588e-02,1.589383929967880249e-03,3.852922469377517700e-02
3.602774441242218018e-01,-6.948245763778686523e-01,-6.224298477172851562e-01,3.741142153739929199e-01,7.731967419385910034e-02,1.302336156368255615e-01
-5.946374731138348579e-04,-9.023643136024475098e-01,4.309735298156738281e-01,-3.843013197183609009e-02,8.458179421722888947e-03,1.765655353665351868e-02
8.762111663818359375e-01,-2.017445266246795654e-01,4.376678168773651123e-01,1.251018404960632324e+00,2.033170223236083984e+00,-1.567342519760131836e+00
-1.043759658932685852e-01,-8.150923997163772583e-02,9.911921620368957520e-01,1.636487960815429688e+00,-1.041968941688537598e+00,8.664305508136749268e-02
-9.276938438415527344e-01,2.849396169185638428e-01,-2.412333488464355469e-01,-3.154751956462860107e-01,1.392455458641052246e+00,2.857938766479492188e+00
-2.030586451292037964e-01,-5.877587199211120605e-01,-7.831391096115112305e-01,-2.783145941793918610e-02,8.635459095239639282e-02,-5.759416893124580383e-02
3.321694433689117432e-01,-1.584737002849578857e-01,-9.298115372657775879e-01,1.007979774475097656e+01,2.595775604248046875e+00,3.158530950546264648e+00
-7.585234045982360840e-01,6.277503371238708496e-01,-1.748478710651397705e-01,-3.092569112777709961e-02,6.041141971945762634e-02,3.510546088218688965e-01
5.395745038986206055e-01,-2.906936407089233398e-01,7.901623845100402832e-01,9.811984300613403320e-01,8.677690625190734863e-01,-3.507819473743438721e-01
5.316947698593139648e-01,-8.451604247093200684e-01,5.481386929750442505e-02,-4.368041455745697021e-02,-2.686342783272266388e-02,9.500179439783096313e-03
6.002862453460693359e-01,-7.683727741241455078e-01,-2.219455093145370483e-01,3.568200394511222839e-02,1.964435353875160217e-02,2.849902212619781494e-02
-5.718665122985839844e-01,-5.611401200294494629e-01,5.984065532684326172e-01,-1.010911390185356140e-01,2.864320874214172363e-01,1.719865947961807251e-01
-7.271836996078491211e-01,5.229789018630981445e-01,4.446312785148620605e-01,7.352199405431747437e-02,1.180755943059921265e-01,-1.863802038133144379e-02
3.050564527511596680e-01,2.903647422790527344e-01,9.069889187812805176e-01,2.213611453771591187e-01,-2.715710401535034180e-01,1.248858775943517685e-02
2.791371941566467285e-01,-4.299798011779785156e-01,8.586034178733825684e-01,2.723372936248779297e+00,4.574126601219177246e-01,-6.563174724578857422e-01
-1.353738643229007721e-02,-8.120415210723876953e-01,-5.834426879882812500e-01,-9.364645183086395264e-02,-1.287431805394589901e-03,3.964701667428016663e-03
-3.244451582431793213e-01,-9.340457916259765625e-01,1.493110060691833496e-01,2.756805717945098877e-02,-1.373238582164049149e-02,-2.600179985165596008e-02
9.256657958030700684e-01,3.251992762088775635e-01,-1.933603286743164062e-01,7.203590124845504761e-03,-7.389607280492782593e-02,-8.979521691799163818e-02
9.143033027648925781e-01,3.793140128254890442e-02,-4.032501578330993652e-01,-2.083222419023513794e-01,-1.159572362899780273e+00,-5.814105868339538574e-01
-8.599713444709777832e-01,2.820242345333099365e-01,-4.253371059894561768e-01,-1.415414333343505859e+00,-1.248498186469078064e-01,2.778984069824218750e+00
4.390072822570800781e-01,-8.318016529083251953e-01,3.396742939949035645e-01,1.121232286095619202e-01,4.384387657046318054e-02,-3.754627704620361328e-02
-6.666430234909057617e-01,4.535853862762451172e-01,-5.914789438247680664e-01,-1.304917454719543457e+00,-1.280058383941650391e+00,4.891102015972137451e-01
6.484028100967407227e-01,2.589713335037231445e-01,7.158963680267333984e-01,9.029515087604522705e-02,5.566817894577980042e-02,-1.019199118018150330e-01
-8.984684348106384277e-01,4.390370249748229980e-01,-9.930569212883710861e-04,-5.927560329437255859e-01,-1.212525367736816406e+00,2.306753247976303101e-01
8.265188336372375488e-02,-9.957685470581054688e-01,-4.016979783773422241e-02,-9.694954752922058105e-02,-6.763589102774858475e-03,-3.181726858019828796e-02
-1.175865978002548218e-01,-5.830715298652648926e-01,8.038662672042846680e-01,1.889284551143646240e-01,1.286662667989730835e-01,1.209617778658866882e-01
9.718186855316162109e-01,4.905160982161760330e-03,-2.356785684823989868e-01,-8.698226511478424072e-02,-6.597654521465301514e-02,-3.600438237190246582e-01
8.576276898384094238e-01,-5.062016844749450684e-01,9.074473381042480469e-02,-4.407263994216918945e-01,-6.333448886871337891e-01,6.323115825653076172e-01
3.536252081394195557e-01,-8.726266026496887207e-01,-3.368561267852783203e-01,-6.793771404772996902e-03,-2.346469322219491005e-03,-1.053438987582921982e-03
9.250213503837585449e-01,3.767819702625274658e-01,-4.869101196527481079e-02,-1.497611170634627342e-03,1.307487860321998596e-02,7.272504270076751709e-02
-5.102928280830383301e-01,6.882212162017822266e-01,5.157061815261840820e-01,5.366975441575050354e-02,2.041436918079853058e-02,2.586296014487743378e-02
6.706860661506652832e-01,2.573183551430702209e-02,7.412949204444885254e-01,-8.965967595577239990e-02,-3.359182178974151611e-01,9.277991950511932373e-02
-3.948388397693634033e-01,6.274363398551940918e-01,-6.711377501487731934e-01,-2.778677344322204590e-01,-1.479293853044509888e-01,2.517619915306568146e-02
2.493767440319061279e-01,3.520388901233673096e-01,-9.021528959274291992e-01,3.050998210906982422e+00,2.423760414123535156e+00,1.789171099662780762e+00
-3.009955883026123047e-01,8.783077001571655273e-01,-3.714528381824493408e-01,5.398232489824295044e-02,2.133649028837680817e-02,6.707614287734031677e-03
-4.936957955360412598e-01,4.072210192680358887e-01,-7.683979868888854980e-01,-1.144500613212585449e+00,-1.167944669723510742e+00,1.163765862584114075e-01
2.222986072301864624e-01,-9.713057875633239746e-01,8.454845845699310303e-02,-3.205766528844833374e-02,-1.272961590439081192e-02,-6.195234507322311401e-02
-9.283261299133300781e-01,-3.404527902603149414e-01,1.493403464555740356e-01,-7.474840153008699417e-03,-1.542625855654478073e-02,-8.163233846426010132e-02
-9.534805417060852051e-01,-1.766917705535888672e-01,2.442434728145599365e-01,-2.209893614053726196e-01,-7.619530707597732544e-02,-9.178223609924316406e-01
8.560286760330200195e-01,1.446641832590103149e-01,-4.962732791900634766e-01,-5.255928263068199158e-03,-1.210775256156921387e+00,-3.620082437992095947e-01
-4.388422369956970215e-01,1.859308630228042603e-01,-8.791173100471496582e-01,-1.620110154151916504e+00,-2.115055322647094727e+00,3.614064455032348633e-01
-6.476216912269592285e-01,5.738235116004943848e-01,-5.013110041618347168e-01,-6.644820570945739746e-01,-5.134869813919067383e-01,2.706544995307922363e-01
-8.994750976562500000e-01,8.879601210355758667e-02,4.278549849987030029e-01,-1.000533580780029297e+00,1.599013090133666992e+00,-2.435266733169555664e+00
3.230759203433990479e-01,-8.405719399452209473e-01,4.348111748695373535e-01,1.010345220565795898e-01,1.104978751391172409e-02,-5.370993539690971375e-02
-9.294462800025939941e-01,-3.086231350898742676e-01,-2.021915763616561890e-01,-3.368744626641273499e-02,-1.145623326301574707e-01,3.297231793403625488e-01
3.427640199661254883e-01,2.874062210321426392e-02,-9.389817714691162109e-01,1.384622955322265625e+01,5.025190830230712891e+00,5.208212375640869141e+00
-8.592187166213989258e-01,-4.491298794746398926e-01,2.450012713670730591e-01,-4.772068187594413757e-02,1.163405030965805054e-01,4.591605067253112793e-02
-8.810005187988281250e-01,-1.131873875856399536e-01,-4.593763351440429688e-01,-6.745666265487670898e-01,-4.146444424986839294e-02,1.303912997245788574e+00
4.847505092620849609e-01,-1.673533618450164795e-01,8.584927320480346680e-01,2.704442739486694336e+00,1.711052417755126953e+00,-1.193521618843078613e+00
1.890828758478164673e-01,-4.689391255378723145e-01,-8.627536296844482422e-01,9.172969460487365723e-01,5.428126454353332520e-02,1.715327948331832886e-01
-3.517622947692871094e-01,-7.834312915802001953e-01,-5.123462677001953125e-01,5.239363759756088257e-02,-5.427392572164535522e-02,4.701856151223182678e-02
8.966909646987915039e-01,4.603682458400726318e-02,4.402566850185394287e-01,2.190954685211181641e-01,7.749689221382141113e-01,-5.272788405418395996e-01
1.397407203912734985e-01,9.899812936782836914e-01,-2.023634687066078186e-02,-2.383178472518920898e-02,2.321123145520687103e-03,-5.101722106337547302e-02
-9.514188766479492188e-01,3.045283854007720947e-01,-4.543806239962577820e-02,-6.881734728813171387e-01,-2.037318468093872070e+00,7.553105950355529785e-01
-3.155303001403808594e-01,-6.773383021354675293e-01,-6.645701527595520020e-01,2.761880634352564812e-03,-1.953912153840065002e-02,1.860321126878261566e-02
2.124429047107696533e-01,-7.126151919364929199e-01,-6.686161160469055176e-01,2.620724439620971680e-01,-5.333667248487472534e-02,1.401161998510360718e-01
-4.401412606239318848e-01,8.328548073768615723e-01,-3.356017470359802246e-01,-1.402733922004699707e-01,-6.763429939746856689e-02,1.612195186316967010e-02
7.630820870399475098e-01,-3.175297379493713379e-01,-5.629214644432067871e-01,-9.541163444519042969e-01,-1.536243557929992676e+00,-4.268198311328887939e-01
7.791314125061035156e-01,-5.960577726364135742e-01,1.940860450267791748e-01,1.706154197454452515e-01,3.182938396930694580e-01,2.926005721092224121e-01
4.022793099284172058e-02,3.281601006165146828e-03,-9.991851449012756348e-01,1.767918229103088379e+00,3.922223567962646484e+00,8.405935764312744141e-02
6.758670210838317871e-01,-2.063824236392974854e-01,-7.075380682945251465e-01,2.388705909252166748e-01,-2.189978599548339844e+00,8.669749498367309570e-01
-3.126608431339263916e-01,-3.035921454429626465e-01,-9.000416398048400879e-01,-6.655795872211456299e-02,-1.838335990905761719e-01,8.512996137142181396e-02
3.770695030689239502e-01,-5.107648372650146484e-01,7.726175785064697266e-01,1.624157309532165527e+00,9.283615350723266602e-01,-1.789316982030868530e-01
-2.481524646282196045e-01,8.216558694839477539e-01,-5.131296515464782715e-01,5.471695587038993835e-02,4.700428340584039688e-03,-1.893480867147445679e-02
-7.984417676925659180e-01,-3.712550997734069824e-01,4.739835262298583984e-01,-2.486829757690429688e-01,1.344672441482543945e-01,-3.135915398597717285e-01
-1.201423779129981995e-01,5.389940142631530762e-01,8.336973190307617188e-01,-1.559235453605651855e-01,-1.746271997690200806e-01,9.042850136756896973e-02
-4.030433595180511475e-01,1.008978262543678284e-01,9.096019268035888672e-01,-1.683232784271240234e+00,-1.236402750015258789e+00,-6.086898446083068848e-01
3.140603005886077881e-02,-1.642272025346755981e-01,9.859224557876586914e-01,1.640588879585266113e+00,8.973279595375061035e-02,-3.731309249997138977e-02
5.298429727554321289e-01,7.749525308609008789e-01,3.445505499839782715e-01,6.731593981385231018e-03,1.400404982268810272e-02,-4.184918478131294250e-02
-8.264296054840087891e-01,5.604313611984252930e-01,5.413764715194702148e-02,-3.978106379508972168e-01,-5.855159759521484375e-01,-1.147023215889930725e-02
6.839727759361267090e-01,4.575255885720252991e-02,-7.280713319778442383e-01,2.217734575271606445e+00,-2.287363290786743164e+00,1.939669013023376465e+00
4.581732153892517090e-01,-5.862528085708618164e-01,-6.681204438209533691e-01,5.882585644721984863e-01,1.464127600193023682e-01,2.749345898628234863e-01
-1.397942006587982178e-01,1.484554111957550049e-01,-9.789885282516479492e-01,-6.584170460700988770e-01,8.752384185791015625e-01,2.267409265041351318e-01
7.665489315986633301e-01,-6.401339769363403320e-01,5.129524692893028259e-02,-2.341776937246322632e-01,-2.728318274021148682e-01,9.474061429500579834e-02
-9.996924400329589844e-01,-2.460061199963092804e-02,3.132175188511610031e-03,9.518206119537353516e-02,-3.905743122100830078e+00,-2.972012758255004883e-01
6.908647418022155762e-01,5.660247802734375000e-01,4.498021006584167480e-01,2.855675760656595230e-03,-1.322211045771837234e-02,1.225240249186754227e-02
-1.922773271799087524e-01,9.801407456398010254e-01,-4.851204901933670044e-02,-1.174664273858070374e-01,-2.462756261229515076e-02,-3.199920430779457092e-02
-7.979072332382202148e-01,4.268067181110382080e-01,-4.256525337696075439e-01,-1.088746786117553711e+00,-6.829920411109924316e-01,1.356067061424255371e+00
4.703555107116699219e-01,-1.313116401433944702e-01,-8.726528286933898926e-01,1.005509471893310547e+01,1.024823188781738281e+00,5.265436649322509766e+00
-3.318323194980621338e-01,9.218981266021728516e-01,-1.999780088663101196e-01,-1.270633935928344727e-01,-6.750322878360748291e-02,-1.003478243947029114e-01
7.459671497344970703e-01,-4.672164022922515869e-01,4.745964407920837402e-01,1.205389738082885742e+00,4.579534828662872314e-01,-1.443790316581726074e+00
-8.763266205787658691e-01,-3.312632739543914795e-01,3.497374355792999268e-01,-3.208304643630981445e-01,4.259856343269348145e-01,-4.004114568233489990e-01
-2.990753650665283203e-01,1.706456691026687622e-01,-9.388471245765686035e-01,-1.099972367286682129e+00,-1.241977930068969727e+00,1.246598064899444580e-01
-2.447622269392013550e-01,5.965303778648376465e-01,-7.643578648567199707e-01,-3.297995328903198242e-01,-1.949257850646972656e-01,-4.651837423443794250e-02
-1.626227051019668579e-02,-6.061239242553710938e-01,-7.952039241790771484e-01,3.797290027141571045e-01,4.392325505614280701e-02,-4.124500602483749390e-02
4.113843441009521484e-01,-2.761873900890350342e-01,-8.686100840568542480e-01,5.481887340545654297e+00,5.675967931747436523e-01,2.415812969207763672e+00
-8.339450359344482422e-01,5.146023631095886230e-01,1.992990225553512573e-01,-2.279593646526336670e-01,-3.090365529060363770e-01,-1.559196710586547852e-01
-5.220421552658081055e-01,5.328690409660339355e-01,-6.659749150276184082e-01,-5.203555822372436523e-01,-3.145284950733184814e-01,1.562296897172927856e-01
-8.000974357128143311e-02,-9.937232732772827148e-01,-7.818214595317840576e-02,-6.720373779535293579e-02,6.672070827335119247e-03,-1.602972857654094696e-02
6.615306138992309570e-01,-3.084055185317993164e-01,6.835665702819824219e-01,-5.720472335815429688e-01,-1.508925914764404297e+00,-1.271775960922241211e-01
8.187205195426940918e-01,-4.946305751800537109e-01,-2.916114926338195801e-01,-5.320730060338973999e-02,-2.764774486422538757e-02,-1.024873480200767517e-01
1.004384714178740978e-03,6.359915733337402344e-01,-7.716953754425048828e-01,2.906655967235565186e-01,3.013517260551452637e-01,2.487368732690811157e-01
2.221088707447052002e-01,9.007496237754821777e-01,3.732528090476989746e-01,4.504494741559028625e-02,-2.930309996008872986e-02,4.391092434525489807e-02
1.909686625003814697e-01,8.212315849959850311e-03,9.815617799758911133e-01,1.017270803451538086e+00,-1.939602345228195190e-01,-1.962932795286178589e-01
1.739557534456253052e-01,8.416757583618164062e-01,-5.111959576606750488e-01,-6.499699503183364868e-02,-3.057547844946384430e-02,-7.245996594429016113e-02
8.999074101448059082e-01,3.597645163536071777e-01,2.464469671249389648e-01,1.917908340692520142e-02,-1.220647525042295456e-02,-5.221384018659591675e-02
-1.090746894478797913e-01,-9.669412374496459961e-01,-2.304936796426773071e-01,-1.595143601298332214e-02,7.825953885912895203e-03,-2.528199553489685059e-02
-7.745422720909118652e-01,-4.961730241775512695e-01,3.922966122627258301e-01,-3.710015490651130676e-02,-4.939074441790580750e-02,-1.357187181711196899e-01
6.535879969596862793e-01,7.189697623252868652e-01,-2.364427745342254639e-01,-4.241422191262245178e-02,2.944851294159889221e-02,-2.769733406603336334e-02
-3.444460034370422363e-01,5.254450440406799316e-01,7.779874205589294434e-01,4.621972143650054932e-02,1.012809574604034424e-01,-4.794085025787353516e-02
-7.638806849718093872e-02,1.144936084747314453e-01,9.904827475547790527e-01,1.337191581726074219e+00,-2.313944250345230103e-01,1.298747211694717407e-01
8.285416960716247559e-01,5.369721055030822754e-01,1.586809456348419189e-01,3.778123110532760620e-02,-5.418308824300765991e-02,-1.391799282282590866e-02
3.660332858562469482e-01,-9.285471439361572266e-01,6.180500984191894531e-02,-2.320847287774085999e-02,-1.201889570802450180e-02,-4.312009736895561218e-02
1.319794654846191406e-01,-4.369097054004669189e-01,8.897703886032104492e-01,1.077048897743225098e+00,-2.986721992492675781e-01,-3.064173758029937744e-01
-5.682430267333984375e-01,1.766651272773742676e-01,8.036723732948303223e-01,1.595476746559143066e+00,1.990263700485229492e+00,6.905903220176696777e-01
2.579154968261718750e-01,1.563222557306289673e-01,9.534374475479125977e-01,3.547166883945465088e-01,-3.754066228866577148e-01,-3.440448641777038574e-02
2.523912787437438965e-01,8.166622519493103027e-01,5.190003514289855957e-01,3.050355240702629089e-03,-5.911269690841436386e-03,7.818159647285938263e-03
-5.875143408775329590e-01,7.743260860443115234e-01,-2.350447028875350952e-01,-1.009007096290588379e-01,-4.164784774184226990e-02,1.150061860680580139e-01
1.128101572394371033e-01,7.883272767066955566e-01,6.048254966735839844e-01,-4.057591408491134644e-02,1.978318393230438232e-02,-1.821723580360412598e-02
-3.347399234771728516e-01,9.422509074211120605e-01,-1.059993542730808258e-02,2.381470799446105957e-02,8.436292409896850586e-03,-2.134830458089709282e-03
-6.985367536544799805e-01,7.143550515174865723e-01,-4.175252094864845276e-02,-1.100344657897949219e-01,-9.406867623329162598e-02,2.314756661653518677e-01
-5.711191892623901367e-01,5.717120766639709473e-01,5.890400409698486328e-01,-8.984476327896118164e-02,1.177261862903833389e-02,-9.853764623403549194e-02
4.676420688629150391e-01,-7.246207594871520996e-01,-5.061973333358764648e-01,-4.274239391088485718e-02,-2.496302500367164612e-02,-3.752319375053048134e-03
-5.172646045684814453e-01,7.850788235664367676e-01,3.407178223133087158e-01,-8.989017456769943237e-02,-4.461021348834037781e-02,-3.367735818028450012e-02
-8.549590110778808594e-01,-4.301517456769943237e-02,5.169089436531066895e-01,-1.015854954719543457e+00,2.378427982330322266e+00,-1.482283949851989746e+00
7.592776417732238770e-01,-2.012982219457626343e-01,6.188509464263916016e-01,3.987511098384857178e-01,-1.124356031417846680e+00,-8.549613356590270996e-01
8.461827039718627930e-01,3.174620568752288818e-01,4.280102550983428955e-01,-1.778483018279075623e-02,9.004498273134231567e-02,-3.162692487239837646e-02
7.236053943634033203e-01,4.609120190143585205e-01,-5.137659311294555664e-01,3.683033287525177002e-01,-1.794671714305877686e-01,3.577265143394470215e-01
-4.514926671981811523e-01,-2.735264599323272705e-01,-8.493160009384155273e-01,-2.210463285446166992e-01,-2.654408514499664307e-01,2.029938101768493652e-01
-4.681493341922760010e-01,-1.824257373809814453e-01,8.646138310432434082e-01,-1.226277709007263184e+00,-4.790342748165130615e-01,-7.650458812713623047e-01
-2.630859017372131348e-01,-8.149901032447814941e-01,5.163108706474304199e-01,1.161453314125537872e-02,-2.274934761226177216e-02,-2.999137714505195618e-02
5.704032182693481445e-01,-4.785636663436889648e-01,-6.675454974174499512e-01,3.692649602890014648e-01,-1.090120896697044373e-01,3.936797082424163818e-01
-2.323008924722671509e-01,7.381608244031667709e-03,9.726159572601318359e-01,-5.285949707031250000e-01,-2.574128627777099609e+00,-1.067141443490982056e-01
-2.075642198324203491e-01,-9.769790768623352051e-01,4.928494617342948914e-02,5.017052590847015381e-02,-9.788780473172664642e-03,1.725013740360736847e-02
-1.364137232303619385e-01,6.979922056198120117e-01,-7.029923200607299805e-01,-2.117615789175033569e-01,-4.553438350558280945e-02,-4.118762444704771042e-03
-1.141779124736785889e-01,6.599670052528381348e-01,7.425677776336669922e-01,-2.941692434251308441e-02,-9.180863946676254272e-02,7.707297801971435547e-02
4.880666732788085938e-01,7.088556885719299316e-01,-5.092293024063110352e-01,2.008743733167648315e-01,2.953750081360340118e-03,1.966380774974822998e-01
-3.706080019474029541e-01,-8.684961795806884766e-01,-3.291871249675750732e-01,-3.794739395380020142e-02,8.303383365273475647e-03,2.081536687910556793e-02
7.706524729728698730e-01,6.210427880287170410e-01,-1.428310424089431763e-01,-3.930598124861717224e-02,4.836050793528556824e-02,-1.801488921046257019e-03
6.768894963897764683e-04,2.427218556404113770e-01,9.700956940650939941e-01,7.178994417190551758e-01,2.490192949771881104e-01,-6.280654668807983398e-02
3.131789565086364746e-01,-8.047178387641906738e-01,-5.043293833732604980e-01,-5.929078441113233566e-03,2.986144647002220154e-02,-5.132935568690299988e-02
-1.916220486164093018e-01,9.700733423233032227e-01,1.491264104843139648e-01,8.521381020545959473e-02,1.001597382128238678e-02,4.434235766530036926e-02
-3.909772336483001709e-01,3.911176323890686035e-01,8.331649303436279297e-01,2.415551617741584778e-02,8.649163693189620972e-02,-2.926689200103282928e-02
1.559016555547714233e-01,2.778454720973968506e-01,9.478905797004699707e-01,9.819326549768447876e-02,-9.065318852663040161e-02,1.042217947542667389e-02
-8.074725419282913208e-02,-3.943614065647125244e-01,9.154009819030761719e-01,7.187229990959167480e-01,8.330622315406799316e-02,9.928728640079498291e-02
1.804830431938171387e-01,5.547021627426147461e-01,8.122385144233703613e-01,1.997300684452056885e-01,4.470695927739143372e-02,-7.491265237331390381e-02
-8.625899553298950195e-01,3.402919322252273560e-02,-5.047579407691955566e-01,-1.352352738380432129e+00,-9.226072430610656738e-01,2.248860597610473633e+00
-7.708678394556045532e-02,4.120129048824310303e-01,9.079113602638244629e-01,8.982237428426742554e-02,-2.108728140592575073e-02,1.719589531421661377e-02
6.658434867858886719e-01,6.656849980354309082e-01,3.369212746620178223e-01,-4.155754670500755310e-02,3.745835274457931519e-02,8.118687197566032410e-03
9.575220942497253418e-01,2.797923982143402100e-01,6.976863741874694824e-02,4.309586808085441589e-02,-1.420056074857711792e-01,-2.197490073740482330e-02
-6.989197731018066406e-01,-4.458489716053009033e-01,5.592225193977355957e-01,5.346238147467374802e-03,3.074651956558227539e-01,2.518132328987121582e-01
4.414646327495574951e-01,-7.172093987464904785e-01,5.391842722892761230e-01,3.834257647395133972e-02,1.022650394588708878e-02,-1.779047958552837372e-02
3.963830769062042236e-01,-3.260214328765869141e-01,8.582484722137451172e-01,3.579028367996215820e+00,1.647904634475708008e+00,-1.026991605758666992e+00
3.385196998715400696e-02,-6.373486518859863281e-01,7.698316574096679688e-01,8.234553039073944092e-02,-1.600757390260696411e-01,-1.361487507820129395e-01
-2.965678870677947998e-01,2.969127297401428223e-01,9.076840281486511230e-01,-4.945886731147766113e-01,-5.925879478454589844e-01,3.224446624517440796e-02
-3.954022228717803955e-01,7.975817322731018066e-01,4.555442035198211670e-01,-4.630485549569129944e-02,-4.191872850060462952e-02,3.320110216736793518e-02
-8.569092750549316406e-01,-4.042102992534637451e-01,-3.198758065700531006e-01,-6.203386560082435608e-02,-1.038613617420196533e-01,2.974255084991455078e-01
4.766519665718078613e-01,4.691023230552673340e-01,7.434688806533813477e-01,9.003536775708198547e-03,4.871774464845657349e-02,-3.651149570941925049e-02
6.374626755714416504e-01,-1.747938990592956543e-01,7.503921389579772949e-01,-2.117196619510650635e-01,-5.374140739440917969e-01,5.467365682125091553e-02
1.834173351526260376e-01,-1.690305024385452271e-01,-9.683939218521118164e-01,5.650531768798828125e+00,2.762243986129760742e+00,5.880891084671020508e-01
8.204615712165832520e-01,-5.527986288070678711e-01,-1.457961201667785645e-01,-1.210262030363082886e-01,-1.717966943979263306e-01,-2.968779392540454865e-02
-3.375919163227081299e-01,-9.411216378211975098e-01,-1.793948374688625336e-02,2.152365818619728088e-02,-7.921895012259483337e-03,1.054952852427959442e-02
-4.842444956302642822e-01,8.504763245582580566e-01,2.054196149110794067e-01,-3.086992353200912476e-02,-7.337202318012714386e-03,-4.239359125494956970e-02
-8.019549846649169922e-01,-7.368453592061996460e-02,-5.928226709365844727e-01,-7.766770720481872559e-01,-1.609624505043029785e+00,1.250735878944396973e+00
-5.398321524262428284e-02,8.982987999916076660e-01,4.360563457012176514e-01,-4.168426617980003357e-02,1.544447708874940872e-02,-3.697688505053520203e-02
-2.221345752477645874e-01,-9.671319127082824707e-01,-1.237417384982109070e-01,-4.304390028119087219e-02,1.358862128108739853e-02,-2.893486805260181427e-02
-7.397108674049377441e-01,5.969235301017761230e-01,3.106607794761657715e-01,1.386591494083404541e-01,1.867399215698242188e-01,-2.865433320403099060e-02
-7.379439473152160645e-01,3.213090598583221436e-01,-5.934637784957885742e-01,-2.118863344192504883e+00,-2.579839229583740234e+00,1.237946867942810059e+00
1.094109043478965759e-01,1.403871923685073853e-01,9.840328693389892578e-01,5.053563714027404785e-01,2.585834451019763947e-02,-5.987776070833206177e-02
8.366577029228210449e-01,1.548566669225692749e-01,5.253792405128479004e-01,1.596010178327560425e-01,7.359839975833892822e-02,-2.758552432060241699e-01
-7.244828343391418457e-02,-7.311953902244567871e-01,6.783100366592407227e-01,1.461486071348190308e-01,2.999337576329708099e-02,4.794154688715934753e-02
8.362080454826354980e-01,-3.653215467929840088e-01,4.090187251567840576e-01,1.651387214660644531e+00,2.184015035629272461e+00,-1.425449371337890625e+00
9.877019524574279785e-01,-1.520591527223587036e-01,-3.636968880891799927e-02,-1.640388518571853638e-01,-1.175725460052490234e+00,4.607774019241333008e-01
-2.316851466894149780e-01,-9.234900474548339844e-01,-3.057582080364227295e-01,2.095361240208148956e-03,-5.879269447177648544e-04,1.879936753539368510e-04
8.206273913383483887e-01,3.036444783210754395e-01,-4.841185510158538818e-01,2.476420551538467407e-01,-4.092422127723693848e-01,1.630958318710327148e-01
-7.174971699714660645e-01,-6.949641108512878418e-01,-4.714437946677207947e-02,3.094945847988128662e-02,-3.206247836351394653e-02,1.614657812751829624e-03
-4.438005983829498291e-01,2.460611462593078613e-01,8.616814613342285156e-01,-1.160411536693572998e-01,1.518189907073974609e-01,-1.031191796064376831e-01
-9.892224669456481934e-01,4.635927325580269098e-04,-1.464194953441619873e-01,-2.375235259532928467e-01,-1.108955264091491699e+00,1.601217865943908691e+00
-8.123976737260818481e-02,9.642767906188964844e-01,2.521314918994903564e-01,6.564456969499588013e-02,4.710295703262090683e-03,3.136937040835618973e-03
-5.672218799591064453e-01,-3.640281558036804199e-01,-7.387440800666809082e-01,-1.420625746250152588e-01,-1.056427210569381714e-01,1.611355394124984741e-01
4.270652681589126587e-02,-7.999670505523681641e-01,5.985221862792968750e-01,7.197753340005874634e-02,-2.486462704837322235e-02,-3.836916014552116394e-02
-3.472272455692291260e-01,9.214349389076232910e-01,1.743302643299102783e-01,8.240444958209991455e-02,2.248257771134376526e-02,4.529815167188644409e-02
-5.195688605308532715e-01,-7.417309284210205078e-01,-4.241266250610351562e-01,-3.545343875885009766e-02,4.316318780183792114e-02,-3.205402940511703491e-02
-7.827797526260837913e-05,-5.082771778106689453e-01,8.611935377120971680e-01,1.573056876659393311e-01,-3.749493509531021118e-03,-2.198656089603900909e-03
5.618343949317932129e-01,-5.701341032981872559e-01,5.994073748588562012e-01,-4.339845478534698486e-01,-6.340613365173339844e-01,-1.963147968053817749e-01
9.342870116233825684e-01,-9.927342832088470459e-02,3.424218297004699707e-01,2.518413066864013672e-01,1.294104695320129395e+00,-3.119597434997558594e-01
5.081695318222045898e-01,-4.367052614688873291e-01,7.423289418220520020e-01,4.099606573581695557e-01,5.035642385482788086e-01,1.559908594936132431e-02
-1.027214080095291138e-01,-2.312434762716293335e-01,9.674578905105590820e-01,1.451895833015441895e+00,-6.713034510612487793e-01,-6.298739928752183914e-03
8.951149582862854004e-01,-3.776598274707794189e-01,-2.369435876607894897e-01,-1.356106847524642944e-01,-1.816144883632659912e-01,-2.228321880102157593e-01
-1.571155041456222534e-01,8.952261805534362793e-01,-4.169949591159820557e-01,1.760078370571136475e-01,6.654331088066101074e-02,7.654230296611785889e-02
5.790209174156188965e-01,-7.088598012924194336e-01,-4.028058052062988281e-01,-2.685883641242980957e-01,-2.148581743240356445e-01,-7.978953421115875244e-03
-7.763330936431884766e-01,-5.788590908050537109e-01,2.494573593139648438e-01,-1.638610498048365116e-03,-2.648210525512695312e-02,-6.655051559209823608e-02
6.189355850219726562e-01,-8.824829757213592529e-02,-7.804684638977050781e-01,4.222082614898681641e+00,-1.786745667457580566e+00,3.550270557403564453e+00
8.444076180458068848e-01,5.338047146797180176e-01,-4.503614082932472229e-02,-9.967902675271034241e-03,2.445435896515846252e-02,1.029590815305709839e-01
-6.829722523689270020e-01,-7.114666104316711426e-01,1.654210984706878662e-01,-4.639997333288192749e-02,2.299944311380386353e-02,-9.265177696943283081e-02
6.254635453224182129e-01,4.023838639259338379e-01,-6.684927344322204590e-01,8.712648749351501465e-01,-9.871444106101989746e-02,7.557649016380310059e-01
2.746905982494354248e-01,-7.471947073936462402e-01,6.051818728446960449e-01,2.237619757652282715e-01,8.292387425899505615e-02,8.178804419003427029e-04
6.446585655212402344e-01,1.933204382658004761e-01,-7.396232485771179199e-01,2.987219810485839844e+00,-1.013729095458984375e+00,2.338706970214843750e+00
-1.489563100039958954e-02,-9.630615115165710449e-01,2.688694000244140625e-01,6.434670835733413696e-02,1.568092592060565948e-02,5.973226949572563171e-02
-4.442612230777740479e-01,5.924199223518371582e-01,6.720644235610961914e-01,1.066113188862800598e-01,2.351933121681213379e-01,-1.368468850851058960e-01
-6.686815619468688965e-01,2.047833651304244995e-01,-7.147927880287170410e-01,-1.997662901878356934e+00,-3.084140300750732422e+00,9.852082133293151855e-01
-3.535012006759643555e-01,7.171282768249511719e-01,6.006362438201904297e-01,1.433308571577072144e-01,8.629479259252548218e-02,-1.867487654089927673e-02
-4.242680668830871582e-01,-7.865890264511108398e-01,4.486360847949981689e-01,4.444926232099533081e-02,-9.193391539156436920e-03,2.591628395020961761e-02
-4.966824650764465332e-01,-3.193131387233734131e-01,8.070598840713500977e-01,-4.011630117893218994e-01,2.931397855281829834e-01,-1.309038400650024414e-01
2.079675197601318359e-01,-9.250600337982177734e-01,-3.178261220455169678e-01,9.583629667758941650e-02,5.213533062487840652e-03,4.753544926643371582e-02
2.006934881210327148e-01,9.682831168174743652e-01,1.488286405801773071e-01,-3.880007192492485046e-02,9.542549028992652893e-03,-9.762689471244812012e-03
-4.550448358058929443e-01,-6.626839041709899902e-01,-5.947976112365722656e-01,7.967673242092132568e-02,-8.005325496196746826e-02,2.823399938642978668e-02
4.134105741977691650e-01,6.148425340652465820e-01,6.716102361679077148e-01,-5.648707225918769836e-02,-1.288177259266376495e-02,4.656363651156425476e-02
-9.435447454452514648e-01,8.387944661080837250e-03,-3.311388492584228516e-01,-9.455295205116271973e-01,1.576333403587341309e+00,2.734114646911621094e+00
-8.626478314399719238e-01,4.173384010791778564e-01,-2.857750654220581055e-01,-2.142575830221176147e-01,7.758910059928894043e-01,1.779854178428649902e+00
3.101429343223571777e-01,-6.007189154624938965e-01,-7.368502020835876465e-01,5.815275311470031738e-01,4.231950640678405762e-02,2.102659642696380615e-01
-5.814310908317565918e-01,1.185315400362014771e-01,-8.049150109291076660e-01,-1.632200717926025391e+00,-2.449785709381103516e+00,8.182669878005981445e-01
6.252352148294448853e-03,7.447823882102966309e-01,-6.672781109809875488e-01,-6.093530729413032532e-02,8.480497449636459351e-02,9.408409148454666138e-02
5.856046080589294434e-01,5.398300886154174805e-01,6.046906709671020508e-01,1.184090878814458847e-02,-2.259235456585884094e-02,8.701872080564498901e-03
6.578563451766967773e-01,7.525820136070251465e-01,-2.907621674239635468e-02,6.915669143199920654e-02,-5.973257869482040405e-02,1.862364076077938080e-02
1.404741555452346802e-01,-7.195243239402770996e-01,6.801115870475769043e-01,2.261139154434204102e-01,-1.076808646321296692e-01,-1.606238782405853271e-01
1.376547366380691528e-01,9.645302295684814453e-01,-2.252390533685684204e-01,7.477524131536483765e-02,8.863374823704361916e-04,4.949437454342842102e-02
6.421385705471038818e-02,5.231279134750366211e-01,-8.498315811157226562e-01,5.271970033645629883e-01,5.704624652862548828e-01,3.909929990768432617e-01
-9.077841043472290039e-01,1.400718539953231812e-01,-3.953579068183898926e-01,-1.288447380065917969e+00,1.114102482795715332e+00,3.353129863739013672e+00
9.497725963592529297e-01,-1.991456449031829834e-01,-2.413979768753051758e-01,-1.393584460020065308e-01,-1.569207459688186646e-01,-4.188467264175415039e-01
9.527363181114196777e-01,-3.020246624946594238e-01,3.278199955821037292e-02,-5.901113748550415039e-01,-1.754561781883239746e+00,9.852838516235351562e-01
4.321783185005187988e-01,6.083847880363464355e-01,-6.656499505043029785e-01,5.334317684173583984e-01,9.082958847284317017e-02,4.293503165245056152e-01
-6.681870222091674805e-01,-2.571551501750946045e-01,-6.981384754180908203e-01,-2.795970737934112549e-01,-3.086678981781005859e-01,3.812978267669677734e-01
4.918211698532104492e-01,-8.081544637680053711e-01,-3.240344226360321045e-01,-1.477177590131759644e-01,-8.206119388341903687e-02,-1.954299770295619965e-02
-7.902657389640808105e-01,-1.562904119491577148e-01,5.924975872039794922e-01,3.147981828078627586e-03,2.208762407302856445e+00,5.868312120437622070e-01
8.577733635902404785e-01,4.531576335430145264e-01,-2.426377832889556885e-01,5.508997943252325058e-03,-7.673208415508270264e-02,-1.238317415118217468e-01
5.457081794738769531e-01,6.607896089553833008e-01,5.153248906135559082e-01,3.127118200063705444e-02,-3.394754230976104736e-02,1.041526161134243011e-02
9.986381977796554565e-02,3.223000764846801758e-01,-9.413553476333618164e-01,1.106259465217590332e+00,2.597067832946777344e+00,1.006538510322570801e+00
4.370292425155639648e-01,-8.778995275497436523e-01,1.956982910633087158e-01,-1.435539033263921738e-02,-3.925286699086427689e-03,1.444937568157911301e-02
-5.132594108581542969e-01,-6.826304793357849121e-01,5.201734304428100586e-01,-7.287558401003479958e-04,9.575001895427703857e-02,1.249349489808082581e-01
-5.684137344360351562e-01,7.077124118804931641e-01,-4.195817708969116211e-01,-2.890723645687103271e-01,-1.479146778583526611e-01,1.421216428279876709e-01
-6.223945617675781250e-01,-3.903627693653106689e-01,6.784113049507141113e-01,3.204009234905242920e-01,1.072168588638305664e+00,9.108788967132568359e-01
9.240599870681762695e-01,1.758936196565628052e-01,3.393737673759460449e-01,-5.242935568094253540e-02,2.241186797618865967e-01,2.659846469759941101e-02
-6.218913793563842773e-01,-2.504682838916778564e-01,7.419681549072265625e-01,1.119151353836059570e+00,2.394705295562744141e+00,1.746420383453369141e+00
7.068488001823425293e-02,-9.698271751403808594e-01,-2.333215922117233276e-01,2.150963805615901947e-02,-3.541173413395881653e-03,2.123563550412654877e-02
9.706425666809082031e-01,1.566621661186218262e-01,1.825103759765625000e-01,2.814305946230888367e-02,-3.163643181324005127e-01,1.218860372900962830e-01
8.679119348526000977e-01,-9.195117652416229248e-02,-4.881330430507659912e-01,-8.006222248077392578e-01,-2.087297439575195312e+00,-1.030334115028381348e+00
-6.708587408065795898e-01,-6.241217851638793945e-01,-4.005253314971923828e-01,-7.170124351978302002e-02,6.350455433130264282e-02,2.113930508494377136e-02
1.647232472896575928e-01,6.131308078765869141e-01,-7.726169228553771973e-01,5.759342908859252930e-01,3.231647610664367676e-01,3.792461454868316650e-01
1.612339019775390625e-01,7.254302501678466797e-01,-6.691446304321289062e-01,2.901673018932342529e-01,1.630138605833053589e-01,2.466432154178619385e-01
-9.388185739517211914e-01,-1.522389054298400879e-01,-3.089383542537689209e-01,-5.356078743934631348e-01,6.729362010955810547e-01,1.296024203300476074e+00
7.309343814849853516e-01,-6.728414297103881836e-01,-1.141020283102989197e-01,3.368232771754264832e-02,4.910542070865631104e-02,-7.379878312349319458e-02
-3.851055502891540527e-01,4.652465134859085083e-02,-9.216991066932678223e-01,-1.009453296661376953e+00,-1.525917172431945801e+00,3.447473347187042236e-01
-8.818929195404052734e-01,-4.504553377628326416e-01,-1.391220688819885254e-01,2.877830527722835541e-02,-7.485756278038024902e-02,5.995170399546623230e-02
9.111514687538146973e-01,-2.989988029003143311e-01,2.835536599159240723e-01,4.602859914302825928e-01,1.565397500991821289e+00,1.716137677431106567e-01
6.209064722061157227e-01,4.027343094348907471e-01,6.725177764892578125e-01,6.910383701324462891e-02,4.879283532500267029e-02,-9.301995486021041870e-02
3.086807429790496826e-01,7.210934162139892578e-01,6.202745437622070312e-01,-4.565572738647460938e-02,1.039496902376413345e-02,1.063609775155782700e-02
1.933394968509674072e-01,4.461435135453939438e-03,-9.811217784881591797e-01,7.984947681427001953e+00,5.610701560974121094e+00,1.599024295806884766e+00
5.223060250282287598e-01,8.527211546897888184e-01,7.943621836602687836e-03,4.643836617469787598e-02,-2.861941605806350708e-02,1.880045980215072632e-02
7.538529634475708008e-01,1.497328281402587891e-01,-6.397544741630554199e-01,4.522826075553894043e-01,-1.540727138519287109e+00,1.723428964614868164e-01
-5.708600878715515137e-01,-1.718803942203521729e-01,-8.028548359870910645e-01,-4.793325066566467285e-01,-4.758616387844085693e-01,4.426990449428558350e-01
-5.920197963714599609e-01,-8.039463162422180176e-01,5.641772970557212830e-02,-2.035594359040260315e-02,1.689381711184978485e-02,2.712978050112724304e-02
7.332623600959777832e-01,1.448564678430557251e-01,6.643364429473876953e-01,8.232595771551132202e-02,-3.642531335353851318e-01,-1.144315674901008606e-02
3.056820034980773926e-01,1.904216557741165161e-01,-9.328976869583129883e-01,9.379784584045410156e+00,4.935555458068847656e+00,4.080906391143798828e+00
1.635123938322067261e-01,-5.641844868659973145e-01,8.092957139015197754e-01,7.549818158149719238e-01,-2.904897630214691162e-01,-3.550478518009185791e-01
-9.737529605627059937e-02,2.969771623611450195e-01,-9.499066472053527832e-01,-2.862211465835571289e-01,8.941352367401123047e-01,3.088815212249755859e-01
-6.221323609352111816e-01,3.379739224910736084e-01,7.062046527862548828e-01,6.470341682434082031e-01,8.069552779197692871e-01,1.838150620460510254e-01
-1.815680712461471558e-01,9.162075519561767578e-01,3.572068214416503906e-01,-5.704028531908988953e-02,1.142108230851590633e-03,-3.192296996712684631e-02
-4.200267195701599121e-01,-5.895568132400512695e-01,6.899277567863464355e-01,-1.050710827112197876e-01,-1.188659295439720154e-01,-1.655403524637222290e-01
-1.077252179384231567e-01,5.490057468414306641e-01,-8.288473486900329590e-01,1.755407005548477173e-01,2.397608160972595215e-01,1.359959840774536133e-01
5.039348006248474121e-01,4.727106392383575439e-01,-7.229068875312805176e-01,1.025680780410766602e+00,7.095242291688919067e-02,7.613928914070129395e-01
6.411068439483642578e-01,6.382254958152770996e-01,-4.262045323848724365e-01,1.702922284603118896e-01,-1.311158090829849243e-01,5.981646105647087097e-02
-6.187056899070739746e-01,7.711965441703796387e-01,1.498636901378631592e-01,-1.324724256992340088e-01,-8.567782491445541382e-02,-1.060097217559814453e-01
-7.186313271522521973e-01,-6.606949567794799805e-01,-2.169128060340881348e-01,1.841150596737861633e-02,-4.110883176326751709e-02,6.421618163585662842e-02
-6.588701605796813965e-01,4.496338367462158203e-01,6.030916571617126465e-01,-2.278853505849838257e-01,-4.160493612289428711e-02,-2.179434448480606079e-01
-2.643555998802185059e-01,6.485233306884765625e-01,7.138162255287170410e-01,8.222364634275436401e-02,2.273258939385414124e-02,9.797575883567333221e-03
3.032785467803478241e-02,7.104220390319824219e-01,7.031220793724060059e-01,1.327436137944459915e-02,6.871016696095466614e-03,-7.514918223023414612e-03
1.937975920736789703e-02,8.644900918006896973e-01,-5.022761821746826172e-01,-6.883796304464340210e-02,-1.123538240790367126e-02,-2.199375629425048828e-02
-9.843282103538513184e-01,9.770187735557556152e-02,1.468072533607482910e-01,-6.241775751113891602e-01,-4.231960773468017578e+00,-1.368631839752197266e+00
6.589527726173400879e-01,-6.724274754524230957e-01,3.370794057846069336e-01,4.486151933670043945e-01,3.198306560516357422e-01,-2.389742583036422729e-01
-8.253512978553771973e-01,4.499451816082000732e-01,3.410931229591369629e-01,9.790445119142532349e-02,2.919504344463348389e-01,-1.482179462909698486e-01
-9.244370460510253906e-01,-9.012531489133834839e-02,3.705314695835113525e-01,-9.090771675109863281e-01,1.208716630935668945e+00,-1.974052786827087402e+00
-5.454471707344055176e-01,-2.635810710489749908e-02,-8.377306461334228516e-01,-9.935500621795654297e-01,-1.402479052543640137e+00,6.910285949707031250e-01
-5.053705573081970215e-01,-4.973197281360626221e-01,-7.051763534545898438e-01,3.527532797306776047e-03,-1.571048051118850708e-01,1.082688122987747192e-01
9.030215740203857422e-01,4.175989329814910889e-01,1.008127406239509583e-01,3.858696669340133667e-02,-8.307746797800064087e-02,-1.505747553892433643e-03
-7.687419056892395020e-01,-4.969471991062164307e-01,-4.025907218456268311e-01,-6.512210518121719360e-02,-6.022700294852256775e-02,1.986924558877944946e-01
-6.109694242477416992e-01,-7.337200641632080078e-01,-2.972728610038757324e-01,-1.720153167843818665e-02,3.188654407858848572e-02,-4.334801062941551208e-02
-5.972259640693664551e-01,-1.105057895183563232e-01,7.944240570068359375e-01,1.570426464080810547e+00,3.099028825759887695e+00,1.611683487892150879e+00
6.247743964195251465e-01,-7.794607281684875488e-01,-4.580282047390937805e-02,5.499864742159843445e-02,4.621100425720214844e-02,-3.619678318500518799e-02
-2.187604308128356934e-01,-3.187345564365386963e-01,9.222538471221923828e-01,4.048540890216827393e-01,-1.420415163040161133e+00,-3.948689103126525879e-01
4.102562963962554932e-01,-6.165321469306945801e-01,6.719954609870910645e-01,3.129951655864715576e-01,3.879070580005645752e-01,1.648060530424118042e-01
8.125720024108886719e-01,4.270668327808380127e-01,-3.966619372367858887e-01,1.770809143781661987e-01,-2.912195920944213867e-01,4.921261966228485107e-02
-8.786366581916809082e-01,3.043822348117828369e-01,3.678981959819793701e-01,-3.077608346939086914e-01,3.467656970024108887e-01,-1.021911144256591797e+00
-9.866693019866943359e-01,-6.205789744853973389e-02,1.504413038492202759e-01,-1.437684986740350723e-02,-2.793021678924560547e+00,-1.246428012847900391e+00
-7.837305665016174316e-01,5.201701074838638306e-02,6.189189553260803223e-01,4.085822701454162598e-01,3.165024518966674805e+00,2.513791024684906006e-01
3.687140345573425293e-01,-9.180578589439392090e-01,-1.456702798604965210e-01,8.188705146312713623e-02,2.403073944151401520e-02,5.581988766789436340e-02
4.989008903503417969e-01,8.478741049766540527e-01,1.794643551111221313e-01,-5.959690734744071960e-02,3.941493108868598938e-02,-2.053860016167163849e-02
-7.159449458122253418e-01,-6.581073999404907227e-02,6.950480937957763672e-01,1.923456668853759766e+00,3.904008150100708008e+00,2.350937604904174805e+00
-2.679064273834228516e-01,-5.889823436737060547e-01,7.624473571777343750e-01,1.683313846588134766e-01,-1.681379079818725586e-01,-7.073695212602615356e-02
-1.137446835637092590e-01,7.990896701812744141e-01,-5.903539657592773438e-01,-1.478773355484008789e-01,-5.912993475794792175e-02,-5.154511332511901855e-02
-5.086161494255065918e-01,6.478587388992309570e-01,-5.670879483222961426e-01,-2.359842956066131592e-01,-9.541508741676807404e-03,2.007516920566558838e-01
-3.941981792449951172e-01,3.302926421165466309e-01,-8.576214313507080078e-01,-1.396206498146057129e+00,-1.529895067214965820e+00,5.255112051963806152e-02
8.925240635871887207e-01,-2.222630679607391357e-01,-3.924282789230346680e-01,-5.527920126914978027e-01,-8.720763921737670898e-01,-7.633236646652221680e-01
-8.747506737709045410e-01,-2.615999877452850342e-01,-4.078930318355560303e-01,-2.438781708478927612e-01,-2.146136760711669922e-02,5.367752909660339355e-01
6.462529897689819336e-01,-5.994566082954406738e-01,4.722380340099334717e-01,3.791964650154113770e-01,-1.841326057910919189e-01,-7.526635527610778809e-01
-5.516956448554992676e-01,-7.977910041809082031e-01,2.432311624288558960e-01,-3.341197222471237183e-02,2.761597372591495514e-02,1.479471754282712936e-02
-2.741210460662841797e-01,-1.700027734041213989e-01,9.465498924255371094e-01,-8.691831231117248535e-01,-3.064363956451416016e+00,-8.020832538604736328e-01
-3.641630709171295166e-01,-2.947136461734771729e-01,8.834756016731262207e-01,-1.073954939842224121e+00,-1.896753430366516113e+00,-1.075404763221740723e+00
3.320307731628417969e-01,1.631557755172252655e-02,9.431274533271789551e-01,1.896510839462280273e+00,1.495402157306671143e-01,-6.702591776847839355e-01
6.303089112043380737e-02,-9.084728360176086426e-01,-4.131636917591094971e-01,7.761653512716293335e-02,2.484103431925177574e-03,6.378823891282081604e-03
6.542401313781738281e-01,-3.510605394840240479e-01,-6.698703765869140625e-01,-1.879485994577407837e-01,-1.032019495964050293e+00,3.572897315025329590e-01
7.451817393302917480e-01,-5.120940208435058594e-01,-4.271578192710876465e-01,-2.279780060052871704e-01,-3.356699645519256592e-01,4.704387392848730087e-03
5.065066218376159668e-01,-8.557122349739074707e-01,-1.058659628033638000e-01,1.127364709973335266e-01,6.053060293197631836e-02,5.011046677827835083e-02
8.643563836812973022e-02,-9.838358163833618164e-01,1.568312644958496094e-01,5.347830057144165039e-02,9.099126793444156647e-03,2.760683931410312653e-02
-3.580867052078247070e-01,-4.347005188465118408e-01,8.263227939605712891e-01,-3.099225163459777832e-01,-8.288905024528503418e-01,-5.703561305999755859e-01
5.177171528339385986e-02,-3.190787136554718018e-01,9.463130831718444824e-01,1.102896809577941895e+00,5.603281036019325256e-02,-4.144504293799400330e-02
5.631433129310607910e-01,1.615285277366638184e-01,8.104184865951538086e-01,3.797632753849029541e-01,4.403203129768371582e-01,-3.516522347927093506e-01
2.675087153911590576e-01,8.772987723350524902e-01,-3.984794616699218750e-01,-4.995866119861602783e-02,-2.989183366298675537e-02,-9.934877604246139526e-02
-6.716007590293884277e-01,-6.713458299636840820e-01,3.134440481662750244e-01,-3.035030514001846313e-02,3.553053736686706543e-02,1.107052341103553772e-02
9.568165987730026245e-02,9.530625939369201660e-01,2.872573137283325195e-01,4.284794628620147705e-02,-1.353347394615411758e-02,3.062928095459938049e-02
2.660651206970214844e-01,-3.441375494003295898e-01,-9.004324674606323242e-01,2.980347633361816406e+00,4.900664985179901123e-01,6.933515667915344238e-01
-6.431244611740112305e-01,7.104572057723999023e-01,2.857297360897064209e-01,-4.761020094156265259e-02,8.189715445041656494e-03,-1.275251507759094238e-01
-9.920043945312500000e-01,1.178057044744491577e-01,-4.526752978563308716e-02,-4.520372450351715088e-01,-3.562541007995605469e+00,6.347882747650146484e-01
6.803513765335083008e-01,-7.173948884010314941e-01,1.498885452747344971e-01,-7.131884247064590454e-02,-4.955555498600006104e-02,8.653743565082550049e-02
-1.999123692512512207e-01,-4.701222777366638184e-01,8.596627712249755859e-01,3.907272815704345703e-01,-2.379790395498275757e-01,-3.928054869174957275e-02
-6.770343780517578125e-01,-4.382453858852386475e-01,-5.912405252456665039e-01,-1.026668846607208252e-01,-6.748775392770767212e-02,1.675886511802673340e-01
-7.306692004203796387e-01,7.293830811977386475e-02,-6.788243651390075684e-01,-1.628030300140380859e+00,-3.032775878906250000e+00,1.426504492759704590e+00
7.971321344375610352e-01,4.957183599472045898e-01,3.447372317314147949e-01,-2.282920852303504944e-02,3.875217214226722717e-02,-2.936343429610133171e-03
-1.177921295166015625e-01,-4.652925208210945129e-02,-9.919475913047790527e-01,-2.524013221263885498e-01,1.271207094192504883e+00,-2.965623140335083008e-02
7.311569452285766602e-01,6.540021300315856934e-01,1.941411197185516357e-01,7.345825899392366409e-03,-2.971091540530323982e-03,-1.765649020671844482e-02
2.027862668037414551e-01,-3.076425790786743164e-01,9.296417236328125000e-01,2.497676372528076172e+00,4.443651996552944183e-03,-5.433571338653564453e-01
-1.143573820590972900e-01,-6.904128193855285645e-01,-7.143195867538452148e-01,-2.410091832280158997e-02,5.839956551790237427e-02,-5.258667841553688049e-02
-9.650781154632568359e-01,1.391031146049499512e-01,-2.219786345958709717e-01,-5.468059778213500977e-01,1.055934190750122070e+00,3.039005041122436523e+00
9.970112144947052002e-02,8.762474656105041504e-01,4.714340865612030029e-01,-2.157312259078025818e-02,-4.241149872541427612e-03,1.244534831494092941e-02
2.787391841411590576e-01,-9.287125468254089355e-01,2.445351183414459229e-01,4.524099454283714294e-02,6.374252028763294220e-03,-2.736045047640800476e-02
-9.651267528533935547e-01,2.450616806745529175e-01,9.205968677997589111e-02,-1.066564917564392090e+00,-3.968667030334472656e+00,-6.170141696929931641e-01
-8.910408020019531250e-01,-4.511463344097137451e-01,5.013218894600868225e-02,-1.496742130257189274e-03,-8.915722370147705078e-03,-1.068366244435310364e-01
7.599700093269348145e-01,-3.387902677059173584e-01,5.546771883964538574e-01,9.332680702209472656e-01,-4.683832824230194092e-01,-1.564764976501464844e+00
3.679495453834533691e-01,7.956446409225463867e-01,-4.812096357345581055e-01,3.247952088713645935e-02,2.675291150808334351e-03,2.925836481153964996e-02
5.867391228675842285e-01,-5.989364981651306152e-01,-5.449883341789245605e-01,6.361572444438934326e-02,-1.265644878149032593e-01,2.075822949409484863e-01
-9.561128020286560059e-01,-2.891302108764648438e-01,-4.745576158165931702e-02,2.241628766059875488e-01,-7.175050973892211914e-01,-1.448210179805755615e-01
-1.706021726131439209e-01,-7.858906388282775879e-01,-5.943658947944641113e-01,-2.473360300064086914e-02,1.225037500262260437e-02,-9.098517708480358124e-03
1.351904422044754028e-01,-5.938543081283569336e-01,-7.931333780288696289e-01,5.419891476631164551e-01,-3.972983360290527344e-02,1.221301332116127014e-01
-2.538768947124481201e-01,3.186420202255249023e-01,-9.132435321807861328e-01,-8.151269555091857910e-01,-7.253504395484924316e-01,-2.648276276886463165e-02
-6.288943886756896973e-01,6.451415419578552246e-01,4.339172542095184326e-01,7.534659653902053833e-02,3.458836302161216736e-02,5.777751281857490540e-02
-7.873241901397705078e-01,-3.723335564136505127e-01,-4.914146065711975098e-01,-7.478664815425872803e-02,-2.021690309047698975e-01,2.729988992214202881e-01
-9.740291237831115723e-01,-1.733473837375640869e-01,-1.456636786460876465e-01,4.472893849015235901e-02,-7.554140090942382812e-01,5.998870730400085449e-01
-6.765341758728027344e-01,-5.823402479290962219e-02,-7.341051101684570312e-01,-8.977629542350769043e-01,-1.644371151924133301e+00,9.577996730804443359e-01
9.809510707855224609e-01,1.882514506578445435e-01,-4.791967570781707764e-02,5.427375901490449905e-03,-3.734374418854713440e-02,-3.560173884034156799e-02
3.872540295124053955e-01,8.485046625137329102e-01,3.606579303741455078e-01,6.239080801606178284e-02,-1.947065629065036774e-02,-2.118392474949359894e-02
2.890407443046569824e-01,9.293389320373535156e-01,-2.297491282224655151e-01,7.751551270484924316e-02,-2.080288156867027283e-02,1.337203476577997208e-02
-7.876676321029663086e-01,-6.087835431098937988e-01,9.466905891895294189e-02,-8.025988005101680756e-03,-1.041042339056730270e-02,-1.337237954139709473e-01
-4.884638488292694092e-01,-4.565951228141784668e-01,7.435885667800903320e-01,-2.443021684885025024e-01,1.476279050111770630e-01,-6.983243674039840698e-02
-9.815182089805603027e-01,-1.829193085432052612e-01,5.623574554920196533e-02,3.256835043430328369e-01,-1.916307210922241211e+00,-5.488551259040832520e-01
-8.918789774179458618e-02,-8.997489213943481445e-01,-4.271970689296722412e-01,9.115952253341674805e-02,-8.553880266845226288e-03,-1.015881891362369061e-03
-2.380859553813934326e-01,4.689427912235260010e-01,-8.505337834358215332e-01,-3.975299000740051270e-01,-2.968357205390930176e-01,-5.238202959299087524e-02
4.199819266796112061e-01,7.435959577560424805e-01,5.202694535255432129e-01,5.092487111687660217e-02,-2.151150070130825043e-02,-1.036320719867944717e-02
7.541702985763549805e-01,-5.548149347305297852e-01,3.512940108776092529e-01,1.069084167480468750e+00,1.118764758110046387e+00,-5.282300710678100586e-01
-4.760313928127288818e-01,-8.701533675193786621e-01,1.273862421512603760e-01,-1.354196202009916306e-02,9.722163900732994080e-03,1.580527611076831818e-02
-2.519524991512298584e-01,8.452149629592895508e-01,4.713084399700164795e-01,-6.666775047779083252e-02,-1.182185020297765732e-02,-1.443874184042215347e-02
-3.605210483074188232e-01,-8.696894049644470215e-01,3.371422588825225830e-01,-2.850468270480632782e-02,-1.961742527782917023e-02,-8.108625560998916626e-02
7.753576636314392090e-01,6.294602155685424805e-01,5.099344626069068909e-02,4.656484350562095642e-02,-6.008849665522575378e-02,3.370841220021247864e-02
5.701285600662231445e-01,5.673977136611938477e-01,-5.941492319107055664e-01,4.542456269264221191e-01,-4.173092544078826904e-02,3.960290849208831787e-01
-7.714412808418273926e-01,-2.237355113029479980e-01,-5.956683158874511719e-01,-2.363404035568237305e-01,-6.686625480651855469e-01,5.572335124015808105e-01
-6.707985401153564453e-01,6.714004278182983398e-01,-3.150408565998077393e-01,-2.223578095436096191e-01,-1.677369773387908936e-01,1.159805655479431152e-01
-3.824445009231567383e-01,-9.072811603546142578e-01,-1.748631298542022705e-01,-2.803236618638038635e-02,1.311648078262805939e-02,-6.745340768247842789e-03
-5.058311223983764648e-01,4.347544908523559570e-01,7.450660467147827148e-01,2.979786694049835205e-01,4.291935861110687256e-01,-4.813929647207260132e-02
7.501056790351867676e-01,2.841220200061798096e-01,5.971734523773193359e-01,1.488647758960723877e-01,-1.395438313484191895e-01,-1.205961778759956360e-01
-8.331008553504943848e-01,1.865094006061553955e-01,5.207275152206420898e-01,-6.274333000183105469e-01,1.700408458709716797e+00,-1.612854003906250000e+00
9.487636685371398926e-01,-2.913791835308074951e-01,-1.222525238990783691e-01,-2.555395960807800293e-01,-8.899912238121032715e-01,1.380602419376373291e-01
-2.213023304939270020e-01,-7.030567526817321777e-01,6.758227944374084473e-01,1.799017488956451416e-01,-2.263133227825164795e-02,3.536661341786384583e-02
5.388092994689941406e-01,7.771944403648376465e-01,-3.250435888767242432e-01,-6.259004771709442139e-02,4.585520550608634949e-02,5.889405030757188797e-03
1.395515073090791702e-02,1.995627135038375854e-01,-9.797856807708740234e-01,4.353205561637878418e-01,3.157957077026367188e+00,6.494129300117492676e-01
-4.214018583297729492e-01,-4.153903722763061523e-01,-8.061459660530090332e-01,-1.374842673540115356e-01,-1.792993098497390747e-01,1.642572581768035889e-01
3.268636167049407959e-01,5.394146442413330078e-01,7.760102748870849609e-01,1.271772682666778564e-01,-1.790278218686580658e-02,-4.112394899129867554e-02
-2.892248146235942841e-02,-2.935263812541961670e-01,-9.555133581161499023e-01,6.857441663742065430e-01,6.147800087928771973e-01,-2.096125334501266479e-01
5.013597607612609863e-01,-3.741011023521423340e-01,-7.801837921142578125e-01,1.667906045913696289e+00,-1.234445422887802124e-01,1.131017684936523438e+00
3.974196314811706543e-01,1.539793461561203003e-01,9.046258926391601562e-01,9.211197495460510254e-01,9.599484503269195557e-02,-4.210053086280822754e-01
5.280973315238952637e-01,2.759789228439331055e-01,-8.030870556831359863e-01,5.017791271209716797e+00,3.326873481273651123e-01,3.413947582244873047e+00
-7.424762248992919922e-01,-3.032957911491394043e-01,5.972778201103210449e-01,2.119924426078796387e-01,1.051237583160400391e+00,7.973429560661315918e-01
3.715845644474029541e-01,-4.686562418937683105e-01,-8.014276027679443359e-01,1.056500792503356934e+00,9.636291116476058960e-02,4.334993064403533936e-01
8.313866257667541504e-01,-3.641456067562103271e-01,-4.197548925876617432e-01,-4.876126348972320557e-01,-6.246527433395385742e-01,-4.238904416561126709e-01
3.082034923136234283e-02,5.723116397857666016e-01,8.194568157196044922e-01,1.462605409324169159e-02,-6.832781946286559105e-05,-5.023757694289088249e-04
6.998780369758605957e-01,-6.307151913642883301e-01,-3.352150917053222656e-01,-1.143618747591972351e-01,-1.443235874176025391e-01,3.277812898159027100e-02
6.580544114112854004e-01,-4.526127576828002930e-01,6.017524600028991699e-01,-3.087576925754547119e-01,-1.346458196640014648e+00,-6.751028895378112793e-01
2.251340746879577637e-01,4.919637739658355713e-01,-8.410031199455261230e-01,9.042397737503051758e-01,6.812299489974975586e-01,6.405632495880126953e-01
2.656333148479461670e-01,-6.428379416465759277e-01,7.184693813323974609e-01,7.152574062347412109e-01,1.743521690368652344e-01,-1.084472388029098511e-01
-2.125806957483291626e-01,7.695181965827941895e-01,6.022052764892578125e-01,8.971042186021804810e-02,1.638289541006088257e-02,1.073349453508853912e-02
4.968507885932922363e-01,3.012229204177856445e-01,8.138821125030517578e-01,2.356444448232650757e-01,2.154590934514999390e-01,-2.235966771841049194e-01
7.186373472213745117e-01,4.335188865661621094e-01,5.437110662460327148e-01,9.282080829143524170e-02,-5.964519828557968140e-02,-7.512663304805755615e-02
-3.767121136188507080e-01,5.036284923553466797e-01,-7.774614691734313965e-01,-6.857554316520690918e-01,-5.637184977531433105e-01,-3.289207816123962402e-02
3.896731436252593994e-01,3.025282323360443115e-01,-8.698456287384033203e-01,6.047758579254150391e+00,2.112567186355590820e+00,3.444014072418212891e+00
9.037437438964843750e-01,2.683303952217102051e-01,-3.335357010364532471e-01,8.103891462087631226e-02,-4.354420602321624756e-01,-1.307324469089508057e-01
8.155946135520935059e-01,2.364759519696235657e-02,-5.781402587890625000e-01,-4.979277849197387695e-01,-2.410399675369262695e+00,-8.010295629501342773e-01
-1.005981862545013428e-01,-4.936225712299346924e-01,-8.638383746147155762e-01,4.018102288246154785e-01,1.372940838336944580e-01,-1.252466291189193726e-01
-1.692059040069580078e-01,-3.491758108139038086e-01,-9.216537475585937500e-01,2.405889183282852173e-01,1.350740790367126465e-01,-9.534346312284469604e-02
2.907793223857879639e-01,9.556974172592163086e-01,-4.571457952260971069e-02,2.147430181503295898e-02,-7.054209243506193161e-03,-1.088069751858711243e-02
-9.568743109703063965e-01,4.826338589191436768e-02,2.864651083946228027e-01,-6.608206033706665039e-01,-8.406287431716918945e-01,-2.065698623657226562e+00
3.033012747764587402e-01,9.202265739440917969e-01,2.473690360784530640e-01,-2.477582730352878571e-02,9.101979667320847511e-04,2.699186652898788452e-02
-5.450518727302551270e-01,2.648403048515319824e-01,-7.954734563827514648e-01,-1.730175495147705078e+00,-2.244207382202148438e+00,4.383288025856018066e-01
9.025101661682128906e-01,-4.284508228302001953e-01,-4.364895820617675781e-02,-5.552357435226440430e-01,-1.213007092475891113e+00,4.263093173503875732e-01
-4.978467226028442383e-01,-8.336030840873718262e-01,-2.392793446779251099e-01,-1.424313802272081375e-02,1.379219628870487213e-02,-1.841495186090469360e-02
-3.374790251255035400e-01,8.782550096511840820e-01,3.387861251831054688e-01,-1.030947342514991760e-01,-4.015051573514938354e-02,1.387541182339191437e-03
-8.665480017662048340e-01,4.773070216178894043e-01,-1.458511948585510254e-01,-4.323078691959381104e-02,2.065082788467407227e-01,9.326587319374084473e-01
7.489369511604309082e-01,5.806193947792053223e-01,-3.193345069885253906e-01,4.009044915437698364e-02,-1.170842126011848450e-01,-1.188601478934288025e-01
7.985232472419738770e-01,2.206183783710002899e-02,6.015595793724060059e-01,3.323483467102050781e-01,-3.839659690856933594e-01,-4.270846843719482422e-01
-1.545783877372741699e-01,-2.036233246326446533e-01,-9.667693972587585449e-01,9.453698247671127319e-02,4.279673695564270020e-01,-1.052552238106727600e-01
9.118336439132690430e-01,-3.802576363086700439e-01,1.548017859458923340e-01,-3.593812286853790283e-01,-4.308852851390838623e-01,1.058440566062927246e+00
-6.280184388160705566e-01,-7.642946839332580566e-01,-1.464462727308273315e-01,4.216668009757995605e-02,-4.061527922749519348e-02,3.114171884953975677e-02
-1.481484025716781616e-01,2.805787324905395508e-01,9.483288526535034180e-01,3.295682370662689209e-01,-2.435748130083084106e-01,1.235509440302848816e-01
9.605042338371276855e-01,3.339893370866775513e-02,2.762534916400909424e-01,-7.034425437450408936e-02,1.080393269658088684e-01,2.315176278352737427e-01
9.955099821090698242e-01,4.551839083433151245e-02,8.299361914396286011e-02,6.904915440827608109e-03,-7.342681884765625000e-01,3.198895752429962158e-01
6.822491884231567383e-01,-4.596948027610778809e-01,-5.685215592384338379e-01,-2.530016899108886719e-01,-5.360333919525146484e-01,1.298131644725799561e-01
3.796956688165664673e-02,9.882553219795227051e-01,1.480193436145782471e-01,3.782726079225540161e-02,6.232725572772324085e-04,-1.386465411633253098e-02
-5.754488706588745117e-01,8.171093463897705078e-01,-3.451107442378997803e-02,5.006656050682067871e-02,4.222751781344413757e-02,1.649833172559738159e-01
-2.391669005155563354e-01,3.293016925454139709e-02,-9.704198837280273438e-01,-6.286426782608032227e-01,-3.116854727268218994e-01,1.443567574024200439e-01
-7.749888896942138672e-01,5.399984717369079590e-01,-3.283199071884155273e-01,-3.156468868255615234e-01,-9.955497086048126221e-02,5.813332796096801758e-01
-6.262162923812866211e-01,3.505965173244476318e-01,-6.963728666305541992e-01,-1.641293764114379883e+00,-1.992476224899291992e+00,4.728065729141235352e-01
-8.590873479843139648e-01,-2.271099537611007690e-01,4.586829841136932373e-01,-7.961931228637695312e-01,9.858559966087341309e-01,-1.003093123435974121e+00
5.513487458229064941e-01,-7.109403610229492188e-01,4.365527629852294922e-01,1.674608588218688965e-01,-4.430437460541725159e-02,-2.836475074291229248e-01
-5.118006467819213867e-01,3.184302709996700287e-03,8.590983152389526367e-01,-1.224071681499481201e-01,1.044917464256286621e+00,-7.679610699415206909e-02
4.428753554821014404e-01,1.311807632446289062e-01,-8.869346380233764648e-01,1.214275455474853516e+01,2.843592405319213867e+00,6.483850479125976562e+00
-4.574149549007415771e-01,8.870645761489868164e-01,6.235291063785552979e-02,1.219972893595695496e-01,5.914855748414993286e-02,5.348266288638114929e-02
1.812515854835510254e-01,6.868909597396850586e-01,7.037959098815917969e-01,1.633587852120399475e-02,4.502834752202033997e-02,-4.815382882952690125e-02
-5.819585323333740234e-01,-5.626256465911865234e-01,-5.871768593788146973e-01,-3.488943446427583694e-03,-4.863248020410537720e-02,5.005697533488273621e-02
-6.566023826599121094e-01,6.487293541431427002e-02,7.514418363571166992e-01,2.559793233871459961e+00,3.746896982192993164e+00,1.913247346878051758e+00
1.593648940324783325e-01,-8.437866568565368652e-01,-5.124713778495788574e-01,-3.548990935087203979e-02,-1.638978370465338230e-03,-8.337826468050479889e-03
-7.357740402221679688e-01,3.148097395896911621e-01,5.996093750000000000e-01,-1.083919331431388855e-01,6.504020690917968750e-01,-4.744837284088134766e-01
-1.976265162229537964e-01,-9.197070598602294922e-01,3.392384350299835205e-01,-5.801730602979660034e-02,-6.934477947652339935e-03,-5.259853973984718323e-02
1.042299494147300720e-01,9.172182679176330566e-01,-3.845084607601165771e-01,1.659736037254333496e-02,-1.445238711312413216e-03,1.051583210937678814e-03
-7.937204837799072266e-01,1.710140407085418701e-01,-5.837481617927551270e-01,-2.116955995559692383e+00,-2.900276660919189453e+00,2.028757333755493164e+00
-2.867970466613769531e-01,-1.177696064114570618e-01,-9.507248401641845703e-01,-2.128022462129592896e-01,-3.871612846851348877e-01,1.121532693505287170e-01
-1.403202861547470093e-01,-9.724451303482055664e-01,1.861736923456192017e-01,7.763870060443878174e-02,-4.390482790768146515e-03,3.558387234807014465e-02
1.216274276375770569e-01,-3.051638007164001465e-01,-9.445008039474487305e-01,2.041321277618408203e+00,7.980871796607971191e-01,5.011475645005702972e-03
-4.839492440223693848e-01,-8.739184141159057617e-01,-4.538340121507644653e-02,2.014097385108470917e-02,-1.386079750955104828e-02,5.213355273008346558e-02
-5.934788286685943604e-02,7.897593975067138672e-01,6.105390191078186035e-01,2.702557668089866638e-02,5.949909798800945282e-03,-5.069433245807886124e-03
2.257927060127258301e-01,4.177047312259674072e-01,8.800797462463378906e-01,2.213466763496398926e-01,-8.390644192695617676e-02,-1.696476712822914124e-02
-2.314484268426895142e-01,-8.581916689872741699e-01,-4.581906199455261230e-01,6.793139874935150146e-02,-3.772250935435295105e-02,3.633974120020866394e-02
-3.998347520828247070e-01,7.624391913414001465e-01,-5.087422728538513184e-01,-7.559420168399810791e-02,1.824093610048294067e-02,8.674882352352142334e-02
3.924953639507293701e-01,9.178328514099121094e-01,5.941604450345039368e-02,-4.590196907520294189e-02,1.956686936318874359e-02,9.625822422094643116e-04
5.717764496803283691e-01,-7.813411951065063477e-01,2.501551210880279541e-01,2.929539605975151062e-02,3.066366165876388550e-02,2.881558053195476532e-02
3.715537190437316895e-01,4.507666528224945068e-01,-8.116386532783508301e-01,1.748290777206420898e+00,5.905580520629882812e-01,1.128319501876831055e+00
-3.735575377941131592e-01,-5.375375226140022278e-02,9.260482192039489746e-01,-2.408469438552856445e+00,-2.672979116439819336e+00,-1.126706480979919434e+00
-1.869711726903915405e-01,9.524071812629699707e-01,-2.407536804676055908e-01,-4.277022555470466614e-02,-6.276083644479513168e-03,8.387877605855464935e-03
-2.517244517803192139e-01,-4.563933908939361572e-01,-8.534283041954040527e-01,-3.873413801193237305e-02,5.735018756240606308e-03,8.357943035662174225e-03
-9.075294137001037598e-01,3.898395597934722900e-01,1.562542170286178589e-01,-7.726829648017883301e-01,-1.646577000617980957e+00,-3.797124624252319336e-01
5.667846202850341797e-01,8.128892779350280762e-01,-1.340384483337402344e-01,4.903037101030349731e-02,-2.365031279623508453e-02,6.389640271663665771e-02
3.971937000751495361e-01,8.630575537681579590e-01,-3.120396435260772705e-01,-3.545274958014488220e-02,1.221518591046333313e-02,-1.134214922785758972e-02
1.611335426568984985e-01,-9.239112138748168945e-01,3.470216691493988037e-01,2.549739927053451538e-02,-1.965608680620789528e-03,-1.707251928746700287e-02
1.812031269073486328e-01,-1.612770110368728638e-01,9.701315164566040039e-01,2.037096738815307617e+00,-1.359036006033420563e-02,-3.827523291110992432e-01
-4.053128883242607117e-02,4.273419976234436035e-01,-9.031810760498046875e-01,2.452266514301300049e-01,7.300502061843872070e-01,3.344199359416961670e-01
9.609640240669250488e-01,1.604261100292205811e-01,-2.254143208265304565e-01,-2.954319864511489868e-02,-1.236179620027542114e-01,-2.139238417148590088e-01
8.438047170639038086e-01,-4.704851806163787842e-01,2.581421732902526855e-01,6.362760066986083984e-01,1.280289292335510254e+00,2.535983324050903320e-01
-6.640708446502685547e-01,-5.890493392944335938e-01,4.604680240154266357e-01,-4.848403856158256531e-02,1.163788512349128723e-01,7.895456254482269287e-02
3.738974332809448242e-01,4.075284302234649658e-01,8.331394195556640625e-01,2.109334319829940796e-01,-5.992344766855239868e-02,-6.535156816244125366e-02
3.109560310840606689e-01,5.803046226501464844e-01,-7.526971101760864258e-01,6.742813587188720703e-01,2.273067086935043335e-01,4.538066685199737549e-01
-7.924452424049377441e-01,3.849439918994903564e-01,4.731264710426330566e-01,-1.837648898363113403e-01,3.604506254196166992e-01,-6.010589599609375000e-01
1.629843115806579590e-01,1.590823978185653687e-01,-9.737191200256347656e-01,4.968125820159912109e+00,5.480362892150878906e+00,1.726941347122192383e+00
4.204970002174377441e-01,9.001750349998474121e-01,-1.134334579110145569e-01,7.850767672061920166e-02,-2.915709652006626129e-02,5.964511632919311523e-02
4.176482558250427246e-02,-4.256671071052551270e-01,-9.039154648780822754e-01,8.477537631988525391e-01,1.961341202259063721e-01,-5.319253727793693542e-02
7.822053879499435425e-02,4.044839143753051758e-01,9.111939072608947754e-01,1.671848744153976440e-01,9.709408134222030640e-02,-5.745240673422813416e-02
1.636030375957489014e-01,-8.419460058212280273e-01,5.141605734825134277e-01,2.375134266912937164e-02,-3.321574628353118896e-02,-6.194884330034255981e-02
7.876583337783813477e-01,-1.648395359516143799e-01,-5.936516523361206055e-01,-1.192637801170349121e+00,-2.711644411087036133e+00,-8.294508457183837891e-01
-9.449142217636108398e-01,2.138578146696090698e-01,2.477941811084747314e-01,-7.837197184562683105e-01,-1.901138186454772949e+00,-1.347790479660034180e+00
-7.986164093017578125e-02,9.955608248710632324e-01,4.980751127004623413e-02,-1.720447838306427002e-02,-9.289293666370213032e-04,-9.018160402774810791e-03
5.348996520042419434e-01,1.953090727329254150e-02,-8.446898460388183594e-01,1.014285278320312500e+01,3.457891345024108887e-01,6.430954933166503906e+00
6.328674554824829102e-01,7.597199678421020508e-01,1.493462473154067993e-01,2.016396960243582726e-03,5.082072224467992783e-03,-3.439700976014137268e-02
5.525817275047302246e-01,-2.323228120803833008e-01,-8.004246354103088379e-01,3.811713695526123047e+00,-6.875981688499450684e-01,2.831032037734985352e+00
-2.585175931453704834e-01,1.569265425205230713e-01,9.531750679016113281e-01,-7.802695035934448242e-01,-1.536514043807983398e+00,4.134228453040122986e-02
9.953506588935852051e-01,3.451011329889297485e-02,-8.992291241884231567e-02,3.205460961908102036e-04,-1.251646429300308228e-01,-4.448688775300979614e-02
-3.754814341664314270e-02,9.571051597595214844e-01,-2.872974872589111328e-01,8.223733305931091309e-02,4.202289506793022156e-02,1.292474567890167236e-01
-4.265444874763488770e-01,-1.154188439249992371e-01,-8.970720767974853516e-01,-4.671116769313812256e-01,-7.881692051887512207e-01,3.235118985176086426e-01
3.372749686241149902e-01,-2.035605907440185547e-01,9.191347360610961914e-01,3.948451995849609375e+00,1.048606991767883301e+00,-1.216643214225769043e+00
7.264389395713806152e-01,2.996053695678710938e-01,-6.184844970703125000e-01,5.702993273735046387e-01,-3.839129805564880371e-01,4.838686585426330566e-01
3.104521334171295166e-01,6.955920457839965820e-01,-6.478975415229797363e-01,4.607679545879364014e-01,1.235954761505126953e-01,3.534793853759765625e-01
-8.313241004943847656e-01,-5.542489290237426758e-01,-4.133266955614089966e-02,1.546447537839412689e-02,-1.872543245553970337e-02,-5.993903428316116333e-02
-7.439612746238708496e-01,6.466439962387084961e-01,1.684432029724121094e-01,-1.892992854118347168e-01,-1.735725253820419312e-01,-1.697409600019454956e-01
5.086576938629150391e-01,2.817247062921524048e-02,8.605077862739562988e-01,1.426294445991516113e+00,9.573931097984313965e-01,-8.744462132453918457e-01
-3.678424060344696045e-01,-5.477433800697326660e-01,-7.514446973800659180e-01,-7.379768788814544678e-02,-8.990538865327835083e-02,1.016588434576988220e-01
-8.093440532684326172e-01,-5.356005430221557617e-01,-2.410275340080261230e-01,-4.887032788246870041e-03,-7.297342270612716675e-02,1.785683929920196533e-01
9.468261152505874634e-03,-1.480932384729385376e-01,-9.889280796051025391e-01,1.143119573593139648e+00,2.028768777847290039e+00,-2.928662002086639404e-01
-3.840665817260742188e-01,-7.046870589256286621e-01,5.965810418128967285e-01,4.565216973423957825e-02,-6.816921383142471313e-02,-5.113218352198600769e-02
-5.544723272323608398e-01,-7.395511269569396973e-01,3.816079199314117432e-01,1.439835224300622940e-02,5.560770630836486816e-02,1.286876499652862549e-01
