0.000000000000000000e+00,3.089214324951171875e+00,1.533686399459838867e+00,0.000000000000000000e+00,-3.167128562927246094e-02,-1.465570688247680664e+00
0.000000000000000000e+00,-1.766383171081542969e+00,-1.421796530485153198e-01,0.000000000000000000e+00,2.504947409033775330e-02,6.034448742866516113e-03
0.000000000000000000e+00,1.585136413574218750e+00,-1.421446055173873901e-01,0.000000000000000000e+00,-3.920175880193710327e-02,3.093606047332286835e-02
0.000000000000000000e+00,-1.451225042343139648e+00,5.548519492149353027e-01,0.000000000000000000e+00,1.195739954710006714e-03,4.559836536645889282e-02
0.000000000000000000e+00,1.081901669502258301e+00,-1.455839127302169800e-01,0.000000000000000000e+00,-2.810278534889221191e-02,6.406673695892095566e-03
0.000000000000000000e+00,1.190073490142822266e+00,-6.706249117851257324e-01,0.000000000000000000e+00,-2.172735929489135742e-01,-8.566498756408691406e-02
0.000000000000000000e+00,2.545668184757232666e-01,7.428712248802185059e-01,0.000000000000000000e+00,2.606795787811279297e+00,8.633766770362854004e-01
0.000000000000000000e+00,-2.928943395614624023e+00,1.525188237428665161e-01,0.000000000000000000e+00,1.073695659637451172e+00,1.150518774986267090e+00
0.000000000000000000e+00,-1.661848664283752441e+00,-7.746588587760925293e-01,0.000000000000000000e+00,-1.085996776819229126e-01,1.047312319278717041e-01
0.000000000000000000e+00,1.080657124519348145e+00,1.060684680938720703e+00,0.000000000000000000e+00,-2.634100615978240967e-01,1.674624979496002197e-01
0.000000000000000000e+00,-1.536065578460693359e+00,6.745620071887969971e-02,0.000000000000000000e+00,-2.914506942033767700e-02,3.861705213785171509e-02
0.000000000000000000e+00,-2.049146652221679688e+00,-6.718434691429138184e-01,0.000000000000000000e+00,-3.677133917808532715e-01,1.663953959941864014e-01
0.000000000000000000e+00,-1.570137500762939453e+00,4.455713927745819092e-01,0.000000000000000000e+00,3.843569755554199219e-02,1.956698484718799591e-02
0.000000000000000000e+00,-2.915290355682373047e+00,4.530032575130462646e-01,0.000000000000000000e+00,-2.262028217315673828e+00,-1.743163585662841797e+00
0.000000000000000000e+00,-6.629979014396667480e-01,1.437974691390991211e+00,0.000000000000000000e+00,-1.828457951545715332e+00,6.542481184005737305e-01
0.000000000000000000e+00,2.980019152164459229e-01,-2.436365336179733276e-01,0.000000000000000000e+00,1.238456130027770996e+00,2.944910287857055664e+00
0.000000000000000000e+00,-1.238154292106628418e+00,-8.996979594230651855e-01,0.000000000000000000e+00,5.450417101383209229e-02,-9.261797368526458740e-02
0.000000000000000000e+00,-2.696442842483520508e+00,-1.193900465965270996e+00,0.000000000000000000e+00,-6.683097839355468750e+00,8.582126617431640625e+00
0.000000000000000000e+00,6.913422942161560059e-01,-1.757512539625167847e-01,0.000000000000000000e+00,2.682305872440338135e-02,3.565470576286315918e-01
0.000000000000000000e+00,-2.647430658340454102e+00,9.110738635063171387e-01,0.000000000000000000e+00,-1.229331374168395996e+00,-5.723336935043334961e-01
0.000000000000000000e+00,-2.132342338562011719e+00,5.484135448932647705e-02,0.000000000000000000e+00,5.127719044685363770e-02,9.514483623206615448e-03
0.000000000000000000e+00,-2.233995437622070312e+00,-2.238092869520187378e-01,0.000000000000000000e+00,-4.021224379539489746e-02,2.922799438238143921e-02
0.000000000000000000e+00,-7.759312987327575684e-01,6.415107846260070801e-01,0.000000000000000000e+00,2.752487063407897949e-01,2.146632224321365356e-01
0.000000000000000000e+00,6.234855055809020996e-01,4.607625901699066162e-01,0.000000000000000000e+00,1.387866437435150146e-01,-2.080801129341125488e-02
0.000000000000000000e+00,2.380863904953002930e+00,1.136078476905822754e+00,0.000000000000000000e+00,3.493254184722900391e-01,2.965322136878967285e-02
0.000000000000000000e+00,-2.146599769592285156e+00,1.032539129257202148e+00,0.000000000000000000e+00,-2.533308267593383789e+00,-1.280268669128417969e+00
0.000000000000000000e+00,-1.554127097129821777e+00,-6.229612231254577637e-01,0.000000000000000000e+00,9.361198544502258301e-02,4.881709814071655273e-03
0.000000000000000000e+00,-1.236479997634887695e+00,1.498714238405227661e-01,0.000000000000000000e+00,-3.054766356945037842e-02,-2.629657648503780365e-02
0.000000000000000000e+00,2.803747892379760742e+00,-1.945859640836715698e-01,0.000000000000000000e+00,7.210648059844970703e-02,-9.152244031429290771e-02
0.000000000000000000e+00,3.100129842758178711e+00,-4.150657951831817627e-01,0.000000000000000000e+00,1.149940609931945801e+00,-6.353590488433837891e-01
0.000000000000000000e+00,3.168942034244537354e-01,-4.393343031406402588e-01,0.000000000000000000e+00,-5.597003102302551270e-01,3.070581912994384766e+00
0.000000000000000000e+00,-2.056419372558593750e+00,3.465705811977386475e-01,0.000000000000000000e+00,-1.196245700120925903e-01,-3.991977870464324951e-02
0.000000000000000000e+00,5.974516272544860840e-01,-6.328918337821960449e-01,0.000000000000000000e+00,-1.792381048202514648e+00,6.065952777862548828e-01
0.000000000000000000e+00,2.761604547500610352e+00,7.979070544242858887e-01,0.000000000000000000e+00,-1.820600032806396484e-02,-1.459738612174987793e-01
0.000000000000000000e+00,4.545268118381500244e-01,-9.930570377036929131e-04,0.000000000000000000e+00,-1.349658250808715820e+00,2.306754291057586670e-01
0.000000000000000000e+00,-1.653609633445739746e+00,-4.018060863018035889e-02,0.000000000000000000e+00,9.717676788568496704e-02,-3.184296935796737671e-02
0.000000000000000000e+00,-1.371797680854797363e+00,9.337669610977172852e-01,0.000000000000000000e+00,-1.597642302513122559e-01,2.033620178699493408e-01
0.000000000000000000e+00,3.136545181274414062e+00,-2.379167526960372925e-01,0.000000000000000000e+00,6.553667783737182617e-02,-3.704798519611358643e-01
0.000000000000000000e+00,-2.608384370803833008e+00,9.086973965167999268e-02,0.000000000000000000e+00,7.694451212882995605e-01,6.349312067031860352e-01
0.000000000000000000e+00,-1.955813765525817871e+00,-3.435758650302886963e-01,0.000000000000000000e+00,7.177688181400299072e-03,-1.118827611207962036e-03
0.000000000000000000e+00,2.754789829254150391e+00,-4.871027171611785889e-02,0.000000000000000000e+00,-1.267384737730026245e-02,7.281140983104705811e-02
0.000000000000000000e+00,9.327792525291442871e-01,5.418316721916198730e-01,0.000000000000000000e+00,5.527062714099884033e-02,3.018674254417419434e-02
0.000000000000000000e+00,3.103245019912719727e+00,8.349975943565368652e-01,0.000000000000000000e+00,3.322338461875915527e-01,1.382341384887695312e-01
0.000000000000000000e+00,1.009118676185607910e+00,-7.357425093650817871e-01,0.000000000000000000e+00,-3.139651119709014893e-01,3.396072983741760254e-02
0.000000000000000000e+00,2.187123298645019531e+00,-1.124734044075012207e+00,0.000000000000000000e+00,1.088601589202880859e+00,4.147202014923095703e+00
0.000000000000000000e+00,1.240640044212341309e+00,-3.805733025074005127e-01,0.000000000000000000e+00,5.798392742872238159e-02,7.224515080451965332e-03
0.000000000000000000e+00,6.897060275077819824e-01,-8.763341307640075684e-01,0.000000000000000000e+00,-1.629248857498168945e+00,1.818462908267974854e-01
0.000000000000000000e+00,-1.795787334442138672e+00,8.464951813220977783e-02,0.000000000000000000e+00,3.408963233232498169e-02,-6.217497214674949646e-02
0.000000000000000000e+00,-3.515080511569976807e-01,1.499011069536209106e-01,0.000000000000000000e+00,-1.190932095050811768e-02,-8.255815505981445312e-02
0.000000000000000000e+00,-1.832338869571685791e-01,2.467394620180130005e-01,0.000000000000000000e+00,-3.465324640274047852e-02,-9.464877843856811523e-01
0.000000000000000000e+00,2.974179744720458984e+00,-5.193008780479431152e-01,0.000000000000000000e+00,1.192971825599670410e+00,-4.169802665710449219e-01
0.000000000000000000e+00,4.007562696933746338e-01,-1.074006915092468262e+00,0.000000000000000000e+00,-2.579500675201416016e+00,7.582926750183105469e-01
0.000000000000000000e+00,7.250527739524841309e-01,-5.251132845878601074e-01,0.000000000000000000e+00,-8.249945640563964844e-01,3.127987682819366455e-01
0.000000000000000000e+00,9.840098023414611816e-02,4.421182572841644287e-01,0.000000000000000000e+00,1.492983341217041016e+00,-2.694334030151367188e+00
0.000000000000000000e+00,-1.937741279602050781e+00,4.498285949230194092e-01,0.000000000000000000e+00,-9.827271103858947754e-02,-5.964313447475433350e-02
0.000000000000000000e+00,-3.205956518650054932e-01,-2.035952061414718628e-01,0.000000000000000000e+00,-9.810915589332580566e-02,3.366769254207611084e-01
0.000000000000000000e+00,3.057938814163208008e+00,-1.219658017158508301e+00,0.000000000000000000e+00,-3.850677013397216797e+00,1.514161109924316406e+01
0.000000000000000000e+00,-4.816571772098541260e-01,2.475209981203079224e-01,0.000000000000000000e+00,1.252107918262481689e-01,4.735943675041198730e-02
0.000000000000000000e+00,-1.277760565280914307e-01,-4.772929251194000244e-01,0.000000000000000000e+00,4.483265429735183716e-02,1.467970848083496094e+00
0.000000000000000000e+00,-2.809168338775634766e+00,1.032323241233825684e+00,0.000000000000000000e+00,-2.499935388565063477e+00,-2.327343463897705078e+00
0.000000000000000000e+00,-1.954070448875427246e+00,-1.040690541267395020e+00,0.000000000000000000e+00,-8.710416555404663086e-01,3.392493128776550293e-01
0.000000000000000000e+00,-1.148772716522216797e+00,-5.379146933555603027e-01,0.000000000000000000e+00,-7.002772390842437744e-02,5.475047975778579712e-02
0.000000000000000000e+00,3.090296983718872070e+00,4.558845460414886475e-01,0.000000000000000000e+00,-7.627158761024475098e-01,-5.872539281845092773e-01
0.000000000000000000e+00,1.711024761199951172e+00,-2.023772709071636200e-02,0.000000000000000000e+00,-2.392227575182914734e-02,-5.102766677737236023e-02
0.000000000000000000e+00,3.097738325595855713e-01,-4.545371234416961670e-02,0.000000000000000000e+00,-2.150132417678833008e+00,7.560915350914001465e-01
0.000000000000000000e+00,-1.134849190711975098e+00,-7.269183993339538574e-01,0.000000000000000000e+00,-1.075432822108268738e-02,2.489636838436126709e-02
0.000000000000000000e+00,-1.860525131225585938e+00,-7.323462367057800293e-01,0.000000000000000000e+00,-2.359117567539215088e-01,1.884275674819946289e-01
0.000000000000000000e+00,1.084630608558654785e+00,-3.422439396381378174e-01,0.000000000000000000e+00,-1.556214392185211182e-01,1.711452566087245941e-02
0.000000000000000000e+00,-2.747271776199340820e+00,-5.979163050651550293e-01,0.000000000000000000e+00,1.784902334213256836e+00,-5.164119601249694824e-01
0.000000000000000000e+00,-2.488542318344116211e+00,1.953256875276565552e-01,0.000000000000000000e+00,-3.564677834510803223e-01,2.982723712921142578e-01
0.000000000000000000e+00,3.060197591781616211e+00,-1.530423760414123535e+00,0.000000000000000000e+00,-3.765497207641601562e+00,2.082658767700195312e+00
0.000000000000000000e+00,-2.845226287841796875e+00,-7.860082983970642090e-01,0.000000000000000000e+00,2.024742841720581055e+00,1.226836442947387695e+00
0.000000000000000000e+00,-7.706834673881530762e-01,-1.119865059852600098e+00,0.000000000000000000e+00,-8.552262187004089355e-02,1.953400671482086182e-01
0.000000000000000000e+00,-2.206731557846069336e+00,8.829538226127624512e-01,0.000000000000000000e+00,-1.858043313026428223e+00,-2.818391323089599609e-01
0.000000000000000000e+00,1.277491807937622070e+00,-5.388271212577819824e-01,0.000000000000000000e+00,5.373917520046234131e-02,-2.206054329872131348e-02
0.000000000000000000e+00,-4.352368414402008057e-01,4.938093125820159912e-01,0.000000000000000000e+00,2.267818748950958252e-01,-3.561380505561828613e-01
0.000000000000000000e+00,1.351480484008789062e+00,9.857695698738098145e-01,0.000000000000000000e+00,-1.901808679103851318e-01,1.637539714574813843e-01
0.000000000000000000e+00,2.452985346317291260e-01,1.142324924468994141e+00,0.000000000000000000e+00,-1.608157157897949219e+00,-1.465025067329406738e+00
0.000000000000000000e+00,-1.759750366210937500e+00,1.402804136276245117e+00,0.000000000000000000e+00,-1.628243207931518555e+00,-2.231601476669311523e-01
0.000000000000000000e+00,2.170505762100219727e+00,3.517599999904632568e-01,0.000000000000000000e+00,-2.346992492675781250e-03,-4.457884654402732849e-02
0.000000000000000000e+00,5.959007143974304199e-01,5.416412651538848877e-02,0.000000000000000000e+00,-7.078713774681091309e-01,-1.148707792162895203e-02
0.000000000000000000e+00,3.074799776077270508e+00,-8.155042529106140137e-01,0.000000000000000000e+00,2.430281877517700195e+00,2.829562664031982422e+00
0.000000000000000000e+00,-2.234172105789184570e+00,-7.316798567771911621e-01,0.000000000000000000e+00,-5.536575317382812500e-01,3.695093095302581787e-01
0.000000000000000000e+00,8.154367804527282715e-01,-1.365440726280212402e+00,0.000000000000000000e+00,1.206760406494140625e-01,1.111937046051025391e+00
0.000000000000000000e+00,-2.445821046829223633e+00,5.131776630878448486e-02,0.000000000000000000e+00,3.595173358917236328e-01,9.486550092697143555e-02
0.000000000000000000e+00,-2.460327930748462677e-02,3.132180310785770416e-03,0.000000000000000000e+00,-3.906902551651000977e+00,-2.972027361392974854e-01
0.000000000000000000e+00,2.455194234848022461e+00,4.665437638759613037e-01,0.000000000000000000e+00,1.203754544258117676e-02,1.371852494776248932e-02
0.000000000000000000e+00,1.377083063125610352e+00,-4.853110015392303467e-02,0.000000000000000000e+00,-1.200102567672729492e-01,-3.203692287206649780e-02
0.000000000000000000e+00,4.911822378635406494e-01,-4.396828711032867432e-01,0.000000000000000000e+00,-1.115773677825927734e+00,1.498604178428649902e+00
0.000000000000000000e+00,-2.869348764419555664e+00,-1.060608506202697754e+00,0.000000000000000000e+00,-3.690826416015625000e+00,1.078229236602783203e+01
0.000000000000000000e+00,1.225289702415466309e+00,-2.013354748487472534e-01,0.000000000000000000e+00,-1.424160003662109375e-01,-1.024165973067283630e-01
0.000000000000000000e+00,-2.582042694091796875e+00,4.945054948329925537e-01,0.000000000000000000e+00,-1.027939796447753906e+00,-1.640291452407836914e+00
0.000000000000000000e+00,-3.614100515842437744e-01,3.572908341884613037e-01,0.000000000000000000e+00,5.119102001190185547e-01,-4.274029135704040527e-01
0.000000000000000000e+00,5.185043215751647949e-01,-1.219266772270202637e+00,0.000000000000000000e+00,-1.623860239982604980e+00,3.620314598083496094e-01
0.000000000000000000e+00,1.181433916091918945e+00,-8.700448870658874512e-01,0.000000000000000000e+00,-3.791080117225646973e-01,-7.214474678039550781e-02
0.000000000000000000e+00,-1.543972849845886230e+00,-9.193438887596130371e-01,0.000000000000000000e+00,-3.784143924713134766e-01,-6.802266836166381836e-02
0.000000000000000000e+00,-2.550347328186035156e+00,-1.052390217781066895e+00,0.000000000000000000e+00,-3.526824951171875000e+00,4.875542163848876953e+00
0.000000000000000000e+00,5.528764128684997559e-01,2.006425410509109497e-01,0.000000000000000000e+00,-3.827054798603057861e-01,-1.591116487979888916e-01
0.000000000000000000e+00,7.956611514091491699e-01,-7.287999987602233887e-01,0.000000000000000000e+00,-5.918147563934326172e-01,2.094304263591766357e-01
0.000000000000000000e+00,-1.490454554557800293e+00,-7.826201617717742920e-02,0.000000000000000000e+00,6.752242892980575562e-02,-1.607894338667392731e-02
0.000000000000000000e+00,-2.705348491668701172e+00,7.526379823684692383e-01,0.000000000000000000e+00,1.609319448471069336e+00,-1.742425858974456787e-01
0.000000000000000000e+00,-2.598126649856567383e+00,-2.959111034870147705e-01,0.000000000000000000e+00,5.117809772491455078e-02,-1.071441769599914551e-01
0.000000000000000000e+00,1.572375535964965820e+00,-8.815025687217712402e-01,0.000000000000000000e+00,2.901893258094787598e-01,3.911004066467285156e-01
0.000000000000000000e+00,1.812555670738220215e+00,3.825127780437469482e-01,0.000000000000000000e+00,5.075044929981231689e-02,4.733159393072128296e-02
0.000000000000000000e+00,3.098615646362304688e+00,1.378467679023742676e+00,0.000000000000000000e+00,2.374869287014007568e-01,-1.026932954788208008e+00
0.000000000000000000e+00,1.774604558944702148e+00,-5.365757346153259277e-01,0.000000000000000000e+00,-5.746325850486755371e-02,-8.430829644203186035e-02
0.000000000000000000e+00,2.761276483535766602e+00,2.490124255418777466e-01,0.000000000000000000e+00,1.845383644104003906e-02,-5.387556552886962891e-02
0.000000000000000000e+00,-1.458467483520507812e+00,-2.325849980115890503e-01,0.000000000000000000e+00,1.672814041376113892e-02,-2.598157897591590881e-02
0.000000000000000000e+00,-5.697399973869323730e-01,4.031270444393157959e-01,0.000000000000000000e+00,-2.157673984766006470e-02,-1.475462019443511963e-01
0.000000000000000000e+00,2.308595418930053711e+00,-2.387031763792037964e-01,0.000000000000000000e+00,-5.119330435991287231e-02,-2.850559912621974945e-02
0.000000000000000000e+00,9.905421137809753418e-01,8.914561271667480469e-01,0.000000000000000000e+00,9.418055415153503418e-02,-7.630492746829986572e-02
0.000000000000000000e+00,9.824370741844177246e-01,1.432721138000488281e+00,0.000000000000000000e+00,9.839228391647338867e-01,9.436036348342895508e-01
0.000000000000000000e+00,2.566559076309204102e+00,1.593545228242874146e-01,0.000000000000000000e+00,6.601685285568237305e-02,-1.409659720957279205e-02
0.000000000000000000e+00,-1.946292757987976074e+00,6.184442341327667236e-02,0.000000000000000000e+00,2.599918097257614136e-02,-4.320269078016281128e-02
0.000000000000000000e+00,-1.864155650138854980e+00,1.096841812133789062e+00,0.000000000000000000e+00,-9.446681141853332520e-01,-6.713665723800659180e-01
0.000000000000000000e+00,3.014239370822906494e-01,9.334410429000854492e-01,0.000000000000000000e+00,2.374197721481323242e+00,1.160515427589416504e+00
0.000000000000000000e+00,2.596700906753540039e+00,1.264435529708862305e+00,0.000000000000000000e+00,5.049002170562744141e-01,-1.140766888856887817e-01
0.000000000000000000e+00,1.870537042617797852e+00,5.456810593605041504e-01,0.000000000000000000e+00,4.659784957766532898e-03,9.146463125944137573e-03
0.000000000000000000e+00,9.217233061790466309e-01,-2.372645586729049683e-01,0.000000000000000000e+00,-1.055559515953063965e-01,1.183210015296936035e-01
0.000000000000000000e+00,1.712931990623474121e+00,6.495467424392700195e-01,0.000000000000000000e+00,-4.296917468309402466e-02,-2.287568524479866028e-02
0.000000000000000000e+00,1.229447126388549805e+00,-1.060013379901647568e-02,0.000000000000000000e+00,2.526481449604034424e-02,-2.134950365871191025e-03
0.000000000000000000e+00,7.965933680534362793e-01,-4.176466166973114014e-02,0.000000000000000000e+00,-1.444400548934936523e-01,2.316776961088180542e-01
0.000000000000000000e+00,7.859169840812683105e-01,6.298704147338867188e-01,0.000000000000000000e+00,-5.524261295795440674e-02,-1.219368577003479004e-01
0.000000000000000000e+00,-2.143903493881225586e+00,-5.307697653770446777e-01,0.000000000000000000e+00,4.944910854101181030e-02,-4.350930452346801758e-03
0.000000000000000000e+00,9.882110953330993652e-01,3.476803004741668701e-01,0.000000000000000000e+00,-9.960601478815078735e-02,-3.582066297531127930e-02
0.000000000000000000e+00,-5.027023330330848694e-02,5.432360768318176270e-01,0.000000000000000000e+00,2.426469087600708008e+00,-1.731558322906494141e+00
0.000000000000000000e+00,-2.882436513900756836e+00,6.672790050506591797e-01,0.000000000000000000e+00,9.846240878105163574e-01,-1.088417768478393555e+00
0.000000000000000000e+00,2.782673358917236328e+00,4.422900378704071045e-01,0.000000000000000000e+00,-9.055419266223907471e-02,-3.499428927898406982e-02
0.000000000000000000e+00,2.574434757232666016e+00,-5.395686030387878418e-01,0.000000000000000000e+00,3.492344021797180176e-01,4.169644713401794434e-01
0.000000000000000000e+00,-5.446931719779968262e-01,-1.014688134193420410e+00,0.000000000000000000e+00,-1.124915480613708496e-01,3.845418989658355713e-01
0.000000000000000000e+00,-3.715733587741851807e-01,1.044381260871887207e+00,0.000000000000000000e+00,-1.104533672332763672e-03,-1.522670269012451172e+00
0.000000000000000000e+00,-1.258547425270080566e+00,5.425376296043395996e-01,0.000000000000000000e+00,-1.804150082170963287e-02,-3.502023965120315552e-02
0.000000000000000000e+00,-2.443523883819580078e+00,-7.309073805809020996e-01,0.000000000000000000e+00,-1.538285017013549805e-01,5.287350416183471680e-01
0.000000000000000000e+00,3.176537528634071350e-02,1.336233139038085938e+00,0.000000000000000000e+00,-2.589618206024169922e+00,-4.591472148895263672e-01
0.000000000000000000e+00,-1.361453771591186523e+00,4.930491745471954346e-02,0.000000000000000000e+00,-5.110946297645568848e-02,1.727112568914890289e-02
0.000000000000000000e+00,1.377791762351989746e+00,-7.795962691307067871e-01,0.000000000000000000e+00,-2.165635526180267334e-01,-5.791306495666503906e-03
0.000000000000000000e+00,1.399486541748046875e+00,8.368960618972778320e-01,0.000000000000000000e+00,-4.463722929358482361e-02,1.150736436247825623e-01
0.000000000000000000e+00,2.173781156539916992e+00,-5.342890620231628418e-01,0.000000000000000000e+00,1.637744158506393433e-01,2.284813225269317627e-01
0.000000000000000000e+00,-1.167466640472412109e+00,-3.354425728321075439e-01,0.000000000000000000e+00,3.816140070557594299e-02,2.204399555921554565e-02
0.000000000000000000e+00,2.463284969329833984e+00,-1.433212012052536011e-01,0.000000000000000000e+00,-6.231878697872161865e-02,-1.820150762796401978e-03
0.000000000000000000e+00,1.573585033416748047e+00,1.325624704360961914e+00,0.000000000000000000e+00,7.172021865844726562e-01,-2.587583363056182861e-01
0.000000000000000000e+00,-1.941938996315002441e+00,-5.286051630973815918e-01,0.000000000000000000e+00,-5.304783582687377930e-03,-5.944259464740753174e-02
0.000000000000000000e+00,1.375773429870605469e+00,1.496847420930862427e-01,0.000000000000000000e+00,8.553942292928695679e-02,4.484379291534423828e-02
0.000000000000000000e+00,7.855777144432067871e-01,9.848061800003051758e-01,0.000000000000000000e+00,7.823143899440765381e-02,-5.292150378227233887e-02
0.000000000000000000e+00,2.082128763198852539e+00,1.246548295021057129e+00,0.000000000000000000e+00,1.299938857555389404e-01,3.271283581852912903e-02
0.000000000000000000e+00,-1.368833184242248535e+00,1.156502962112426758e+00,0.000000000000000000e+00,-6.874041557312011719e-01,2.466499805450439453e-01
0.000000000000000000e+00,1.885362148284912109e+00,9.479793906211853027e-01,0.000000000000000000e+00,1.760969758033752441e-01,-1.284234076738357544e-01
0.000000000000000000e+00,3.942957893013954163e-02,-5.291015505790710449e-01,0.000000000000000000e+00,-9.751990437507629395e-01,2.605076313018798828e+00
0.000000000000000000e+00,1.385836720466613770e+00,1.138273954391479492e+00,0.000000000000000000e+00,8.441224694252014160e-02,4.102443903684616089e-02
0.000000000000000000e+00,2.356313467025756836e+00,3.436450660228729248e-01,0.000000000000000000e+00,-5.587232857942581177e-02,8.622840046882629395e-03
0.000000000000000000e+00,2.857302904129028320e+00,6.982536613941192627e-02,0.000000000000000000e+00,1.483930051326751709e-01,-2.202858030796051025e-02
0.000000000000000000e+00,-5.678302645683288574e-01,5.934476852416992188e-01,0.000000000000000000e+00,2.563394308090209961e-01,3.037489652633666992e-01
0.000000000000000000e+00,-2.122557640075683594e+00,5.694682002067565918e-01,0.000000000000000000e+00,-3.801324963569641113e-02,-2.112412452697753906e-02
0.000000000000000000e+00,-2.453287363052368164e+00,1.031847238540649414e+00,0.000000000000000000e+00,-3.546218872070312500e+00,-2.001018762588500977e+00
0.000000000000000000e+00,-1.623860239982604980e+00,8.785772919654846191e-01,0.000000000000000000e+00,-7.373937219381332397e-02,-2.133167088031768799e-01
0.000000000000000000e+00,7.859792113304138184e-01,1.137731909751892090e+00,0.000000000000000000e+00,-7.687095403671264648e-01,7.683578133583068848e-02
0.000000000000000000e+00,1.110553383827209473e+00,4.729834496974945068e-01,0.000000000000000000e+00,-6.010545045137405396e-02,3.729567676782608032e-02
0.000000000000000000e+00,-4.407583773136138916e-01,-3.255983889102935791e-01,0.000000000000000000e+00,-6.746993958950042725e-02,3.139189779758453369e-01
0.000000000000000000e+00,2.364176988601684570e+00,8.382424116134643555e-01,0.000000000000000000e+00,-2.840709686279296875e-02,-5.459494888782501221e-02
0.000000000000000000e+00,-2.873967885971069336e+00,8.486551642417907715e-01,0.000000000000000000e+00,5.742704868316650391e-01,8.271443843841552734e-02
0.000000000000000000e+00,-2.396991729736328125e+00,-1.318709015846252441e+00,0.000000000000000000e+00,-5.860483169555664062e+00,2.357771873474121094e+00
0.000000000000000000e+00,-2.548691749572753906e+00,-1.463176459074020386e-01,0.000000000000000000e+00,2.101006954908370972e-01,-3.000844456255435944e-02
0.000000000000000000e+00,-1.226381182670593262e+00,-1.794044487178325653e-02,0.000000000000000000e+00,-2.293443866074085236e-02,1.055122632533311844e-02
0.000000000000000000e+00,1.053195595741271973e+00,2.068924456834793091e-01,0.000000000000000000e+00,-3.045665845274925232e-02,-4.331737756729125977e-02
0.000000000000000000e+00,-9.162393212318420410e-02,-6.345593333244323730e-01,0.000000000000000000e+00,-1.531810164451599121e+00,1.553066611289978027e+00
0.000000000000000000e+00,1.510773539543151855e+00,4.512117803096771240e-01,0.000000000000000000e+00,-4.068273678421974182e-02,-4.108911007642745972e-02
0.000000000000000000e+00,-1.345028281211853027e+00,-1.240597218275070190e-01,0.000000000000000000e+00,4.499343410134315491e-02,-2.915897034108638763e-02
0.000000000000000000e+00,6.789757609367370605e-01,3.158881366252899170e-01,0.000000000000000000e+00,2.324015051126480103e-01,-3.014592826366424561e-02
0.000000000000000000e+00,4.106558859348297119e-01,-6.353556513786315918e-01,0.000000000000000000e+00,-3.211222410202026367e+00,1.538088321685791016e+00
0.000000000000000000e+00,2.232819080352783203e+00,1.391856074333190918e+00,0.000000000000000000e+00,3.827046155929565430e-01,-3.364167809486389160e-01
0.000000000000000000e+00,2.958574295043945312e+00,5.531607270240783691e-01,0.000000000000000000e+00,-4.332208633422851562e-02,-3.242044448852539062e-01
0.000000000000000000e+00,-1.472036838531494141e+00,7.454602122306823730e-01,0.000000000000000000e+00,-1.424791365861892700e-01,6.524650007486343384e-02
0.000000000000000000e+00,-2.729703903198242188e+00,4.213784635066986084e-01,0.000000000000000000e+00,-2.662475585937500000e+00,-1.562091708183288574e+00
0.000000000000000000e+00,-2.988839387893676758e+00,-3.637771308422088623e-02,0.000000000000000000e+00,1.186995267868041992e+00,4.610824286937713623e-01
0.000000000000000000e+00,-1.324989795684814453e+00,-3.107346594333648682e-01,0.000000000000000000e+00,-2.175442874431610107e-03,1.974496990442276001e-04
0.000000000000000000e+00,2.787199497222900391e+00,-5.053555369377136230e-01,0.000000000000000000e+00,4.697478413581848145e-01,1.863947212696075439e-01
0.000000000000000000e+00,-7.694465517997741699e-01,-4.716186225414276123e-02,0.000000000000000000e+00,-4.456305503845214844e-02,1.616455148905515671e-03
0.000000000000000000e+00,5.062462687492370605e-01,1.038573980331420898e+00,0.000000000000000000e+00,7.650837302207946777e-02,-2.032106965780258179e-01
0.000000000000000000e+00,4.686434986069798470e-04,-1.469477862119674683e-01,0.000000000000000000e+00,-1.109066486358642578e+00,1.618662834167480469e+00
0.000000000000000000e+00,1.486745357513427734e+00,2.548823058605194092e-01,0.000000000000000000e+00,6.580826640129089355e-02,3.241665661334991455e-03
0.000000000000000000e+00,-5.705706477165222168e-01,-8.312050700187683105e-01,0.000000000000000000e+00,-1.217842102050781250e-02,2.390784621238708496e-01
0.000000000000000000e+00,-1.624131083488464355e+00,6.416550874710083008e-01,0.000000000000000000e+00,-7.054966688156127930e-02,-4.789521917700767517e-02
0.000000000000000000e+00,1.210419416427612305e+00,1.752255707979202271e-01,0.000000000000000000e+00,8.503907918930053711e-02,4.600257799029350281e-02
0.000000000000000000e+00,-9.597470164299011230e-01,-4.379972517490386963e-01,0.000000000000000000e+00,5.380190536379814148e-02,-3.539523854851722717e-02
0.000000000000000000e+00,-1.570642232894897461e+00,1.037613272666931152e+00,0.000000000000000000e+00,-1.573062688112258911e-01,-4.325702786445617676e-03
0.000000000000000000e+00,-2.348862409591674805e+00,6.427605152130126953e-01,0.000000000000000000e+00,7.541648745536804199e-01,-2.452573180198669434e-01
0.000000000000000000e+00,-3.035733938217163086e+00,3.494933545589447021e-01,0.000000000000000000e+00,-1.313470363616943359e+00,-3.320323228836059570e-01
0.000000000000000000e+00,-2.431684255599975586e+00,8.365395069122314453e-01,0.000000000000000000e+00,-6.491116881370544434e-01,2.328097820281982422e-02
0.000000000000000000e+00,-1.152765154838562012e+00,1.314983248710632324e+00,0.000000000000000000e+00,-1.599396705627441406e+00,-2.489304542541503906e-02
0.000000000000000000e+00,-2.742340564727783203e+00,-2.392186373472213745e-01,0.000000000000000000e+00,2.200467288494110107e-01,-2.293636798858642578e-01
0.000000000000000000e+00,1.397061944007873535e+00,-4.301365911960601807e-01,0.000000000000000000e+00,1.848610192537307739e-01,8.421340584754943848e-02
0.000000000000000000e+00,-2.255718231201171875e+00,-4.145802557468414307e-01,0.000000000000000000e+00,3.439351916313171387e-01,-8.717447519302368164e-03
0.000000000000000000e+00,-6.407000422477722168e-01,2.521198689937591553e-01,0.000000000000000000e+00,-2.025061845779418945e-02,-6.872314214706420898e-02
0.000000000000000000e+00,-2.999966382980346680e+00,-8.954147696495056152e-01,0.000000000000000000e+00,1.172895908355712891e+00,5.678659915924072266e+00
0.000000000000000000e+00,2.577857732772827148e+00,-4.505138099193572998e-02,0.000000000000000000e+00,-2.599673718214035034e-02,1.030636504292488098e-01
0.000000000000000000e+00,-8.058297038078308105e-01,1.661849766969680786e-01,0.000000000000000000e+00,4.940060526132583618e-02,-9.394606947898864746e-02
0.000000000000000000e+00,2.569915771484375000e+00,-7.321802973747253418e-01,0.000000000000000000e+00,5.544101595878601074e-01,1.016197204589843750e+00
0.000000000000000000e+00,-1.923089504241943359e+00,6.499943137168884277e-01,0.000000000000000000e+00,-2.386323809623718262e-01,1.027375459671020508e-03
0.000000000000000000e+00,2.850245714187622070e+00,-8.325104117393493652e-01,0.000000000000000000e+00,1.829065442085266113e+00,3.474938392639160156e+00
0.000000000000000000e+00,-1.555330753326416016e+00,2.722190320491790771e-01,0.000000000000000000e+00,-6.409651041030883789e-02,6.201590225100517273e-02
0.000000000000000000e+00,9.273533225059509277e-01,7.369931340217590332e-01,0.000000000000000000e+00,2.263978421688079834e-01,-1.848051846027374268e-01
0.000000000000000000e+00,2.971803247928619385e-01,-7.963277697563171387e-01,0.000000000000000000e+00,-3.533916234970092773e+00,1.408776044845581055e+00
0.000000000000000000e+00,1.112812638282775879e+00,6.442966461181640625e-01,0.000000000000000000e+00,1.667144298553466797e-01,-2.335754036903381348e-02
0.000000000000000000e+00,-1.076145291328430176e+00,4.652386605739593506e-01,0.000000000000000000e+00,-4.348565638065338135e-02,2.899839170277118683e-02
0.000000000000000000e+00,-5.713621973991394043e-01,9.391557574272155762e-01,0.000000000000000000e+00,4.635192155838012695e-01,-2.216944694519042969e-01
0.000000000000000000e+00,-1.791934728622436523e+00,-3.234358131885528564e-01,0.000000000000000000e+00,-9.464606642723083496e-02,5.013499781489372253e-02
0.000000000000000000e+00,1.775169849395751953e+00,1.493836194276809692e-01,0.000000000000000000e+00,-3.992927446961402893e-02,-9.872641414403915405e-03
0.000000000000000000e+00,-9.690729975700378418e-01,-6.370138525962829590e-01,0.000000000000000000e+00,-1.109976693987846375e-01,3.512235358357429504e-02
0.000000000000000000e+00,2.162746906280517578e+00,7.363799810409545898e-01,0.000000000000000000e+00,-3.968823328614234924e-02,6.284700334072113037e-02
0.000000000000000000e+00,8.889587596058845520e-03,-3.375102579593658447e-01,0.000000000000000000e+00,1.567865729331970215e+00,2.897590875625610352e+00
0.000000000000000000e+00,4.505938589572906494e-01,-2.898150980472564697e-01,0.000000000000000000e+00,6.051390767097473145e-01,1.857310056686401367e+00
0.000000000000000000e+00,-2.047387838363647461e+00,-8.283993601799011230e-01,0.000000000000000000e+00,-5.361384153366088867e-01,3.110185265541076660e-01
0.000000000000000000e+00,2.011059820652008057e-01,-9.355322718620300293e-01,0.000000000000000000e+00,-2.726450443267822266e+00,1.378969669342041016e+00
0.000000000000000000e+00,1.579190969467163086e+00,-7.305483222007751465e-01,0.000000000000000000e+00,-6.164506077766418457e-02,1.263198256492614746e-01
0.000000000000000000e+00,2.396844863891601562e+00,6.493774056434631348e-01,0.000000000000000000e+00,2.463683485984802246e-02,1.092568039894104004e-02
0.000000000000000000e+00,2.289134740829467773e+00,-2.908031456172466278e-02,0.000000000000000000e+00,9.138017147779464722e-02,1.863151788711547852e-02
0.000000000000000000e+00,-1.763603091239929199e+00,7.479147911071777344e-01,0.000000000000000000e+00,-2.012909054756164551e-01,-2.190997004508972168e-01
0.000000000000000000e+00,1.712555885314941406e+00,-2.271883934736251831e-01,0.000000000000000000e+00,7.389993965625762939e-02,5.079974979162216187e-02
0.000000000000000000e+00,1.692935109138488770e+00,-1.015665650367736816e+00,0.000000000000000000e+00,4.537670612335205078e-01,7.418457269668579102e-01
0.000000000000000000e+00,1.530934870243072510e-01,-4.064574539661407471e-01,0.000000000000000000e+00,9.045887589454650879e-01,3.650550603866577148e+00
0.000000000000000000e+00,-2.934909582138061523e+00,-2.438061684370040894e-01,0.000000000000000000e+00,1.821793913841247559e-01,-4.316110908985137939e-01
0.000000000000000000e+00,-2.834606647491455078e+00,3.278787434101104736e-02,0.000000000000000000e+00,1.850857734680175781e+00,9.858136773109436035e-01
0.000000000000000000e+00,2.188448190689086914e+00,-7.283644080162048340e-01,0.000000000000000000e+00,3.822737932205200195e-01,5.753328800201416016e-01
0.000000000000000000e+00,-3.673826754093170166e-01,-7.727941870689392090e-01,0.000000000000000000e+00,-1.876467168331146240e-01,5.325665473937988281e-01
0.000000000000000000e+00,-2.117496013641357422e+00,-3.299908936023712158e-01,0.000000000000000000e+00,1.688483655452728271e-01,-2.065756916999816895e-02
0.000000000000000000e+00,-1.952499449253082275e-01,6.341556906700134277e-01,0.000000000000000000e+00,2.166183471679687500e+00,7.284650802612304688e-01
0.000000000000000000e+00,2.655565977096557617e+00,-2.450839728116989136e-01,0.000000000000000000e+00,7.041953504085540771e-02,-1.276461929082870483e-01
0.000000000000000000e+00,2.261097431182861328e+00,5.413866639137268066e-01,0.000000000000000000e+00,4.572853446006774902e-02,1.215323619544506073e-02
0.000000000000000000e+00,1.871262669563293457e+00,-1.226624846458435059e+00,0.000000000000000000e+00,2.880544662475585938e-01,2.983071327209472656e+00
0.000000000000000000e+00,-2.032692432403564453e+00,1.969694644212722778e-01,0.000000000000000000e+00,1.460036635398864746e-02,1.473427563905715942e-02
0.000000000000000000e+00,-9.260899424552917480e-01,5.470539927482604980e-01,0.000000000000000000e+00,5.812475830316543579e-02,1.462834626436233521e-01
0.000000000000000000e+00,8.941251635551452637e-01,-4.329845011234283447e-01,0.000000000000000000e+00,-3.180029392242431641e-01,1.565703451633453369e-01
0.000000000000000000e+00,-5.601763129234313965e-01,7.455980181694030762e-01,0.000000000000000000e+00,7.380595803260803223e-01,1.239826798439025879e+00
0.000000000000000000e+00,2.953494071960449219e+00,3.462511003017425537e-01,0.000000000000000000e+00,-2.299694120883941650e-01,2.827663719654083252e-02
0.000000000000000000e+00,-3.828770220279693604e-01,8.360012173652648926e-01,0.000000000000000000e+00,1.803209066390991211e+00,2.604905843734741211e+00
0.000000000000000000e+00,-1.643551707267761230e+00,-2.354921549558639526e-01,0.000000000000000000e+00,-2.119532227516174316e-02,2.183838188648223877e-02
0.000000000000000000e+00,2.981572151184082031e+00,1.835391074419021606e-01,0.000000000000000000e+00,3.168067336082458496e-01,1.239682137966156006e-01
0.000000000000000000e+00,-3.036041259765625000e+00,-5.099493861198425293e-01,0.000000000000000000e+00,2.160030841827392578e+00,-1.180534362792968750e+00
0.000000000000000000e+00,-7.493230700492858887e-01,-4.120900928974151611e-01,0.000000000000000000e+00,9.533368796110153198e-02,2.307064831256866455e-02
0.000000000000000000e+00,1.833258032798767090e+00,-8.829528689384460449e-01,0.000000000000000000e+00,4.723629653453826904e-01,5.973579883575439453e-01
0.000000000000000000e+00,1.789500951766967773e+00,-7.330572009086608887e-01,0.000000000000000000e+00,2.478869557380676270e-01,3.318968415260314941e-01
0.000000000000000000e+00,-1.607607901096343994e-01,-3.140765726566314697e-01,0.000000000000000000e+00,7.499935030937194824e-01,1.362683773040771484e+00
0.000000000000000000e+00,-2.397554397583007812e+00,-1.143510788679122925e-01,0.000000000000000000e+00,-5.894064903259277344e-02,-7.428392767906188965e-02
0.000000000000000000e+00,1.202274858951568604e-01,-1.172438025474548340e+00,0.000000000000000000e+00,-1.635973930358886719e+00,8.887400627136230469e-01
0.000000000000000000e+00,-4.722363054752349854e-01,-1.395748108625411987e-01,0.000000000000000000e+00,-7.975529134273529053e-02,6.054044514894485474e-02
0.000000000000000000e+00,-2.824510097503662109e+00,2.874978482723236084e-01,0.000000000000000000e+00,-1.630876302719116211e+00,1.789588928222656250e-01
0.000000000000000000e+00,2.566185951232910156e+00,7.376055717468261719e-01,0.000000000000000000e+00,-3.331124782562255859e-03,-1.256888806819915771e-01
0.000000000000000000e+00,1.975267052650451660e+00,6.690926551818847656e-01,0.000000000000000000e+00,-4.606255888938903809e-02,1.355979591608047485e-02
0.000000000000000000e+00,3.118521213531494141e+00,-1.376179099082946777e+00,0.000000000000000000e+00,-5.424999713897705078e+00,8.268350601196289062e+00
0.000000000000000000e+00,2.120368480682373047e+00,7.943705655634403229e-03,0.000000000000000000e+00,5.454879254102706909e-02,1.880105212330818176e-02
0.000000000000000000e+00,2.945521116256713867e+00,-6.941787600517272949e-01,0.000000000000000000e+00,1.599318742752075195e+00,2.242356538772583008e-01
0.000000000000000000e+00,-2.924567759037017822e-01,-9.320685267448425293e-01,0.000000000000000000e+00,-3.174616098403930664e-01,7.425661087036132812e-01
0.000000000000000000e+00,-9.360613226890563965e-01,5.644769966602325439e-02,0.000000000000000000e+00,2.640862017869949341e-02,2.717306092381477356e-02
0.000000000000000000e+00,2.946553230285644531e+00,7.266056537628173828e-01,0.000000000000000000e+00,3.733021020889282227e-01,-1.530992984771728516e-02
0.000000000000000000e+00,2.584475755691528320e+00,-1.202376723289489746e+00,0.000000000000000000e+00,7.702627182006835938e-01,1.133139705657958984e+01
0.000000000000000000e+00,-1.852888464927673340e+00,9.429520964622497559e-01,0.000000000000000000e+00,-6.442788839340209961e-01,-6.044381856918334961e-01
0.000000000000000000e+00,1.253954410552978516e+00,-1.252936959266662598e+00,0.000000000000000000e+00,6.608963012695312500e-03,9.883139133453369141e-01
0.000000000000000000e+00,4.976467192173004150e-01,7.841231226921081543e-01,0.000000000000000000e+00,1.017946004867553711e+00,2.596229314804077148e-01
0.000000000000000000e+00,1.375157594680786133e+00,3.652757108211517334e-01,0.000000000000000000e+00,-5.573014914989471436e-02,-3.417784348130226135e-02
0.000000000000000000e+00,-9.517666697502136230e-01,7.613892555236816406e-01,0.000000000000000000e+00,1.660293340682983398e-02,-2.286853492259979248e-01
0.000000000000000000e+00,1.377039194107055664e+00,-9.770442843437194824e-01,0.000000000000000000e+00,2.184211611747741699e-01,2.430779337882995605e-01
0.000000000000000000e+00,2.388154506683349609e+00,-8.080002665519714355e-01,0.000000000000000000e+00,6.499714851379394531e-01,1.101958036422729492e+00
0.000000000000000000e+00,2.358446598052978516e+00,-4.402929842472076416e-01,0.000000000000000000e+00,2.130647301673889160e-01,6.612280011177062988e-02
0.000000000000000000e+00,8.946744799613952637e-01,1.504303961992263794e-01,0.000000000000000000e+00,-1.569440662860870361e-01,-1.072206050157546997e-01
0.000000000000000000e+00,-7.434195876121520996e-01,-2.186508625745773315e-01,0.000000000000000000e+00,-4.272369295358657837e-02,6.578239798545837402e-02
0.000000000000000000e+00,5.988375544548034668e-01,6.473712921142578125e-01,0.000000000000000000e+00,-1.628203392028808594e-01,-2.732244133949279785e-01
0.000000000000000000e+00,1.183732271194458008e+00,7.949323058128356934e-01,0.000000000000000000e+00,8.472175151109695435e-02,1.398988068103790283e-02
0.000000000000000000e+00,1.613460302352905273e+00,7.797787189483642578e-01,0.000000000000000000e+00,1.296922564506530762e-02,-1.056847721338272095e-02
0.000000000000000000e+00,1.593210101127624512e+00,-5.262290835380554199e-01,0.000000000000000000e+00,-6.856886297464370728e-02,-2.543491497635841370e-02
0.000000000000000000e+00,9.893336892127990723e-02,1.473397761583328247e-01,0.000000000000000000e+00,-4.272918224334716797e+00,-1.383623242378234863e+00
0.000000000000000000e+00,-2.346074104309082031e+00,3.438130319118499756e-01,0.000000000000000000e+00,-5.442670583724975586e-01,-2.538293004035949707e-01
0.000000000000000000e+00,4.991165697574615479e-01,3.480795323848724365e-01,0.000000000000000000e+00,3.031961321830749512e-01,-1.576737165451049805e-01
0.000000000000000000e+00,-9.718504548072814941e-02,3.795811831951141357e-01,0.000000000000000000e+00,1.291222572326660156e+00,-2.125334262847900391e+00
0.000000000000000000e+00,-4.828635230660438538e-02,-9.931141734123229980e-01,0.000000000000000000e+00,-1.352888226509094238e+00,1.265426158905029297e+00
0.000000000000000000e+00,-7.773692011833190918e-01,-7.826718688011169434e-01,0.000000000000000000e+00,-1.144524663686752319e-01,1.526994854211807251e-01
0.000000000000000000e+00,2.708436727523803711e+00,1.009842902421951294e-01,0.000000000000000000e+00,9.160129725933074951e-02,-1.513457857072353363e-03
0.000000000000000000e+00,-5.738701224327087402e-01,-4.143452942371368408e-01,0.000000000000000000e+00,-1.522511988878250122e-02,2.170600444078445435e-01
0.000000000000000000e+00,-8.764314055442810059e-01,-3.018350899219512939e-01,0.000000000000000000e+00,3.362281620502471924e-02,-4.540044814348220825e-02
0.000000000000000000e+00,-1.829625666141510010e-01,9.180587530136108398e-01,0.000000000000000000e+00,2.761574029922485352e+00,2.653573036193847656e+00
0.000000000000000000e+00,-2.246479749679565430e+00,-4.581885039806365967e-02,0.000000000000000000e+00,-7.181610912084579468e-02,-3.623481094837188721e-02
0.000000000000000000e+00,-9.692966341972351074e-01,1.173870682716369629e+00,0.000000000000000000e+00,-1.137581110000610352e+00,-1.021428823471069336e+00
0.000000000000000000e+00,-2.157939195632934570e+00,7.369000315666198730e-01,0.000000000000000000e+00,-4.754714667797088623e-01,2.225438952445983887e-01
0.000000000000000000e+00,2.657695770263671875e+00,-4.078775942325592041e-01,0.000000000000000000e+00,3.401680290699005127e-01,5.361057817935943604e-02
0.000000000000000000e+00,3.334869444370269775e-01,3.767476975917816162e-01,0.000000000000000000e+00,2.269188463687896729e-01,-1.098987460136413574e+00
0.000000000000000000e+00,-6.281366944313049316e-02,1.510146409273147583e-01,0.000000000000000000e+00,-2.786611080169677734e+00,-1.260776996612548828e+00
0.000000000000000000e+00,6.627383828163146973e-02,6.673656105995178223e-01,0.000000000000000000e+00,3.185134887695312500e+00,3.200426995754241943e-01
0.000000000000000000e+00,-1.952701807022094727e+00,-1.461904495954513550e-01,0.000000000000000000e+00,-8.494359999895095825e-02,5.642172694206237793e-02
0.000000000000000000e+00,2.102653026580810547e+00,1.804419308900833130e-01,0.000000000000000000e+00,-7.135327160358428955e-02,-2.087755687534809113e-02
0.000000000000000000e+00,-9.166398644447326660e-02,7.684867382049560547e-01,0.000000000000000000e+00,3.711553812026977539e+00,3.269899606704711914e+00
0.000000000000000000e+00,-1.143905282020568848e+00,8.670870661735534668e-01,0.000000000000000000e+00,-2.228411734104156494e-01,-1.093221902847290039e-01
0.000000000000000000e+00,1.429403305053710938e+00,-6.314973235130310059e-01,0.000000000000000000e+00,-1.547343432903289795e-01,-6.386107206344604492e-02
0.000000000000000000e+00,9.052240252494812012e-01,-6.029660105705261230e-01,0.000000000000000000e+00,-1.915086060762405396e-01,2.437320649623870850e-01
0.000000000000000000e+00,6.974183917045593262e-01,-1.030626654624938965e+00,0.000000000000000000e+00,-2.069369792938232422e+00,1.021835803985595703e-01
0.000000000000000000e+00,-2.897529363632202148e+00,-4.032701551914215088e-01,0.000000000000000000e+00,9.798124432563781738e-01,-8.298957347869873047e-01
0.000000000000000000e+00,-2.905911505222320557e-01,-4.201451838016510010e-01,0.000000000000000000e+00,4.931403696537017822e-02,5.879055857658386230e-01
0.000000000000000000e+00,-2.393742561340332031e+00,4.918280541896820068e-01,0.000000000000000000e+00,-1.228804588317871094e-01,-8.538720607757568359e-01
0.000000000000000000e+00,-9.657780528068542480e-01,2.456956654787063599e-01,0.000000000000000000e+00,4.318840429186820984e-02,1.525278296321630478e-02
0.000000000000000000e+00,-5.551216006278991699e-01,1.242366194725036621e+00,0.000000000000000000e+00,-2.146108150482177734e+00,-2.486636877059936523e+00
0.000000000000000000e+00,-6.803802847862243652e-01,1.083230018615722656e+00,0.000000000000000000e+00,-7.987974882125854492e-01,-2.295532703399658203e+00
0.000000000000000000e+00,3.092493295669555664e+00,1.231915950775146484e+00,0.000000000000000000e+00,-5.628013610839843750e-02,-2.016232967376708984e+00
0.000000000000000000e+00,-1.640066623687744141e+00,-4.259254038333892822e-01,0.000000000000000000e+00,-7.760232686996459961e-02,7.004640996456146240e-03
0.000000000000000000e+00,-2.649101018905639648e+00,-7.340342402458190918e-01,0.000000000000000000e+00,9.982380867004394531e-01,4.812124967575073242e-01
0.000000000000000000e+00,-2.539504289627075195e+00,-4.413470327854156494e-01,0.000000000000000000e+00,4.057626724243164062e-01,5.202949047088623047e-03
0.000000000000000000e+00,-2.105247735977172852e+00,-1.060647219419479370e-01,0.000000000000000000e+00,-1.278475821018218994e-01,5.039365962147712708e-02
0.000000000000000000e+00,-1.658427000045776367e+00,1.574813872575759888e-01,0.000000000000000000e+00,-5.406944453716278076e-02,2.795274369418621063e-02
0.000000000000000000e+00,-8.817376494407653809e-01,9.725468754768371582e-01,0.000000000000000000e+00,-2.878056466579437256e-01,-1.012712001800537109e+00
0.000000000000000000e+00,-1.731648206710815430e+00,1.241632819175720215e+00,0.000000000000000000e+00,-1.097633838653564453e+00,-1.282129734754562378e-01
0.000000000000000000e+00,2.862258434295654297e+00,9.448660612106323242e-01,0.000000000000000000e+00,-3.185463845729827881e-01,-6.002413034439086914e-01
0.000000000000000000e+00,1.866763591766357422e+00,-4.098583757877349854e-01,0.000000000000000000e+00,-3.906807303428649902e-02,-1.083201467990875244e-01
0.000000000000000000e+00,-7.852084040641784668e-01,3.188177049160003662e-01,0.000000000000000000e+00,4.658548533916473389e-02,1.165800914168357849e-02
0.000000000000000000e+00,1.670854926109313965e+00,2.913622558116912842e-01,0.000000000000000000e+00,4.398551955819129944e-02,3.197700157761573792e-02
0.000000000000000000e+00,-2.228940963745117188e+00,-1.120762705802917480e+00,0.000000000000000000e+00,-2.657587051391601562e+00,1.593927145004272461e+00
0.000000000000000000e+00,8.351013064384460449e-01,2.897678315639495850e-01,0.000000000000000000e+00,-2.980037033557891846e-02,-1.330729275941848755e-01
0.000000000000000000e+00,1.182016432285308838e-01,-4.528300464153289795e-02,0.000000000000000000e+00,-3.590989828109741211e+00,6.354396343231201172e-01
0.000000000000000000e+00,-2.329698324203491211e+00,1.504555493593215942e-01,0.000000000000000000e+00,8.584880828857421875e-02,8.752623200416564941e-02
0.000000000000000000e+00,-1.168726682662963867e+00,1.034609198570251465e+00,0.000000000000000000e+00,-4.526948332786560059e-01,-7.689073681831359863e-02
0.000000000000000000e+00,-5.744759440422058105e-01,-6.325961947441101074e-01,0.000000000000000000e+00,-8.657798171043395996e-04,2.077986896038055420e-01
0.000000000000000000e+00,9.949436783790588379e-02,-7.461604475975036621e-01,0.000000000000000000e+00,-3.179490089416503906e+00,1.942670822143554688e+00
0.000000000000000000e+00,2.585242033004760742e+00,3.519588410854339600e-01,0.000000000000000000e+00,-4.496376961469650269e-02,-3.128098323941230774e-03
0.000000000000000000e+00,-3.761986792087554932e-01,-1.443806290626525879e+00,0.000000000000000000e+00,1.275038242340087891e+00,-2.341609001159667969e-01
0.000000000000000000e+00,2.411838054656982422e+00,1.953818351030349731e-01,0.000000000000000000e+00,7.111832499504089355e-03,-1.799894496798515320e-02
0.000000000000000000e+00,-2.153585195541381836e+00,1.193439364433288574e+00,0.000000000000000000e+00,-2.087832689285278320e+00,-1.474651694297790527e+00
0.000000000000000000e+00,-1.406650304794311523e+00,-7.956513762474060059e-01,0.000000000000000000e+00,3.332002088427543640e-02,-7.514318078756332397e-02
0.000000000000000000e+00,1.431507170200347900e-01,-2.238432615995407104e-01,0.000000000000000000e+00,9.671248197555541992e-01,3.116763591766357422e+00
0.000000000000000000e+00,1.684090971946716309e+00,4.909162223339080811e-01,0.000000000000000000e+00,-2.095534652471542358e-02,1.411195099353790283e-02
0.000000000000000000e+00,-1.862376928329467773e+00,2.470402270555496216e-01,0.000000000000000000e+00,-4.516378790140151978e-02,-2.821710892021656036e-02
0.000000000000000000e+00,2.486614286899566650e-01,9.219022095203399658e-02,0.000000000000000000e+00,-4.109090328216552734e+00,-6.196455359458923340e-01
0.000000000000000000e+00,-4.686860144138336182e-01,5.015321075916290283e-02,0.000000000000000000e+00,-7.278174161911010742e-03,-1.069711297750473022e-01
0.000000000000000000e+00,-2.722241878509521484e+00,5.879749059677124023e-01,0.000000000000000000e+00,4.780286550521850586e-02,-1.880578756332397461e+00
0.000000000000000000e+00,2.003959178924560547e+00,-5.020341277122497559e-01,0.000000000000000000e+00,2.835686504840850830e-02,3.337688744068145752e-02
0.000000000000000000e+00,-2.345907449722290039e+00,-5.763751864433288574e-01,0.000000000000000000e+00,4.312580823898315430e-02,2.475804984569549561e-01
0.000000000000000000e+00,-2.936588823795318604e-01,-4.747359454631805420e-02,0.000000000000000000e+00,-7.516749501228332520e-01,-1.449843645095825195e-01
0.000000000000000000e+00,-1.357031702995300293e+00,-6.364769339561462402e-01,0.000000000000000000e+00,2.676944620907306671e-02,-1.131382398307323456e-02
0.000000000000000000e+00,-1.794630765914916992e+00,-9.159366488456726074e-01,0.000000000000000000e+00,-5.196495652198791504e-01,2.005262970924377441e-01
0.000000000000000000e+00,8.980423808097839355e-01,-1.151175618171691895e+00,0.000000000000000000e+00,-1.089514255523681641e+00,-6.500208377838134766e-02
0.000000000000000000e+00,7.981500029563903809e-01,4.488361775875091553e-01,0.000000000000000000e+00,7.809694111347198486e-02,6.412935256958007812e-02
0.000000000000000000e+00,-4.417418539524078369e-01,-5.137133002281188965e-01,0.000000000000000000e+00,-1.507900953292846680e-01,3.134582936763763428e-01
0.000000000000000000e+00,-1.761254370212554932e-01,-1.461837738752365112e-01,0.000000000000000000e+00,-7.515649795532226562e-01,6.063543558120727539e-01
0.000000000000000000e+00,-8.586540818214416504e-02,-8.243479132652282715e-01,0.000000000000000000e+00,-1.561321020126342773e+00,1.410528779029846191e+00
0.000000000000000000e+00,2.951990842819213867e+00,-4.793803393840789795e-02,0.000000000000000000e+00,3.769740462303161621e-02,-3.564268350601196289e-02
0.000000000000000000e+00,1.998956322669982910e+00,3.689732253551483154e-01,0.000000000000000000e+00,6.484303623437881470e-02,-2.271251752972602844e-02
0.000000000000000000e+00,1.872330069541931152e+00,-2.318199127912521362e-01,0.000000000000000000e+00,8.019632101058959961e-02,1.373956911265850067e-02
0.000000000000000000e+00,-6.579930186271667480e-01,9.481103718280792236e-02,0.000000000000000000e+00,-3.328815102577209473e-03,-1.343270838260650635e-01
0.000000000000000000e+00,-7.516896128654479980e-01,8.384214639663696289e-01,0.000000000000000000e+00,2.746751308441162109e-01,-1.044399142265319824e-01
0.000000000000000000e+00,-1.842500269412994385e-01,5.626542866230010986e-02,0.000000000000000000e+00,-1.943539857864379883e+00,-5.497250556945800781e-01
0.000000000000000000e+00,-1.471993684768676758e+00,-4.413904249668121338e-01,0.000000000000000000e+00,-9.155870974063873291e-02,-1.123566180467605591e-03
0.000000000000000000e+00,1.101001381874084473e+00,-1.016999363899230957e+00,0.000000000000000000e+00,-4.888405203819274902e-01,-9.960067272186279297e-02
0.000000000000000000e+00,2.084930181503295898e+00,5.471664071083068848e-01,0.000000000000000000e+00,5.492019653320312500e-02,-1.213487237691879272e-02
0.000000000000000000e+00,-2.507330894470214844e+00,3.589528501033782959e-01,0.000000000000000000e+00,-1.534696698188781738e+00,-5.641884803771972656e-01
0.000000000000000000e+00,-1.070208191871643066e+00,1.277333050966262817e-01,0.000000000000000000e+00,1.654643937945365906e-02,1.593509688973426819e-02
0.000000000000000000e+00,1.281090140342712402e+00,4.907737672328948975e-01,0.000000000000000000e+00,-6.726671755313873291e-02,-1.637104153633117676e-02
0.000000000000000000e+00,-1.177818775177001953e+00,3.438797891139984131e-01,0.000000000000000000e+00,1.881954073905944824e-02,-8.612877875566482544e-02
0.000000000000000000e+00,2.459678649902343750e+00,5.101557075977325439e-02,0.000000000000000000e+00,7.599966973066329956e-02,3.375232219696044922e-02
0.000000000000000000e+00,2.358595132827758789e+00,-6.362075209617614746e-01,0.000000000000000000e+00,3.500071167945861816e-01,4.923561811447143555e-01
0.000000000000000000e+00,-2.822784483432769775e-01,-6.380974650382995605e-01,0.000000000000000000e+00,-5.763677358627319336e-01,6.937404274940490723e-01
0.000000000000000000e+00,7.858466506004333496e-01,-3.204996883869171143e-01,0.000000000000000000e+00,-2.758559584617614746e-01,1.222033873200416565e-01
0.000000000000000000e+00,-1.171869993209838867e+00,-1.757667511701583862e-01,0.000000000000000000e+00,3.092604875564575195e-02,-6.850894540548324585e-03
0.000000000000000000e+00,7.099751830101013184e-01,8.406338095664978027e-01,0.000000000000000000e+00,5.197179317474365234e-01,-7.217386364936828613e-02
0.000000000000000000e+00,2.779515743255615234e+00,6.399725675582885742e-01,0.000000000000000000e+00,1.832267343997955322e-01,-1.503482758998870850e-01
0.000000000000000000e+00,2.202421724796295166e-01,5.477028489112854004e-01,0.000000000000000000e+00,1.522261619567871094e+00,-1.889200687408447266e+00
0.000000000000000000e+00,-2.843621730804443359e+00,-1.225591152906417847e-01,0.000000000000000000e+00,9.257946014404296875e-01,1.391036510467529297e-01
0.000000000000000000e+00,-1.265843152999877930e+00,7.420804500579833984e-01,0.000000000000000000e+00,-1.783962845802307129e-01,4.798308759927749634e-02
0.000000000000000000e+00,2.176994323730468750e+00,-3.310578167438507080e-01,0.000000000000000000e+00,-7.756362855434417725e-02,6.227567791938781738e-03
0.000000000000000000e+00,1.640611290931701660e+00,-1.369387269020080566e+00,0.000000000000000000e+00,2.139663696289062500e-01,3.246252059936523438e+00
0.000000000000000000e+00,-7.782143950462341309e-01,-9.376096129417419434e-01,0.000000000000000000e+00,-3.117610514163970947e-02,2.775944173336029053e-01
0.000000000000000000e+00,2.115586519241333008e+00,8.883152604103088379e-01,0.000000000000000000e+00,1.180444955825805664e-01,-6.520156562328338623e-02
0.000000000000000000e+00,-1.472578644752502441e+00,-1.271395325660705566e+00,0.000000000000000000e+00,-6.221541166305541992e-01,-7.106765508651733398e-01
0.000000000000000000e+00,-2.500545024871826172e+00,-8.949596285820007324e-01,0.000000000000000000e+00,-8.985295295715332031e-01,1.808036327362060547e+00
0.000000000000000000e+00,2.771953821182250977e+00,1.130501151084899902e+00,0.000000000000000000e+00,2.432698011398315430e-01,-9.877964854240417480e-01
0.000000000000000000e+00,2.660036087036132812e+00,-9.324581027030944824e-01,0.000000000000000000e+00,2.029184341430664062e+00,5.729429244995117188e+00
0.000000000000000000e+00,-3.878058493137359619e-01,6.401026844978332520e-01,0.000000000000000000e+00,8.930071592330932617e-01,9.941505193710327148e-01
0.000000000000000000e+00,-2.241176128387451172e+00,-9.296783804893493652e-01,0.000000000000000000e+00,-8.877277374267578125e-01,7.248039841651916504e-01
0.000000000000000000e+00,-2.728764295578002930e+00,-4.331752359867095947e-01,0.000000000000000000e+00,7.678065299987792969e-01,-4.670261442661285400e-01
0.000000000000000000e+00,1.624596714973449707e+00,9.604626297950744629e-01,0.000000000000000000e+00,1.460856571793556213e-02,-8.765310049057006836e-04
0.000000000000000000e+00,-2.408126831054687500e+00,-3.418335020542144775e-01,0.000000000000000000e+00,1.837713867425918579e-01,3.479108214378356934e-02
0.000000000000000000e+00,-2.539098262786865234e+00,6.456934809684753418e-01,0.000000000000000000e+00,1.284353017807006836e+00,-8.452704548835754395e-01
0.000000000000000000e+00,1.999971628189086914e+00,-9.991347193717956543e-01,0.000000000000000000e+00,5.387594699859619141e-01,1.183969259262084961e+00
0.000000000000000000e+00,-1.962646722793579102e+00,8.015992641448974609e-01,0.000000000000000000e+00,-7.276287078857421875e-01,-1.559138894081115723e-01
0.000000000000000000e+00,1.301266789436340332e+00,6.462605595588684082e-01,0.000000000000000000e+00,9.083394706249237061e-02,1.344474405050277710e-02
0.000000000000000000e+00,2.596579790115356445e+00,9.508025646209716797e-01,0.000000000000000000e+00,-6.207856535911560059e-02,-3.848280608654022217e-01
0.000000000000000000e+00,2.598785877227783203e+00,5.748525857925415039e-01,0.000000000000000000e+00,9.901770949363708496e-02,-8.951400220394134521e-02
0.000000000000000000e+00,9.285790324211120605e-01,-8.906194567680358887e-01,0.000000000000000000e+00,-8.867839574813842773e-01,-5.229842662811279297e-02
0.000000000000000000e+00,2.481431007385253906e+00,-1.054889321327209473e+00,0.000000000000000000e+00,2.040053367614746094e+00,6.981241703033447266e+00
0.000000000000000000e+00,2.852973222732543945e+00,-3.400515615940093994e-01,0.000000000000000000e+00,4.404972195625305176e-01,-1.386732161045074463e-01
0.000000000000000000e+00,3.112606525421142578e+00,-6.164476275444030762e-01,0.000000000000000000e+00,2.394956111907958984e+00,-9.817292094230651855e-01
0.000000000000000000e+00,-1.369753837585449219e+00,-1.042839884757995605e+00,0.000000000000000000e+00,-3.663009405136108398e-01,-2.486191391944885254e-01
0.000000000000000000e+00,-1.119555354118347168e+00,-1.172321200370788574e+00,0.000000000000000000e+00,-1.576040983200073242e-01,-2.457221150398254395e-01
0.000000000000000000e+00,1.866155624389648438e+00,-4.573051631450653076e-02,0.000000000000000000e+00,2.259777858853340149e-02,-1.089208386838436127e-02
0.000000000000000000e+00,5.039587989449501038e-02,2.905353009700775146e-01,0.000000000000000000e+00,-8.728500604629516602e-01,-2.156057596206665039e+00
0.000000000000000000e+00,1.889177799224853516e+00,2.499639540910720825e-01,0.000000000000000000e+00,-2.381559461355209351e-02,2.785764448344707489e-02
0.000000000000000000e+00,4.523035585880279541e-01,-9.197885394096374512e-01,0.000000000000000000e+00,-2.774689435958862305e+00,7.233287096023559570e-01
0.000000000000000000e+00,-2.698362827301025391e+00,-4.366283118724822998e-02,0.000000000000000000e+00,1.333913683891296387e+00,4.267159998416900635e-01
0.000000000000000000e+00,-1.032421469688415527e+00,-2.416235655546188354e-01,0.000000000000000000e+00,1.930017769336700439e-02,-1.896589621901512146e-02
0.000000000000000000e+00,1.203931331634521484e+00,3.456264436244964600e-01,0.000000000000000000e+00,-1.106360554695129395e-01,1.474753022193908691e-03
0.000000000000000000e+00,5.034682154655456543e-01,-1.463733166456222534e-01,0.000000000000000000e+00,1.600262075662612915e-01,9.427398443222045898e-01
0.000000000000000000e+00,2.482121467590332031e+00,-3.250271379947662354e-01,0.000000000000000000e+00,1.170969456434249878e-01,-1.254272609949111938e-01
0.000000000000000000e+00,3.113971471786499023e+00,6.454519629478454590e-01,0.000000000000000000e+00,3.929982185363769531e-01,-5.346391201019287109e-01
0.000000000000000000e+00,-9.214717745780944824e-01,-1.312276244163513184e+00,0.000000000000000000e+00,1.834717988967895508e-01,-4.117159843444824219e-01
0.000000000000000000e+00,-2.746495962142944336e+00,1.554268151521682739e-01,0.000000000000000000e+00,5.360144972801208496e-01,1.071355104446411133e+00
0.000000000000000000e+00,-8.829647898674011230e-01,-1.469748467206954956e-01,0.000000000000000000e+00,-5.836416035890579224e-02,3.148112818598747253e-02
0.000000000000000000e+00,1.084992527961730957e+00,1.247926831245422363e+00,0.000000000000000000e+00,1.777074038982391357e-01,3.893954455852508545e-01
0.000000000000000000e+00,3.106834411621093750e+00,2.798937261104583740e-01,0.000000000000000000e+00,-1.104186177253723145e-01,2.408919781446456909e-01
0.000000000000000000e+00,3.095900774002075195e+00,8.308918774127960205e-02,0.000000000000000000e+00,7.338172197341918945e-01,3.209969997406005859e-01
0.000000000000000000e+00,-2.548672437667846680e+00,-6.047076582908630371e-01,0.000000000000000000e+00,5.859127640724182129e-01,1.577952504158020020e-01
0.000000000000000000e+00,1.609198212623596191e+00,1.485652476549148560e-01,0.000000000000000000e+00,3.777544200420379639e-02,-1.401908136904239655e-02
0.000000000000000000e+00,9.572240710258483887e-01,-3.451792895793914795e-02,0.000000000000000000e+00,6.524849683046340942e-02,1.650816500186920166e-01
0.000000000000000000e+00,1.368266642093658447e-01,-1.326964020729064941e+00,0.000000000000000000e+00,-3.945193290710449219e-01,5.979404449462890625e-01
0.000000000000000000e+00,6.085631251335144043e-01,-3.345243036746978760e-01,0.000000000000000000e+00,-2.621337771415710449e-01,6.154497265815734863e-01
0.000000000000000000e+00,5.103854537010192871e-01,-7.703310847282409668e-01,0.000000000000000000e+00,-2.540342092514038086e+00,6.587984561920166016e-01
0.000000000000000000e+00,-2.584494650363922119e-01,4.765125215053558350e-01,0.000000000000000000e+00,1.156605720520019531e+00,-1.128846645355224609e+00
0.000000000000000000e+00,-2.230431318283081055e+00,4.517634809017181396e-01,0.000000000000000000e+00,-1.051792502403259277e-01,-3.152764737606048584e-01
0.000000000000000000e+00,6.221683695912361145e-03,1.033505320549011230e+00,0.000000000000000000e+00,1.044135570526123047e+00,-1.500478982925415039e-01
0.000000000000000000e+00,2.853623390197753906e+00,-1.090665698051452637e+00,0.000000000000000000e+00,7.221097946166992188e-01,1.403749942779541016e+01
0.000000000000000000e+00,1.094707131385803223e+00,6.239338219165802002e-02,0.000000000000000000e+00,1.355386525392532349e-01,5.358693376183509827e-02
0.000000000000000000e+00,1.828788161277770996e+00,7.807267308235168457e-01,0.000000000000000000e+00,4.306726157665252686e-03,-6.778389215469360352e-02
0.000000000000000000e+00,-7.685090899467468262e-01,-6.275667548179626465e-01,0.000000000000000000e+00,-3.253917396068572998e-02,6.184006482362747192e-02
0.000000000000000000e+00,9.848132729530334473e-02,8.502446413040161133e-01,0.000000000000000000e+00,3.980426311492919922e+00,2.899741172790527344e+00
0.000000000000000000e+00,-1.757465958595275879e+00,-5.380603671073913574e-01,0.000000000000000000e+00,3.517754375934600830e-02,-9.709775447845458984e-03
0.000000000000000000e+00,4.042922556400299072e-01,6.430128812789916992e-01,0.000000000000000000e+00,5.553293824195861816e-01,-5.928876399993896484e-01
0.000000000000000000e+00,-1.359134793281555176e+00,3.461072146892547607e-01,0.000000000000000000e+00,5.526572093367576599e-02,-5.591423064470291138e-02
0.000000000000000000e+00,1.683947920799255371e+00,-3.946752846240997314e-01,0.000000000000000000e+00,1.665440574288368225e-02,1.139160245656967163e-03
0.000000000000000000e+00,2.122146189212799072e-01,-6.233374476432800293e-01,0.000000000000000000e+00,-3.281098842620849609e+00,2.498670101165771484e+00
0.000000000000000000e+00,-3.896428644657135010e-01,-1.255565524101257324e+00,0.000000000000000000e+00,-2.773069143295288086e-01,3.617428541183471680e-01
0.000000000000000000e+00,-1.427489280700683594e+00,1.872663050889968872e-01,0.000000000000000000e+00,-7.746987044811248779e-02,3.621705994009971619e-02
0.000000000000000000e+00,-1.950064420700073242e+00,-1.236071705818176270e+00,0.000000000000000000e+00,-2.191740989685058594e+00,1.525521278381347656e-02
0.000000000000000000e+00,-1.065063595771789551e+00,-4.539899528026580811e-02,0.000000000000000000e+00,-2.433456480503082275e-02,5.218732357025146484e-02
0.000000000000000000e+00,1.495790481567382812e+00,6.567409634590148926e-01,0.000000000000000000e+00,2.739544957876205444e-02,-6.400911137461662292e-03
0.000000000000000000e+00,2.066359758377075195e+00,1.076030135154724121e+00,0.000000000000000000e+00,2.346186786890029907e-01,-3.572839498519897461e-02
0.000000000000000000e+00,-1.307370424270629883e+00,-4.759584963321685791e-01,0.000000000000000000e+00,-7.541055977344512939e-02,4.088381677865982056e-02
0.000000000000000000e+00,1.087807774543762207e+00,-5.337232947349548340e-01,0.000000000000000000e+00,-5.847544968128204346e-02,1.007630601525306702e-01
0.000000000000000000e+00,1.974894762039184570e+00,5.945105850696563721e-02,0.000000000000000000e+00,-4.989839345216751099e-02,9.642858058214187622e-04
0.000000000000000000e+00,-2.202539920806884766e+00,2.528404891490936279e-01,0.000000000000000000e+00,-4.174986481666564941e-02,2.976183593273162842e-02
0.000000000000000000e+00,2.260162115097045898e+00,-9.469518065452575684e-01,0.000000000000000000e+00,9.734444618225097656e-01,1.931525349617004395e+00
0.000000000000000000e+00,-1.429158747196197510e-01,1.183803677558898926e+00,0.000000000000000000e+00,-2.302690029144287109e+00,-2.985402584075927734e+00
0.000000000000000000e+00,1.376947164535522461e+00,-2.431422919034957886e-01,0.000000000000000000e+00,-4.317814856767654419e-02,8.642073720693588257e-03
0.000000000000000000e+00,-1.066762566566467285e+00,-1.022527813911437988e+00,0.000000000000000000e+00,3.668701648712158203e-02,1.603564620018005371e-02
0.000000000000000000e+00,4.057277739048004150e-01,1.568971425294876099e-01,0.000000000000000000e+00,-1.817868590354919434e+00,-3.844344913959503174e-01
0.000000000000000000e+00,2.179672241210937500e+00,-1.344430893659591675e-01,0.000000000000000000e+00,5.374588817358016968e-02,6.447824090719223022e-02
0.000000000000000000e+00,2.002114057540893555e+00,-3.173390924930572510e-01,0.000000000000000000e+00,-3.731261193752288818e-02,-1.193823572248220444e-02
0.000000000000000000e+00,-1.743463277816772461e+00,3.543935716152191162e-01,0.000000000000000000e+00,-2.478054165840148926e-02,-1.820375211536884308e-02
0.000000000000000000e+00,-2.414310693740844727e+00,1.325772404670715332e+00,0.000000000000000000e+00,-1.344195246696472168e+00,-1.577842473983764648e+00
0.000000000000000000e+00,1.476234078407287598e+00,-1.127123236656188965e+00,0.000000000000000000e+00,3.130633831024169922e-01,7.790619134902954102e-01
0.000000000000000000e+00,2.976175308227539062e+00,-2.273682802915573120e-01,0.000000000000000000e+00,1.170658320188522339e-01,-2.195750474929809570e-01
0.000000000000000000e+00,-2.632951498031616211e+00,2.610987126827239990e-01,0.000000000000000000e+00,-1.428074359893798828e+00,2.624951004981994629e-01
0.000000000000000000e+00,-7.256018519401550293e-01,4.785223901271820068e-01,0.000000000000000000e+00,1.192363649606704712e-01,8.894521743059158325e-02
0.000000000000000000e+00,2.313183069229125977e+00,9.847600460052490234e-01,0.000000000000000000e+00,1.959389597177505493e-01,-1.181629598140716553e-01
0.000000000000000000e+00,2.062710762023925781e+00,-8.521491885185241699e-01,0.000000000000000000e+00,4.869719147682189941e-01,6.892913579940795898e-01
0.000000000000000000e+00,4.521967470645904541e-01,4.928362071514129639e-01,0.000000000000000000e+00,2.439268231391906738e-01,-6.822504997253417969e-01
0.000000000000000000e+00,2.368309020996093750e+00,-1.341027617454528809e+00,0.000000000000000000e+00,-4.516825675964355469e-01,7.582542419433593750e+00
0.000000000000000000e+00,2.007802248001098633e+00,-1.136781424283981323e-01,0.000000000000000000e+00,8.346987515687942505e-02,6.003259122371673584e-02
0.000000000000000000e+00,-1.668599247932434082e+00,-1.128837227821350098e+00,0.000000000000000000e+00,-8.628543615341186523e-01,-1.243655681610107422e-01
0.000000000000000000e+00,1.761821866035461426e+00,1.146172761917114258e+00,0.000000000000000000e+00,1.457089334726333618e-01,-1.394551098346710205e-01
0.000000000000000000e+00,-1.762719988822937012e+00,5.400286316871643066e-01,0.000000000000000000e+00,-1.697942614555358887e-02,-7.222720980644226074e-02
0.000000000000000000e+00,-2.935292005538940430e+00,-6.355890631675720215e-01,0.000000000000000000e+00,2.898445606231689453e+00,-1.030729532241821289e+00
0.000000000000000000e+00,2.225753366947174072e-01,2.504027783870697021e-01,0.000000000000000000e+00,-2.027241230010986328e+00,-1.391177535057067871e+00
0.000000000000000000e+00,1.490749955177307129e+00,4.982812702655792236e-02,0.000000000000000000e+00,-1.722366735339164734e-02,-9.029367007315158844e-03
0.000000000000000000e+00,3.105095624923706055e+00,-1.005985379219055176e+00,0.000000000000000000e+00,2.454268932342529297e-02,1.201472377777099609e+01
0.000000000000000000e+00,2.265353918075561523e+00,1.499070674180984497e-01,0.000000000000000000e+00,-1.703485846519470215e-03,-3.478714823722839355e-02
0.000000000000000000e+00,-2.743597745895385742e+00,-9.280032515525817871e-01,0.000000000000000000e+00,-8.434526920318603516e-01,4.722846508026123047e+00
0.000000000000000000e+00,5.455686450004577637e-01,1.263566732406616211e+00,0.000000000000000000e+00,-1.718347072601318359e+00,1.367052793502807617e-01
0.000000000000000000e+00,3.106935262680053711e+00,-9.004454314708709717e-02,0.000000000000000000e+00,1.251005828380584717e-01,-4.466784745454788208e-02
0.000000000000000000e+00,1.531585454940795898e+00,-2.914041578769683838e-01,0.000000000000000000e+00,8.382146060466766357e-02,1.349361836910247803e-01
0.000000000000000000e+00,-2.642621099948883057e-01,-1.113098263740539551e+00,0.000000000000000000e+00,-6.388001441955566406e-01,7.321190834045410156e-01
0.000000000000000000e+00,-2.598570585250854492e+00,1.165878415107727051e+00,0.000000000000000000e+00,-2.938032150268554688e+00,-3.088371276855468750e+00
0.000000000000000000e+00,2.750416755676269531e+00,-6.668125987052917480e-01,0.000000000000000000e+00,5.723540782928466797e-01,6.157680153846740723e-01
0.000000000000000000e+00,1.990580320358276367e+00,-7.048210501670837402e-01,0.000000000000000000e+00,3.703896999359130859e-01,4.640496373176574707e-01
0.000000000000000000e+00,-5.880300402641296387e-01,-4.134444892406463623e-02,0.000000000000000000e+00,-2.415871620178222656e-02,-5.999029800295829773e-02
0.000000000000000000e+00,7.155300974845886230e-01,1.692500859498977661e-01,0.000000000000000000e+00,-2.551867663860321045e-01,-1.722014844417572021e-01
0.000000000000000000e+00,3.086263179779052734e+00,1.036265611648559570e+00,0.000000000000000000e+00,-8.770522475242614746e-01,-1.716494202613830566e+00
0.000000000000000000e+00,-9.794136881828308105e-01,-8.502489924430847168e-01,0.000000000000000000e+00,1.114159822463989258e-02,1.540761590003967285e-01
0.000000000000000000e+00,-5.846058726310729980e-01,-2.434244602918624878e-01,0.000000000000000000e+00,-5.815769731998443604e-02,1.839928179979324341e-01
0.000000000000000000e+00,-1.634643793106079102e+00,-1.421850562095642090e+00,0.000000000000000000e+00,-1.270234346389770508e+00,-1.973550081253051758e+00
0.000000000000000000e+00,-1.071786522865295410e+00,6.392342448234558105e-01,0.000000000000000000e+00,-7.270800322294235229e-02,-6.371191889047622681e-02
0.000000000000000000e+00,-9.274606108665466309e-01,3.915352523326873779e-01,0.000000000000000000e+00,2.183715999126434326e-02,1.392234861850738525e-01
